"","wavenumber","spectra"
"spectra1",675,0.239059101037129
"spectra2",676,0.239401468388301
"spectra3",677,0.239842529460581
"spectra4",678,0.24014713378967
"spectra5",679,0.240177131964323
"spectra6",680,0.240047344439834
"spectra7",681,0.239966764467953
"spectra8",682,0.240005206637627
"spectra9",683,0.240120712033195
"spectra10",684,0.240315200539307
"spectra11",685,0.240629957373989
"spectra12",686,0.241043576493776
"spectra13",687,0.241502122173823
"spectra14",688,0.242011667897138
"spectra15",689,0.242609729075073
"spectra16",690,0.243302422464219
"spectra17",691,0.244119324014932
"spectra18",692,0.245149928639569
"spectra19",693,0.246448030325659
"spectra20",694,0.24795568900871
"spectra21",695,0.249580953172957
"spectra22",696,0.251308279817465
"spectra23",697,0.253190160929075
"spectra24",698,0.255273608150145
"spectra25",699,0.257553027504667
"spectra26",700,0.259941858606387
"spectra27",701,0.262274996556731
"spectra28",702,0.264375707156192
"spectra29",703,0.266154440809129
"spectra30",704,0.267594370566273
"spectra31",705,0.268711954283344
"spectra32",706,0.269573692116183
"spectra33",707,0.270327834287492
"spectra34",708,0.27117080553827
"spectra35",709,0.272283888112033
"spectra36",710,0.273826090956233
"spectra37",711,0.27597003186061
"spectra38",712,0.278886029377593
"spectra39",713,0.282701695084007
"spectra40",714,0.287539405641983
"spectra41",715,0.293587511447532
"spectra42",716,0.301046965671023
"spectra43",717,0.310212760597262
"spectra44",718,0.321806181418498
"spectra45",719,0.337071297324206
"spectra46",720,0.357189624201576
"spectra47",721,0.382533608606387
"spectra48",722,0.412751994088363
"spectra49",723,0.446911054417254
"spectra50",724,0.481681088718374
"spectra51",725,0.50863099952292
"spectra52",726,0.5163232410618
"spectra53",727,0.499813017192037
"spectra54",728,0.466697555942751
"spectra55",729,0.430199635892116
"spectra56",730,0.398031286060983
"spectra57",731,0.370437268077162
"spectra58",732,0.344778646016597
"spectra59",733,0.319310939493881
"spectra60",734,0.293738039016801
"spectra61",735,0.268482828630705
"spectra62",736,0.24453082078407
"spectra63",737,0.223249223127982
"spectra64",738,0.205703296514523
"spectra65",739,0.192305351960175
"spectra66",740,0.183033871437461
"spectra67",741,0.177597221493776
"spectra68",742,0.17537474967849
"spectra69",743,0.175454121236002
"spectra70",744,0.177075789755288
"spectra71",745,0.179745088550093
"spectra72",746,0.183011879552053
"spectra73",747,0.186416398714226
"spectra74",748,0.189647096204107
"spectra75",749,0.19251918900871
"spectra76",750,0.194777154168395
"spectra77",751,0.196118911180253
"spectra78",752,0.19644196992949
"spectra79",753,0.195889287142265
"spectra80",754,0.194684894959552
"spectra81",755,0.193090841099585
"spectra82",756,0.191446719767683
"spectra83",757,0.190018844886953
"spectra84",758,0.188839531452282
"spectra85",759,0.187806620348475
"spectra86",760,0.186853441381456
"spectra87",761,0.185936500290456
"spectra88",762,0.184970513213026
"spectra89",763,0.183894806533914
"spectra90",764,0.18273476659751
"spectra91",765,0.181527799813317
"spectra92",766,0.180268726197884
"spectra93",767,0.17898200840249
"spectra94",768,0.177752814436839
"spectra95",769,0.176637962214849
"spectra96",770,0.175624828204065
"spectra97",771,0.174713069964738
"spectra98",772,0.173933393384488
"spectra99",773,0.173284516715056
"spectra100",774,0.172742777141672
"spectra101",775,0.172332479095811
"spectra102",776,0.172100824346744
"spectra103",777,0.172027736216553
"spectra104",778,0.172041704603899
"spectra105",779,0.172121969120697
"spectra106",780,0.172307372640531
"spectra107",781,0.172615914350892
"spectra108",782,0.173018795395146
"spectra109",783,0.173490369549886
"spectra110",784,0.174032778983402
"spectra111",785,0.174670963410081
"spectra112",786,0.175458657809583
"spectra113",787,0.176466902282158
"spectra114",788,0.177723385148309
"spectra115",789,0.179186987969301
"spectra116",790,0.180800670518672
"spectra117",791,0.182533409458619
"spectra118",792,0.184336857809583
"spectra119",793,0.186067428215768
"spectra120",794,0.187447456087949
"spectra121",795,0.18809981829496
"spectra122",796,0.187717982165077
"spectra123",797,0.186398841505912
"spectra124",798,0.184695159311489
"spectra125",799,0.183271912774782
"spectra126",800,0.182495915121344
"spectra127",801,0.182369257258399
"spectra128",802,0.18270206642472
"spectra129",803,0.183242664384982
"spectra130",804,0.18374074939859
"spectra131",805,0.184052919742845
"spectra132",806,0.184212648247252
"spectra133",807,0.184329806947325
"spectra134",808,0.184464813313978
"spectra135",809,0.184646790976976
"spectra136",810,0.184924202614108
"spectra137",811,0.185305519394317
"spectra138",812,0.185717685275819
"spectra139",813,0.186069529599668
"spectra140",814,0.186307312507778
"spectra141",815,0.18638668961012
"spectra142",816,0.186276281103505
"spectra143",817,0.186023175689691
"spectra144",818,0.185740974948154
"spectra145",819,0.185515419850653
"spectra146",820,0.185382257083593
"spectra147",821,0.185383800062215
"spectra148",822,0.185551272785729
"spectra149",823,0.185841289545737
"spectra150",824,0.186171824828874
"spectra151",825,0.186533095913711
"spectra152",826,0.186967429578926
"spectra153",827,0.187486005247874
"spectra154",828,0.188079329122589
"spectra155",829,0.188779492387471
"spectra156",830,0.189618416262186
"spectra157",831,0.190548076291226
"spectra158",832,0.191485076602365
"spectra159",833,0.192428057249533
"spectra160",834,0.193454907508816
"spectra161",835,0.194609443683883
"spectra162",836,0.195842524745903
"spectra163",837,0.197060601680149
"spectra164",838,0.198200512505185
"spectra165",839,0.199270983654843
"spectra166",840,0.200345854615225
"spectra167",841,0.201478068768146
"spectra168",842,0.202611306533914
"spectra169",843,0.203625740987347
"spectra170",844,0.20448362040647
"spectra171",845,0.205258760381664
"spectra172",846,0.206015676042315
"spectra173",847,0.206739673828287
"spectra174",848,0.207408815805849
"spectra175",849,0.208052308317776
"spectra176",850,0.208714604542626
"spectra177",851,0.209412917299315
"spectra178",852,0.210157206305746
"spectra179",853,0.210967389545737
"spectra180",854,0.211860021323377
"spectra181",855,0.212836492034848
"spectra182",856,0.213873786932172
"spectra183",857,0.214918291910392
"spectra184",858,0.215923266811865
"spectra185",859,0.216912145198092
"spectra186",860,0.217974692968264
"spectra187",861,0.219190485169052
"spectra188",862,0.220589044575814
"spectra189",863,0.222197718709811
"spectra190",864,0.224095135296557
"spectra191",865,0.226422636963286
"spectra192",866,0.229401778116573
"spectra193",867,0.233364733409374
"spectra194",868,0.238781152271313
"spectra195",869,0.246079380709396
"spectra196",870,0.255004343633347
"spectra197",871,0.263794706285003
"spectra198",872,0.269247387015142
"spectra199",873,0.268582362214849
"spectra200",874,0.261849674299938
"spectra201",875,0.252039361916615
"spectra202",876,0.242527498175031
"spectra203",877,0.234815716324414
"spectra204",878,0.228621163410081
"spectra205",879,0.223318393528314
"spectra206",880,0.218653071935283
"spectra207",881,0.214633844575814
"spectra208",882,0.211334513192284
"spectra209",883,0.208827029184816
"spectra210",884,0.207122539991703
"spectra211",885,0.206173752437254
"spectra212",886,0.205967007571043
"spectra213",887,0.206511605476042
"spectra214",888,0.207694696701929
"spectra215",889,0.209267040302842
"spectra216",890,0.211022019493986
"spectra217",891,0.212892870669985
"spectra218",892,0.21483804100809
"spectra219",893,0.216786823060971
"spectra220",894,0.218729119933624
"spectra221",895,0.220728047168637
"spectra222",896,0.222811987017835
"spectra223",897,0.224975574673304
"spectra224",898,0.227269163368596
"spectra225",899,0.229746750228121
"spectra226",900,0.23233252704833
"spectra227",901,0.234873786309894
"spectra228",902,0.23732203164662
"spectra229",903,0.239730404791537
"spectra230",904,0.242098182887368
"spectra231",905,0.244372185583904
"spectra232",906,0.24657681163659
"spectra233",907,0.248814048112816
"spectra234",908,0.251199948807301
"spectra235",909,0.253890698838415
"spectra236",910,0.257078552695977
"spectra237",911,0.26084416011201
"spectra238",912,0.26503602473029
"spectra239",913,0.269310389400539
"spectra240",914,0.273188211180253
"spectra241",915,0.276074855435685
"spectra242",916,0.277471635407592
"spectra243",917,0.277339202675238
"spectra244",918,0.276167036851929
"spectra245",919,0.274616804293715
"spectra246",920,0.273243514682704
"spectra247",921,0.272494856988801
"spectra248",922,0.272653123791744
"spectra249",923,0.273744310306927
"spectra250",924,0.275627722978017
"spectra251",925,0.278159980958307
"spectra252",926,0.281180632766487
"spectra253",927,0.284420273372045
"spectra254",928,0.287586935366107
"spectra255",929,0.290505259933638
"spectra256",930,0.293047723060971
"spectra257",931,0.295018117423771
"spectra258",932,0.296308850124481
"spectra259",933,0.296976646733043
"spectra260",934,0.297080332296204
"spectra261",935,0.296554638174274
"spectra262",936,0.295354640116158
"spectra263",937,0.293576758390375
"spectra264",938,0.291370032863071
"spectra265",939,0.288877701244555
"spectra266",940,0.286301388591578
"spectra267",941,0.283860180580913
"spectra268",942,0.281646273615432
"spectra269",943,0.279644423646546
"spectra270",944,0.277881736706761
"spectra271",945,0.276417078303257
"spectra272",946,0.275216556408129
"spectra273",947,0.274197636851929
"spectra274",948,0.273336454698195
"spectra275",949,0.272641150808793
"spectra276",950,0.272080850642887
"spectra277",951,0.271634785749844
"spectra278",952,0.271337847366238
"spectra279",953,0.271199550456242
"spectra280",954,0.271154715619166
"spectra281",955,0.271157084363335
"spectra282",956,0.271219996557445
"spectra283",957,0.271317127504667
"spectra284",958,0.271370076721992
"spectra285",959,0.271394340883634
"spectra286",960,0.271509361812902
"spectra287",961,0.271777639170124
"spectra288",962,0.272165101617922
"spectra289",963,0.272655842667496
"spectra290",964,0.273264796576764
"spectra291",965,0.273938687035885
"spectra292",966,0.274598787429994
"spectra293",967,0.275278341410788
"spectra294",968,0.276082189898361
"spectra295",969,0.277019370006223
"spectra296",970,0.278014629419087
"spectra297",971,0.279048546172993
"spectra298",972,0.280158783036085
"spectra299",973,0.281346554209871
"spectra300",974,0.282630507985895
"spectra301",975,0.284123741621734
"spectra302",976,0.285944725031107
"spectra303",977,0.288121861149139
"spectra304",978,0.290661690294484
"spectra305",979,0.293605104894235
"spectra306",980,0.29692890746733
"spectra307",981,0.300506138759851
"spectra308",982,0.304241351990875
"spectra309",983,0.308126468409044
"spectra310",984,0.312101907714641
"spectra311",985,0.316028872930927
"spectra312",986,0.3198819674134
"spectra313",987,0.323775865103734
"spectra314",988,0.327745318440158
"spectra315",989,0.331693105289359
"spectra316",990,0.335571092157676
"spectra317",991,0.339394191433313
"spectra318",992,0.343059489068658
"spectra319",993,0.346371221784232
"spectra320",994,0.349262243186061
"spectra321",995,0.351783268906866
"spectra322",996,0.353909405726141
"spectra323",997,0.355566852520224
"spectra324",998,0.356797253318125
"spectra325",999,0.357696191372874
"spectra326",1000,0.358285153217103
"spectra327",1001,0.358654986956522
"spectra328",1002,0.35907452033195
"spectra329",1003,0.35977296846473
"spectra330",1004,0.360785052282158
"spectra331",1005,0.362154024223602
"spectra332",1006,0.364091909128631
"spectra333",1007,0.366795469294606
"spectra334",1008,0.370303094190871
"spectra335",1009,0.374656020746888
"spectra336",1010,0.379970286956522
"spectra337",1011,0.386269148962655
"spectra338",1012,0.393427662655602
"spectra339",1013,0.401306556846473
"spectra340",1014,0.40947508506224
"spectra341",1015,0.416554036514523
"spectra342",1016,0.420309723651452
"spectra343",1017,0.41907801659751
"spectra344",1018,0.413037554771784
"spectra345",1019,0.404143043775934
"spectra346",1020,0.395074095435685
"spectra347",1021,0.387943312448133
"spectra348",1022,0.383511930434783
"spectra349",1023,0.381226321991701
"spectra350",1024,0.380035295020747
"spectra351",1025,0.379065832365145
"spectra352",1026,0.377676747826087
"spectra353",1027,0.375338891078838
"spectra354",1028,0.371775022821577
"spectra355",1029,0.367109169709543
"spectra356",1030,0.36168552484472
"spectra357",1031,0.355907435684648
"spectra358",1032,0.350263617842324
"spectra359",1033,0.345218970124481
"spectra360",1034,0.34094001863354
"spectra361",1035,0.337300908298755
"spectra362",1036,0.334168639211618
"spectra363",1037,0.331483747095435
"spectra364",1038,0.329136422406639
"spectra365",1039,0.326984045228216
"spectra366",1040,0.324967411618257
"spectra367",1041,0.323074103319502
"spectra368",1042,0.321215522821577
"spectra369",1043,0.319334930705394
"spectra370",1044,0.317497201659751
"spectra371",1045,0.315750768672199
"spectra372",1046,0.313993459958506
"spectra373",1047,0.31214003153527
"spectra374",1048,0.31026856846473
"spectra375",1049,0.308501802074689
"spectra376",1050,0.30685026846473
"spectra377",1051,0.305294972670808
"spectra378",1052,0.303848613485477
"spectra379",1053,0.302455662655602
"spectra380",1054,0.300990106016597
"spectra381",1055,0.299417658385093
"spectra382",1056,0.297793093775934
"spectra383",1057,0.296096619917012
"spectra384",1058,0.294269825311203
"spectra385",1059,0.292390166045549
"spectra386",1060,0.2906358093361
"spectra387",1061,0.289094940248963
"spectra388",1062,0.287782809543569
"spectra389",1063,0.286809716149068
"spectra390",1064,0.28636535186722
"spectra391",1065,0.28658671286307
"spectra392",1066,0.287597017427386
"spectra393",1067,0.289560051037344
"spectra394",1068,0.292581762033195
"spectra395",1069,0.29657770560166
"spectra396",1070,0.301365451452282
"spectra397",1071,0.306819840248963
"spectra398",1072,0.31273932033195
"spectra399",1073,0.318726163070539
"spectra400",1074,0.324317203319502
"spectra401",1075,0.329234185892117
"spectra402",1076,0.33328838340249
"spectra403",1077,0.336271198547718
"spectra404",1078,0.338089056846473
"spectra405",1079,0.33889480560166
"spectra406",1080,0.338900863485477
"spectra407",1081,0.338210328630705
"spectra408",1082,0.336953882987552
"spectra409",1083,0.335344656431535
"spectra410",1084,0.333537563975155
"spectra411",1085,0.331625484647303
"spectra412",1086,0.329788013900415
"spectra413",1087,0.328280633195021
"spectra414",1088,0.327311357142857
"spectra415",1089,0.327080221576764
"spectra416",1090,0.327858152282158
"spectra417",1091,0.329842856431535
"spectra418",1092,0.333017451244814
"spectra419",1093,0.33729301286307
"spectra420",1094,0.342591134232365
"spectra421",1095,0.348747947717843
"spectra422",1096,0.355370589211618
"spectra423",1097,0.362018660165975
"spectra424",1098,0.368357054771784
"spectra425",1099,0.373896534854772
"spectra426",1100,0.377920078838174
"spectra427",1101,0.379831556639004
"spectra428",1102,0.379426027178423
"spectra429",1103,0.37667837593361
"spectra430",1104,0.371587555809129
"spectra431",1105,0.364322245643153
"spectra432",1106,0.355187753112034
"spectra433",1107,0.344611370954357
"spectra434",1108,0.333297236099585
"spectra435",1109,0.322525085477178
"spectra436",1110,0.313855407883818
"spectra437",1111,0.308554981950208
"spectra438",1112,0.307087539626556
"spectra439",1113,0.309041283022774
"spectra440",1114,0.313285595435684
"spectra441",1115,0.318317360995851
"spectra442",1116,0.322745386307054
"spectra443",1117,0.325619904761905
"spectra444",1118,0.326413381742739
"spectra445",1119,0.324917126556016
"spectra446",1120,0.321383716182573
"spectra447",1121,0.316557701659751
"spectra448",1122,0.311160480082987
"spectra449",1123,0.305631134854772
"spectra450",1124,0.300156723236515
"spectra451",1125,0.294794997095436
"spectra452",1126,0.289512158091286
"spectra453",1127,0.284274449170125
"spectra454",1128,0.279248676763486
"spectra455",1129,0.274767297095436
"spectra456",1130,0.271147341078838
"spectra457",1131,0.268566989211618
"spectra458",1132,0.267103539419087
"spectra459",1133,0.26671242194617
"spectra460",1134,0.267161118257261
"spectra461",1135,0.268150585477178
"spectra462",1136,0.269430598962656
"spectra463",1137,0.270805391493776
"spectra464",1138,0.272086478838174
"spectra465",1139,0.27313903153527
"spectra466",1140,0.273933219087137
"spectra467",1141,0.274506251452282
"spectra468",1142,0.274893521118012
"spectra469",1143,0.275144100622407
"spectra470",1144,0.27532364813278
"spectra471",1145,0.275448865560166
"spectra472",1146,0.275489693775934
"spectra473",1147,0.275474965145228
"spectra474",1148,0.275519637759336
"spectra475",1149,0.275717747717842
"spectra476",1150,0.27610703153527
"spectra477",1151,0.276732448755187
"spectra478",1152,0.277642031950207
"spectra479",1153,0.278822019294606
"spectra480",1154,0.280217280952381
"spectra481",1155,0.281812738174274
"spectra482",1156,0.28359986473029
"spectra483",1157,0.285477409128631
"spectra484",1158,0.287272392116182
"spectra485",1159,0.288845885062241
"spectra486",1160,0.290106374273859
"spectra487",1161,0.290955751452282
"spectra488",1162,0.29131721242236
"spectra489",1163,0.291172560995851
"spectra490",1164,0.290511543153527
"spectra491",1165,0.289310662655602
"spectra492",1166,0.287612239834025
"spectra493",1167,0.285544705809128
"spectra494",1168,0.283211434647303
"spectra495",1169,0.280669190041494
"spectra496",1170,0.278007686929461
"spectra497",1171,0.275369236438923
"spectra498",1172,0.272839048962656
"spectra499",1173,0.270432006639004
"spectra500",1174,0.268168415352697
"spectra501",1175,0.266095054979253
"spectra502",1176,0.264215385684647
"spectra503",1177,0.262491996058091
"spectra504",1178,0.260872966390041
"spectra505",1179,0.259275861410788
"spectra506",1180,0.257571204979253
"spectra507",1181,0.255682750207469
"spectra508",1182,0.253644010373444
"spectra509",1183,0.251509180952381
"spectra510",1184,0.249250616182573
"spectra511",1185,0.246823490041494
"spectra512",1186,0.244267840248963
"spectra513",1187,0.241691525465839
"spectra514",1188,0.239195982157676
"spectra515",1189,0.236845546473029
"spectra516",1190,0.234688998340249
"spectra517",1191,0.232737232505176
"spectra518",1192,0.230988156846473
"spectra519",1193,0.22947961846473
"spectra520",1194,0.228281402074689
"spectra521",1195,0.2274308
"spectra522",1196,0.226936009543568
"spectra523",1197,0.226829477593361
"spectra524",1198,0.227156442738589
"spectra525",1199,0.227902880912863
"spectra526",1200,0.228998773443983
"spectra527",1201,0.23039139813278
"spectra528",1202,0.232038230290457
"spectra529",1203,0.233842534232365
"spectra530",1204,0.235622360580913
"spectra531",1205,0.237160526556017
"spectra532",1206,0.238225946887967
"spectra533",1207,0.238626373858921
"spectra534",1208,0.238320226348548
"spectra535",1209,0.237492346680498
"spectra536",1210,0.236482368879668
"spectra537",1211,0.235630982572614
"spectra538",1212,0.235185347826087
"spectra539",1213,0.235256814107884
"spectra540",1214,0.235801670539419
"spectra541",1215,0.236652219917012
"spectra542",1216,0.23766289689441
"spectra543",1217,0.238766380497925
"spectra544",1218,0.239932418257261
"spectra545",1219,0.241130914937759
"spectra546",1220,0.242365976811594
"spectra547",1221,0.243685796680498
"spectra548",1222,0.245135502489627
"spectra549",1223,0.246745765560166
"spectra550",1224,0.248571281327801
"spectra551",1225,0.25068027780083
"spectra552",1226,0.253108241908714
"spectra553",1227,0.255855808298755
"spectra554",1228,0.258953933333333
"spectra555",1229,0.262455150622407
"spectra556",1230,0.266405706639004
"spectra557",1231,0.270829930290456
"spectra558",1232,0.275760491304348
"spectra559",1233,0.281196284647303
"spectra560",1234,0.287063667219917
"spectra561",1235,0.293254684024896
"spectra562",1236,0.299692336721992
"spectra563",1237,0.30628081659751
"spectra564",1238,0.312897878838174
"spectra565",1239,0.319417687966805
"spectra566",1240,0.325775275933611
"spectra567",1241,0.331884817634855
"spectra568",1242,0.337651260580913
"spectra569",1243,0.342995611618258
"spectra570",1244,0.347870542116182
"spectra571",1245,0.3521588
"spectra572",1246,0.355716170954357
"spectra573",1247,0.358478143153527
"spectra574",1248,0.360490836514523
"spectra575",1249,0.361794724223603
"spectra576",1250,0.362393948962656
"spectra577",1251,0.36230198713693
"spectra578",1252,0.361547001452282
"spectra579",1253,0.36015977219917
"spectra580",1254,0.358242528215768
"spectra581",1255,0.356018435684647
"spectra582",1256,0.353745186307054
"spectra583",1257,0.351612360455486
"spectra584",1258,0.349789328215768
"spectra585",1259,0.348493836929461
"spectra586",1260,0.347971534647303
"spectra587",1261,0.348402062732919
"spectra588",1262,0.349827217427386
"spectra589",1263,0.352093256846473
"spectra590",1264,0.354814557261411
"spectra591",1265,0.357445153526971
"spectra592",1266,0.359438631950207
"spectra593",1267,0.360351403941909
"spectra594",1268,0.359791551037345
"spectra595",1269,0.357549230705394
"spectra596",1270,0.353627046473029
"spectra597",1271,0.348214195435684
"spectra598",1272,0.341645058091287
"spectra599",1273,0.334309089211618
"spectra600",1274,0.326541699377593
"spectra601",1275,0.31849932240664
"spectra602",1276,0.310264861825726
"spectra603",1277,0.301925135684647
"spectra604",1278,0.29356811904762
"spectra605",1279,0.285186879253112
"spectra606",1280,0.276742440248963
"spectra607",1281,0.268213963070539
"spectra608",1282,0.259587087577641
"spectra609",1283,0.250842005186722
"spectra610",1284,0.241966704564315
"spectra611",1285,0.232988009751037
"spectra612",1286,0.223874178881988
"spectra613",1287,0.214570604564315
"spectra614",1288,0.2051416219917
"spectra615",1289,0.195801468879669
"spectra616",1290,0.186759417598344
"spectra617",1291,0.17814776846473
"spectra618",1292,0.170125912448133
"spectra619",1293,0.162872677178423
"spectra620",1294,0.156500228838174
"spectra621",1295,0.151067165560166
"spectra622",1296,0.146558209543569
"spectra623",1297,0.14293448879668
"spectra624",1298,0.140067821991701
"spectra625",1299,0.13781232406639
"spectra626",1300,0.136054964522822
"spectra627",1301,0.134697878215768
"spectra628",1302,0.133622563278008
"spectra629",1303,0.13273097593361
"spectra630",1304,0.131960460995851
"spectra631",1305,0.131262682157676
"spectra632",1306,0.130603954356847
"spectra633",1307,0.130000334161491
"spectra634",1308,0.129498109543568
"spectra635",1309,0.129123658713693
"spectra636",1310,0.128880702282158
"spectra637",1311,0.128786416356108
"spectra638",1312,0.128870865975104
"spectra639",1313,0.129171478838174
"spectra640",1314,0.129748626556017
"spectra641",1315,0.130664993995859
"spectra642",1316,0.131923602697095
"spectra643",1317,0.133446876970954
"spectra644",1318,0.135106819917012
"spectra645",1319,0.136712963354037
"spectra646",1320,0.137973147717842
"spectra647",1321,0.1385451
"spectra648",1322,0.138175653526971
"spectra649",1323,0.136839803726708
"spectra650",1324,0.13470332219917
"spectra651",1325,0.132098515560166
"spectra652",1326,0.129411546058091
"spectra653",1327,0.126916377385892
"spectra654",1328,0.12473078340249
"spectra655",1329,0.12288625560166
"spectra656",1330,0.121414728630706
"spectra657",1331,0.120334830290456
"spectra658",1332,0.119622164522822
"spectra659",1333,0.119216078630705
"spectra660",1334,0.119066000207469
"spectra661",1335,0.119146793995859
"spectra662",1336,0.119430455186722
"spectra663",1337,0.119874020746888
"spectra664",1338,0.120444651037344
"spectra665",1339,0.121143541493776
"spectra666",1340,0.121988983229814
"spectra667",1341,0.122979138589212
"spectra668",1342,0.124093682157676
"spectra669",1343,0.125318184024896
"spectra670",1344,0.126657646376811
"spectra671",1345,0.128136451452282
"spectra672",1346,0.129774553526971
"spectra673",1347,0.131535164315353
"spectra674",1348,0.133293153112033
"spectra675",1349,0.134881184439834
"spectra676",1350,0.136196547510374
"spectra677",1351,0.137252637344398
"spectra678",1352,0.13814333436853
"spectra679",1353,0.138994131950208
"spectra680",1354,0.139906861410788
"spectra681",1355,0.140895709543568
"spectra682",1356,0.141896357676349
"spectra683",1357,0.142848646680498
"spectra684",1358,0.143742870539419
"spectra685",1359,0.144563363485477
"spectra686",1360,0.145245357261411
"spectra687",1361,0.145689767634855
"spectra688",1362,0.145834919502075
"spectra689",1363,0.145771497095436
"spectra690",1364,0.14571259047619
"spectra691",1365,0.14573876846473
"spectra692",1366,0.145715209958506
"spectra693",1367,0.145435473651452
"spectra694",1368,0.144808175518672
"spectra695",1369,0.14396991884058
"spectra696",1370,0.143160836514523
"spectra697",1371,0.14249332033195
"spectra698",1372,0.141904460165975
"spectra699",1373,0.141299757142857
"spectra700",1374,0.140769042946058
"spectra701",1375,0.140637452282158
"spectra702",1376,0.141109268049793
"spectra703",1377,0.142044301659751
"spectra704",1378,0.143253056016597
"spectra705",1379,0.144630775103734
"spectra706",1380,0.146147895850622
"spectra707",1381,0.147817989026915
"spectra708",1382,0.149677069502075
"spectra709",1383,0.151734072614108
"spectra710",1384,0.153931990663901
"spectra711",1385,0.156144936307054
"spectra712",1386,0.158125817012448
"spectra713",1387,0.159532013692946
"spectra714",1388,0.16021064813278
"spectra715",1389,0.160316567287785
"spectra716",1390,0.159969363900415
"spectra717",1391,0.159201242116183
"spectra718",1392,0.158078535892116
"spectra719",1393,0.156486733540373
"spectra720",1394,0.154065807883817
"spectra721",1395,0.150948610788382
"spectra722",1396,0.148081019087137
"spectra723",1397,0.145891497510373
"spectra724",1398,0.143867596273292
"spectra725",1399,0.141786869294606
"spectra726",1400,0.140344962448133
"spectra727",1401,0.140115509543568
"spectra728",1402,0.140944958091286
"spectra729",1403,0.142752125726141
"spectra730",1404,0.145848781327801
"spectra731",1405,0.150335912863071
"spectra732",1406,0.155470837344398
"spectra733",1407,0.160211529875519
"spectra734",1408,0.163828222821577
"spectra735",1409,0.165763952489627
"spectra736",1410,0.16544287515528
"spectra737",1411,0.162697082987552
"spectra738",1412,0.158191172614107
"spectra739",1413,0.152961485892117
"spectra740",1414,0.147754967634855
"spectra741",1415,0.143043739834025
"spectra742",1416,0.139080704149378
"spectra743",1417,0.135623854771784
"spectra744",1418,0.131967429606625
"spectra745",1419,0.127945573858921
"spectra746",1420,0.124627889626556
"spectra747",1421,0.122574688381743
"spectra748",1422,0.12112944057971
"spectra749",1423,0.119564890041494
"spectra750",1424,0.117757897095436
"spectra751",1425,0.116217058921162
"spectra752",1426,0.115348204979253
"spectra753",1427,0.115014984647303
"spectra754",1428,0.114946073029046
"spectra755",1429,0.115058004149378
"spectra756",1430,0.115419752173913
"spectra757",1431,0.116070932365145
"spectra758",1432,0.116977821369295
"spectra759",1433,0.118061531742738
"spectra760",1434,0.119220868049792
"spectra761",1435,0.1203572
"spectra762",1436,0.121419360580913
"spectra763",1437,0.122469770954357
"spectra764",1438,0.123659245228216
"spectra765",1439,0.125049639130435
"spectra766",1440,0.126634532780083
"spectra767",1441,0.128410876556017
"spectra768",1442,0.130409844605809
"spectra769",1443,0.132683707883817
"spectra770",1444,0.135215412448133
"spectra771",1445,0.137908206639004
"spectra772",1446,0.140782626556017
"spectra773",1447,0.144025324481328
"spectra774",1448,0.147646115352697
"spectra775",1449,0.151201447510374
"spectra776",1450,0.154233138589212
"spectra777",1451,0.156467477018633
"spectra778",1452,0.15761729626556
"spectra779",1453,0.15770203153527
"spectra780",1454,0.157320230290456
"spectra781",1455,0.156954948547718
"spectra782",1456,0.156204996680498
"spectra783",1457,0.154240690041494
"spectra784",1458,0.151785259543569
"spectra785",1459,0.149573476190476
"spectra786",1460,0.147095448962656
"spectra787",1461,0.144240580912863
"spectra788",1462,0.141256438589212
"spectra789",1463,0.138037802489626
"spectra790",1464,0.134236180912863
"spectra791",1465,0.130228258298755
"spectra792",1466,0.12702098340249
"spectra793",1467,0.124719641286307
"spectra794",1468,0.122819219047619
"spectra795",1469,0.121109014107884
"spectra796",1470,0.119467370954357
"spectra797",1471,0.117353941078838
"spectra798",1472,0.114212561618257
"spectra799",1473,0.110796496473029
"spectra800",1474,0.108311994813278
"spectra801",1475,0.106370715352697
"spectra802",1476,0.104293329460581
"spectra803",1477,0.102153278008299
"spectra804",1478,0.100214373029046
"spectra805",1479,0.0983526806639005
"spectra806",1480,0.0963260586956521
"spectra807",1481,0.0941266474273861
"spectra808",1482,0.091998840580913
"spectra809",1483,0.0901993663070539
"spectra810",1484,0.0888302264596273
"spectra811",1485,0.0878092525311204
"spectra812",1486,0.0869334677593361
"spectra813",1487,0.0860805422821576
"spectra814",1488,0.0853475057349896
"spectra815",1489,0.0848196229875519
"spectra816",1490,0.0844089729460581
"spectra817",1491,0.0841851537344398
"spectra818",1492,0.0843239036099585
"spectra819",1493,0.0847412663900415
"spectra820",1494,0.0852390692946058
"spectra821",1495,0.0857791188381742
"spectra822",1496,0.0865234402904564
"spectra823",1497,0.0876013067219917
"spectra824",1498,0.0889839331120333
"spectra825",1499,0.0907787891078837
"spectra826",1500,0.0931439631120332
"spectra827",1501,0.0959592475933612
"spectra828",1502,0.0989015557676346
"spectra829",1503,0.101622194605809
"spectra830",1504,0.103698641908714
"spectra831",1505,0.104256222406639
"spectra832",1506,0.101456585892116
"spectra833",1507,0.0950989813900414
"spectra834",1508,0.0902847935684645
"spectra835",1509,0.0883451402484473
"spectra836",1510,0.0874075626556017
"spectra837",1511,0.0868596299170124
"spectra838",1512,0.0866106569709544
"spectra839",1513,0.0865001857556936
"spectra840",1514,0.0864669728008299
"spectra841",1515,0.0865752711618257
"spectra842",1516,0.0867421240248963
"spectra843",1517,0.08679756
"spectra844",1518,0.086911002033195
"spectra845",1519,0.0873177148547718
"spectra846",1520,0.087804929253112
"spectra847",1521,0.0879532693360996
"spectra848",1522,0.0879218808713693
"spectra849",1523,0.0882512211618257
"spectra850",1524,0.0887567386099585
"spectra851",1525,0.0891021658298755
"spectra852",1526,0.0893392468049792
"spectra853",1527,0.0896222014522822
"spectra854",1528,0.0898646258921162
"spectra855",1529,0.0900055800414938
"spectra856",1530,0.0901890280497925
"spectra857",1531,0.0904487271369295
"spectra858",1532,0.0905366018879668
"spectra859",1533,0.0902495733817427
"spectra860",1534,0.0899740063900415
"spectra861",1535,0.0901247152282158
"spectra862",1536,0.0904840071369295
"spectra863",1537,0.0908476296680498
"spectra864",1538,0.0912612358506224
"spectra865",1539,0.0916171748755187
"spectra866",1540,0.0914255017219917
"spectra867",1541,0.0909808060995851
"spectra868",1542,0.091080766252588
"spectra869",1543,0.0914037827385892
"spectra870",1544,0.0914677506224066
"spectra871",1545,0.09144895
"spectra872",1546,0.0916839319668737
"spectra873",1547,0.0920527681950207
"spectra874",1548,0.0922977014937759
"spectra875",1549,0.0924146217634855
"spectra876",1550,0.0925669918257261
"spectra877",1551,0.0927766447302904
"spectra878",1552,0.0929700370124481
"spectra879",1553,0.0932047104149378
"spectra880",1554,0.0935294162655601
"spectra881",1555,0.093848225
"spectra882",1556,0.0941410973858921
"spectra883",1557,0.0945237002074688
"spectra884",1558,0.0947620455809129
"spectra885",1559,0.0941664989211618
"spectra886",1560,0.0937322901659751
"spectra887",1561,0.094224267219917
"spectra888",1562,0.0949345991286307
"spectra889",1563,0.0954499482780083
"spectra890",1564,0.095808086286307
"spectra891",1565,0.0962375128630705
"spectra892",1566,0.0967661534439834
"spectra893",1567,0.0972464927385892
"spectra894",1568,0.0976886215352697
"spectra895",1569,0.0982151379253112
"spectra896",1570,0.0988218779253112
"spectra897",1571,0.0994920608695652
"spectra898",1572,0.100348189626556
"spectra899",1573,0.101386778215768
"spectra900",1574,0.102384621369295
"spectra901",1575,0.103113636645963
"spectra902",1576,0.103592588796681
"spectra903",1577,0.103949225311203
"spectra904",1578,0.104076336929461
"spectra905",1579,0.103927920910973
"spectra906",1580,0.103574220746888
"spectra907",1581,0.103024058713693
"spectra908",1582,0.102290623029046
"spectra909",1583,0.101556945228216
"spectra910",1584,0.10106213526971
"spectra911",1585,0.10083436473029
"spectra912",1586,0.100740099170124
"spectra913",1587,0.100757090041494
"spectra914",1588,0.10096569439834
"spectra915",1589,0.101310952282158
"spectra916",1590,0.101655924481328
"spectra917",1591,0.102023642857143
"spectra918",1592,0.102487658921162
"spectra919",1593,0.102926158091286
"spectra920",1594,0.103213670124481
"spectra921",1595,0.103473913692946
"spectra922",1596,0.103869452489627
"spectra923",1597,0.10433260746888
"spectra924",1598,0.104769881120332
"spectra925",1599,0.105259589626556
"spectra926",1600,0.105845267494824
"spectra927",1601,0.106401768879668
"spectra928",1602,0.106886543568465
"spectra929",1603,0.107457011618257
"spectra930",1604,0.108162428571429
"spectra931",1605,0.108844043568465
"spectra932",1606,0.109462735477178
"spectra933",1607,0.110146956846473
"spectra934",1608,0.110876985093168
"spectra935",1609,0.111499273029046
"spectra936",1610,0.112051829460581
"spectra937",1611,0.112690173029046
"spectra938",1612,0.113369489211618
"spectra939",1613,0.11395919253112
"spectra940",1614,0.114484307676349
"spectra941",1615,0.114948169294606
"spectra942",1616,0.115085286721992
"spectra943",1617,0.114867230290456
"spectra944",1618,0.115001976348548
"spectra945",1619,0.1157156406639
"spectra946",1620,0.116564729399586
"spectra947",1621,0.117270900207469
"spectra948",1622,0.117905062240664
"spectra949",1623,0.118592504564315
"spectra950",1624,0.119270077178423
"spectra951",1625,0.119949326141079
"spectra952",1626,0.120760665560166
"spectra953",1627,0.121595725311203
"spectra954",1628,0.122202572614108
"spectra955",1629,0.122685180331263
"spectra956",1630,0.123375021161826
"spectra957",1631,0.124239126763486
"spectra958",1632,0.125033202697096
"spectra959",1633,0.125747191286307
"spectra960",1634,0.126462523236515
"spectra961",1635,0.126873234439834
"spectra962",1636,0.126764182987552
"spectra963",1637,0.127028216977226
"spectra964",1638,0.12806702966805
"spectra965",1639,0.129320624273859
"spectra966",1640,0.130471122406639
"spectra967",1641,0.131730826970954
"spectra968",1642,0.133281493775934
"spectra969",1643,0.134884531950207
"spectra970",1644,0.136222323236514
"spectra971",1645,0.137231770807453
"spectra972",1646,0.137715548962656
"spectra973",1647,0.137304053526971
"spectra974",1648,0.136793630082988
"spectra975",1649,0.137198133333333
"spectra976",1650,0.138265738589212
"spectra977",1651,0.139230078008299
"spectra978",1652,0.139241669294606
"spectra979",1653,0.138004219502075
"spectra980",1654,0.137404919709544
"spectra981",1655,0.138131756639004
"spectra982",1656,0.13935301846473
"spectra983",1657,0.140797437344398
"spectra984",1658,0.1422415
"spectra985",1659,0.143484383817427
"spectra986",1660,0.144669185477178
"spectra987",1661,0.145998663070539
"spectra988",1662,0.147302958506224
"spectra989",1663,0.148462599377593
"spectra990",1664,0.149923668879668
"spectra991",1665,0.151909787759336
"spectra992",1666,0.154028822821577
"spectra993",1667,0.155974314937759
"spectra994",1668,0.157888952697095
"spectra995",1669,0.159991646058091
"spectra996",1670,0.162000614522822
"spectra997",1671,0.16379344813278
"spectra998",1672,0.165782443568465
"spectra999",1673,0.167869296473029
"spectra1000",1674,0.169323214492754
"spectra1001",1675,0.16984570746888
"spectra1002",1676,0.170444024481328
"spectra1003",1677,0.17183401120332
"spectra1004",1678,0.173499457763975
"spectra1005",1679,0.175148518257261
"spectra1006",1680,0.177107717427386
"spectra1007",1681,0.17948040373444
"spectra1008",1682,0.181743266390041
"spectra1009",1683,0.18349859626556
"spectra1010",1684,0.185368336514523
"spectra1011",1685,0.188224180912863
"spectra1012",1686,0.191493057261411
"spectra1013",1687,0.194944488174274
"spectra1014",1688,0.198756860788381
"spectra1015",1689,0.202794547925311
"spectra1016",1690,0.207005910788382
"spectra1017",1691,0.211761807053941
"spectra1018",1692,0.217149882572614
"spectra1019",1693,0.222688670954357
"spectra1020",1694,0.228272221576764
"spectra1021",1695,0.234903680912863
"spectra1022",1696,0.243420139004149
"spectra1023",1697,0.252097906639005
"spectra1024",1698,0.259889059543568
"spectra1025",1699,0.268914804347826
"spectra1026",1700,0.282149869294607
"spectra1027",1701,0.297782541493777
"spectra1028",1702,0.312033258091285
"spectra1029",1703,0.325925139337474
"spectra1030",1704,0.341012336099586
"spectra1031",1705,0.357032219502073
"spectra1032",1706,0.372224036307054
"spectra1033",1707,0.384947814699794
"spectra1034",1708,0.393955723651452
"spectra1035",1709,0.397984911203319
"spectra1036",1710,0.397221018257261
"spectra1037",1711,0.39375268879668
"spectra1038",1712,0.389018539834025
"spectra1039",1713,0.382360514730291
"spectra1040",1714,0.373265527593361
"spectra1041",1715,0.3629753906639
"spectra1042",1716,0.352019612863071
"spectra1043",1717,0.338253928215767
"spectra1044",1718,0.323214429045642
"spectra1045",1719,0.313475835817806
"spectra1046",1720,0.309793303941909
"spectra1047",1721,0.308125809128631
"spectra1048",1722,0.305632763692946
"spectra1049",1723,0.301784318257262
"spectra1050",1724,0.297544961825726
"spectra1051",1725,0.29381458506224
"spectra1052",1726,0.290712273443984
"spectra1053",1727,0.287840463485477
"spectra1054",1728,0.284344252697095
"spectra1055",1729,0.279366706639005
"spectra1056",1730,0.273483795228216
"spectra1057",1731,0.268359184647303
"spectra1058",1732,0.263513687551867
"spectra1059",1733,0.254346170954357
"spectra1060",1734,0.237743652282157
"spectra1061",1735,0.222284696265559
"spectra1062",1736,0.214077247619048
"spectra1063",1737,0.208444591908714
"spectra1064",1738,0.200507739211618
"spectra1065",1739,0.188476890041492
"spectra1066",1740,0.174642356107661
"spectra1067",1741,0.162357453941908
"spectra1068",1742,0.151774680912862
"spectra1069",1743,0.141769138174275
"spectra1070",1744,0.132107033333333
"spectra1071",1745,0.123336173443983
"spectra1072",1746,0.115911936514523
"spectra1073",1747,0.109731452074689
"spectra1074",1748,0.104204172670807
"spectra1075",1749,0.0990173959336094
"spectra1076",1750,0.0947499560165978
"spectra1077",1751,0.0919531480082988
"spectra1078",1752,0.0902239243983402
"spectra1079",1753,0.0891113246265561
"spectra1080",1754,0.0887072163070539
"spectra1081",1755,0.0888653620539419
"spectra1082",1756,0.0889089543568465
"spectra1083",1757,0.0884842780497926
"spectra1084",1758,0.0881444239419087
"spectra1085",1759,0.0881006544813278
"spectra1086",1760,0.0876908017012449
"spectra1087",1761,0.0864591107883818
"spectra1088",1762,0.084913528319502
"spectra1089",1763,0.0836316737759337
"spectra1090",1764,0.0824451785062241
"spectra1091",1765,0.0812369297515528
"spectra1092",1766,0.0801771718257261
"spectra1093",1767,0.0791283015352698
"spectra1094",1768,0.0777834175103735
"spectra1095",1769,0.0764800172049689
"spectra1096",1770,0.0757057402697096
"spectra1097",1771,0.0750814305809129
"spectra1098",1772,0.0738822254564315
"spectra1099",1773,0.0725705604554866
"spectra1100",1774,0.0719272221991702
"spectra1101",1775,0.0715345879253112
"spectra1102",1776,0.0708793989211618
"spectra1103",1777,0.0701905586749483
"spectra1104",1778,0.0697464525311203
"spectra1105",1779,0.0692434055186722
"spectra1106",1780,0.0683788957053941
"spectra1107",1781,0.0675618834161491
"spectra1108",1782,0.067121838340249
"spectra1109",1783,0.0667046008298755
"spectra1110",1784,0.0660721275518673
"spectra1111",1785,0.0655258643153527
"spectra1112",1786,0.0652450501037344
"spectra1113",1787,0.0649687140871369
"spectra1114",1788,0.0646377247717843
"spectra1115",1789,0.0645039951244813
"spectra1116",1790,0.0645480582157676
"spectra1117",1791,0.0643792633195021
"spectra1118",1792,0.0639886541908714
"spectra1119",1793,0.0638887308298755
"spectra1120",1794,0.0640290254356846
"spectra1121",1795,0.0640121006639004
"spectra1122",1796,0.0639371280290457
"spectra1123",1797,0.0640444102074689
"spectra1124",1798,0.0641828561697723
"spectra1125",1799,0.0641087639004149
"spectra1126",1800,0.0639910291701245
"spectra1127",1801,0.064070582406639
"spectra1128",1802,0.0641478164596273
"spectra1129",1803,0.0640623617842324
"spectra1130",1804,0.064056356846473
"spectra1131",1805,0.0642543474273859
"spectra1132",1806,0.0643962738923395
"spectra1133",1807,0.0643546291286307
"spectra1134",1808,0.0643779201659751
"spectra1135",1809,0.0645499712033195
"spectra1136",1810,0.0646022719254658
"spectra1137",1811,0.0644936786307054
"spectra1138",1812,0.0645309761410788
"spectra1139",1813,0.06473677
"spectra1140",1814,0.0648347887551867
"spectra1141",1815,0.064824244439834
"spectra1142",1816,0.0649390344813278
"spectra1143",1817,0.06514380593361
"spectra1144",1818,0.0652135895850622
"spectra1145",1819,0.0652440429875519
"spectra1146",1820,0.0654765568879668
"spectra1147",1821,0.0657680686099585
"spectra1148",1822,0.0658703517842324
"spectra1149",1823,0.0658978832780083
"spectra1150",1824,0.0660332065145228
"spectra1151",1825,0.0661138734024896
"spectra1152",1826,0.0660210863900415
"spectra1153",1827,0.0660162305383023
"spectra1154",1828,0.0661978996680498
"spectra1155",1829,0.0662454614730291
"spectra1156",1830,0.0660260391908714
"spectra1157",1831,0.0659595147826087
"spectra1158",1832,0.0661744876763485
"spectra1159",1833,0.0663210912033195
"spectra1160",1834,0.0662921067219917
"spectra1161",1835,0.0663333334854772
"spectra1162",1836,0.0664803949792531
"spectra1163",1837,0.0665129884024896
"spectra1164",1838,0.066473068526971
"spectra1165",1839,0.06661123
"spectra1166",1840,0.0668509456016597
"spectra1167",1841,0.0669268680912863
"spectra1168",1842,0.0668742443153527
"spectra1169",1843,0.0669163445228216
"spectra1170",1844,0.0669656698755187
"spectra1171",1845,0.0668273387136929
"spectra1172",1846,0.066750160186722
"spectra1173",1847,0.0669169979089027
"spectra1174",1848,0.0670634620746888
"spectra1175",1849,0.0670320030290456
"spectra1176",1850,0.0670690034024896
"spectra1177",1851,0.06729384
"spectra1178",1852,0.0674478540456432
"spectra1179",1853,0.0674085880705394
"spectra1180",1854,0.0674219304771784
"spectra1181",1855,0.0675821280705394
"spectra1182",1856,0.0676502683850932
"spectra1183",1857,0.0675763120746888
"spectra1184",1858,0.0676200721991701
"spectra1185",1859,0.0678048977593361
"spectra1186",1860,0.0678659331884058
"spectra1187",1861,0.0678231893775934
"spectra1188",1862,0.0679464904356847
"spectra1189",1863,0.0681670424273859
"spectra1190",1864,0.0682263989211618
"spectra1191",1865,0.0682223410788382
"spectra1192",1866,0.0684178792531121
"spectra1193",1867,0.0686864390041494
"spectra1194",1868,0.0686867755072464
"spectra1195",1869,0.0685401836929461
"spectra1196",1870,0.068575263692946
"spectra1197",1871,0.0686571159958506
"spectra1198",1872,0.0686088253941909
"spectra1199",1873,0.0686188027385892
"spectra1200",1874,0.0688302404564315
"spectra1201",1875,0.0690295624481328
"spectra1202",1876,0.0690855526086957
"spectra1203",1877,0.0691869280912863
"spectra1204",1878,0.0693885975518672
"spectra1205",1879,0.0694665663070539
"spectra1206",1880,0.069416826659751
"spectra1207",1881,0.069506392780083
"spectra1208",1882,0.0697239258091286
"spectra1209",1883,0.0697628422406639
"spectra1210",1884,0.0696205285062241
"spectra1211",1885,0.0696070695652174
"spectra1212",1886,0.0697529362863071
"spectra1213",1887,0.0698161701452282
"spectra1214",1888,0.069822766846473
"spectra1215",1889,0.0699844421991701
"spectra1216",1890,0.0701824625726141
"spectra1217",1891,0.0702221149792531
"spectra1218",1892,0.0702823610373444
"spectra1219",1893,0.0705111980912863
"spectra1220",1894,0.0706601952282158
"spectra1221",1895,0.0705431051037344
"spectra1222",1896,0.0704471555394191
"spectra1223",1897,0.0706137301035197
"spectra1224",1898,0.0708100911203319
"spectra1225",1899,0.070852282406639
"spectra1226",1900,0.070928934813278
"spectra1227",1901,0.0711221768115942
"spectra1228",1902,0.0711773804771784
"spectra1229",1903,0.0710734791286307
"spectra1230",1904,0.0711230998755187
"spectra1231",1905,0.0713569080538302
"spectra1232",1906,0.0714726502489627
"spectra1233",1907,0.0714345014522822
"spectra1234",1908,0.0714916142323651
"spectra1235",1909,0.0716093028630705
"spectra1236",1910,0.0715682064937759
"spectra1237",1911,0.0715346037759336
"spectra1238",1912,0.0717980479253112
"spectra1239",1913,0.0721426995020747
"spectra1240",1914,0.0721870035817805
"spectra1241",1915,0.0720240391286307
"spectra1242",1916,0.0719677301244813
"spectra1243",1917,0.0719591314522822
"spectra1244",1918,0.0718676663692946
"spectra1245",1919,0.0719161766390041
"spectra1246",1920,0.0721831391078838
"spectra1247",1921,0.0723348934854772
"spectra1248",1922,0.0722439582572614
"spectra1249",1923,0.0722644040248963
"spectra1250",1924,0.0725389007053942
"spectra1251",1925,0.0726937175103734
"spectra1252",1926,0.0725992150310559
"spectra1253",1927,0.0725944922614108
"spectra1254",1928,0.0727826793775934
"spectra1255",1929,0.0728548841493776
"spectra1256",1930,0.0727768491304348
"spectra1257",1931,0.072828903900415
"spectra1258",1932,0.0729527900414938
"spectra1259",1933,0.0728675658506224
"spectra1260",1934,0.072722950952381
"spectra1261",1935,0.0728522152489627
"spectra1262",1936,0.0730877376556016
"spectra1263",1937,0.0731064589004149
"spectra1264",1938,0.0731165060373444
"spectra1265",1939,0.0734025141078838
"spectra1266",1940,0.0736487628630705
"spectra1267",1941,0.0734751999170124
"spectra1268",1942,0.0732401509128631
"spectra1269",1943,0.0734216329875519
"spectra1270",1944,0.0737177079460581
"spectra1271",1945,0.0737898238381743
"spectra1272",1946,0.073900753879668
"spectra1273",1947,0.0742009181742739
"spectra1274",1948,0.0743618258506224
"spectra1275",1949,0.0742997376763486
"spectra1276",1950,0.0743959119087137
"spectra1277",1951,0.0746858262033195
"spectra1278",1952,0.074750056099585
"spectra1279",1953,0.0746042032572614
"spectra1280",1954,0.0746996221161826
"spectra1281",1955,0.0749420586307054
"spectra1282",1956,0.0747763075518673
"spectra1283",1957,0.0743078563900415
"spectra1284",1958,0.0740713421161826
"spectra1285",1959,0.0740226094202899
"spectra1286",1960,0.0738233053941909
"spectra1287",1961,0.0737206358713693
"spectra1288",1962,0.0739809221369295
"spectra1289",1963,0.0740876377018634
"spectra1290",1964,0.0736264450622407
"spectra1291",1965,0.0731319489626556
"spectra1292",1966,0.0730863802074689
"spectra1293",1967,0.0729730959751037
"spectra1294",1968,0.0724573232365145
"spectra1295",1969,0.0722671586307054
"spectra1296",1970,0.0727048923651452
"spectra1297",1971,0.0729820280705394
"spectra1298",1972,0.072743861286307
"spectra1299",1973,0.0725742014107884
"spectra1300",1974,0.0726542617012448
"spectra1301",1975,0.0724364098340249
"spectra1302",1976,0.0720487499377593
"spectra1303",1977,0.0722708178008298
"spectra1304",1978,0.0729236154356846
"spectra1305",1979,0.0731265340041494
"spectra1306",1980,0.0729831184232365
"spectra1307",1981,0.0731818734854772
"spectra1308",1982,0.0735370249792531
"spectra1309",1983,0.0734816426556016
"spectra1310",1984,0.0732869417427386
"spectra1311",1985,0.0734379435892116
"spectra1312",1986,0.0736278460580913
"spectra1313",1987,0.0734564601244814
"spectra1314",1988,0.0732790958178054
"spectra1315",1989,0.0734636126556017
"spectra1316",1990,0.0736341102904564
"spectra1317",1991,0.0735155032780083
"spectra1318",1992,0.0735570725879917
"spectra1319",1993,0.0739662664522822
"spectra1320",1994,0.0741702758091286
"spectra1321",1995,0.073916850186722
"spectra1322",1996,0.0736759682987552
"spectra1323",1997,0.0736291434854772
"spectra1324",1998,0.0734401222406639
"spectra1325",1999,0.073175622033195
"spectra1326",2000,0.0732850004564316
"spectra1327",2001,0.0735986163900415
"spectra1328",2002,0.0735298595020747
"spectra1329",2003,0.073165616099585
"spectra1330",2004,0.0730721908091286
"spectra1331",2005,0.0731803946887967
"spectra1332",2006,0.0730614602074689
"spectra1333",2007,0.0729609877178423
"spectra1334",2008,0.0733028314107883
"spectra1335",2009,0.0736288829460581
"spectra1336",2010,0.0734505731120332
"spectra1337",2011,0.0732901018257261
"spectra1338",2012,0.0736663445228216
"spectra1339",2013,0.0741581390871369
"spectra1340",2014,0.0743547189626556
"spectra1341",2015,0.0746064867219917
"spectra1342",2016,0.0750865013692946
"spectra1343",2017,0.0752523178260869
"spectra1344",2018,0.0749105929045644
"spectra1345",2019,0.0746297381742739
"spectra1346",2020,0.0745737124481328
"spectra1347",2021,0.0742983172877847
"spectra1348",2022,0.0739026241493776
"spectra1349",2023,0.0740172012448133
"spectra1350",2024,0.0744401804149378
"spectra1351",2025,0.0744380290248963
"spectra1352",2026,0.0741103810995851
"spectra1353",2027,0.0740719734439834
"spectra1354",2028,0.0741884335892116
"spectra1355",2029,0.0739944704979253
"spectra1356",2030,0.0738314352697095
"spectra1357",2031,0.0742168467219918
"spectra1358",2032,0.0747498877593361
"spectra1359",2033,0.0748355134024896
"spectra1360",2034,0.0747460760165975
"spectra1361",2035,0.074880088340249
"spectra1362",2036,0.0749296392946058
"spectra1363",2037,0.0747230495652174
"spectra1364",2038,0.0747645595435685
"spectra1365",2039,0.0752144134024896
"spectra1366",2040,0.0755564066804979
"spectra1367",2041,0.0756219218672199
"spectra1368",2042,0.0758252233402489
"spectra1369",2043,0.0761856258713693
"spectra1370",2044,0.0762265582572614
"spectra1371",2045,0.0759696604979253
"spectra1372",2046,0.0759393633195021
"spectra1373",2047,0.0762116406224067
"spectra1374",2048,0.0764184080082987
"spectra1375",2049,0.0765766419254658
"spectra1376",2050,0.0769070581573499
"spectra1377",2051,0.0771572521784232
"spectra1378",2052,0.0770576738589212
"spectra1379",2053,0.0768954960580913
"spectra1380",2054,0.0770106563354037
"spectra1381",2055,0.0771915978008299
"spectra1382",2056,0.0771402951037344
"spectra1383",2057,0.0770587025726141
"spectra1384",2058,0.0772214408713693
"spectra1385",2059,0.0774625962033195
"spectra1386",2060,0.0775693773443983
"spectra1387",2061,0.0776630220746888
"spectra1388",2062,0.0778152990663901
"spectra1389",2063,0.0778150693775934
"spectra1390",2064,0.0776688977178423
"spectra1391",2065,0.077686132033195
"spectra1392",2066,0.077873415942029
"spectra1393",2067,0.0779044638174274
"spectra1394",2068,0.0777835286929461
"spectra1395",2069,0.0778523053319502
"spectra1396",2070,0.0781339128838175
"spectra1397",2071,0.0782920951452282
"spectra1398",2072,0.0782517075518672
"spectra1399",2073,0.0782656292116183
"spectra1400",2074,0.0784075506639004
"spectra1401",2075,0.0785292143983402
"spectra1402",2076,0.0786388751037345
"spectra1403",2077,0.0788303402282158
"spectra1404",2078,0.0789709671014493
"spectra1405",2079,0.0789313288819876
"spectra1406",2080,0.0788575803319502
"spectra1407",2081,0.0789082184232365
"spectra1408",2082,0.0789810533609958
"spectra1409",2083,0.0789738333540373
"spectra1410",2084,0.0789889345435685
"spectra1411",2085,0.0790747347925311
"spectra1412",2086,0.0790946508506224
"spectra1413",2087,0.0790218353526971
"spectra1414",2088,0.0790122738589212
"spectra1415",2089,0.0790689502904564
"spectra1416",2090,0.079011823153527
"spectra1417",2091,0.0788685788198758
"spectra1418",2092,0.0788604082365145
"spectra1419",2093,0.0789824973443983
"spectra1420",2094,0.0790416112240664
"spectra1421",2095,0.0790444347826087
"spectra1422",2096,0.079154617966805
"spectra1423",2097,0.0793285782572614
"spectra1424",2098,0.0794079871369295
"spectra1425",2099,0.0794387203319502
"spectra1426",2100,0.0795297589834025
"spectra1427",2101,0.0795682978008299
"spectra1428",2102,0.0794333103526971
"spectra1429",2103,0.0792863457971014
"spectra1430",2104,0.0793201269294606
"spectra1431",2105,0.0794402900414938
"spectra1432",2106,0.0795026853112033
"spectra1433",2107,0.0795429865217391
"spectra1434",2108,0.0795948050310559
"spectra1435",2109,0.0795943256846473
"spectra1436",2110,0.0795841844813278
"spectra1437",2111,0.0796915106639004
"spectra1438",2112,0.0798317623188406
"spectra1439",2113,0.0797922189626556
"spectra1440",2114,0.0796227071784232
"spectra1441",2115,0.0795744004979253
"spectra1442",2116,0.0796602434854772
"spectra1443",2117,0.0796685004356846
"spectra1444",2118,0.0795827272406639
"spectra1445",2119,0.0795493960580913
"spectra1446",2120,0.0795356514492754
"spectra1447",2121,0.0794198167219917
"spectra1448",2122,0.0792821877178423
"spectra1449",2123,0.0792506314937759
"spectra1450",2124,0.0792168485714286
"spectra1451",2125,0.0790374266390041
"spectra1452",2126,0.0788232876141079
"spectra1453",2127,0.0787123453526971
"spectra1454",2128,0.0786015401244813
"spectra1455",2129,0.0784066778008298
"spectra1456",2130,0.078298478879668
"spectra1457",2131,0.0783608043568465
"spectra1458",2132,0.0783650364389234
"spectra1459",2133,0.0782204673858922
"spectra1460",2134,0.0781702491701245
"spectra1461",2135,0.0783076908298755
"spectra1462",2136,0.0783568420082816
"spectra1463",2137,0.0781837966666667
"spectra1464",2138,0.0779919299170125
"spectra1465",2139,0.0778697992116183
"spectra1466",2140,0.077677605560166
"spectra1467",2141,0.0774580024223603
"spectra1468",2142,0.0773779662240664
"spectra1469",2143,0.0772876630705394
"spectra1470",2144,0.0769402807676348
"spectra1471",2145,0.0765929180082988
"spectra1472",2146,0.0766482770954357
"spectra1473",2147,0.0769576774688797
"spectra1474",2148,0.0771054657676349
"spectra1475",2149,0.0770404017391304
"spectra1476",2150,0.07686446
"spectra1477",2151,0.0764668140041493
"spectra1478",2152,0.0759064961825725
"spectra1479",2153,0.0755889920082816
"spectra1480",2154,0.0755436706639004
"spectra1481",2155,0.0751870063900414
"spectra1482",2156,0.0743980660995849
"spectra1483",2157,0.0740226604347827
"spectra1484",2158,0.0745950585477179
"spectra1485",2159,0.0754026821576764
"spectra1486",2160,0.0758421678215768
"spectra1487",2161,0.0761698874534161
"spectra1488",2162,0.0765829997095436
"spectra1489",2163,0.0769005505809129
"spectra1490",2164,0.0771582465145228
"spectra1491",2165,0.0774860884886128
"spectra1492",2166,0.0776002478674948
"spectra1493",2167,0.0772523764730289
"spectra1494",2168,0.0768413769294606
"spectra1495",2169,0.0768757674273859
"spectra1496",2170,0.07717613563147
"spectra1497",2171,0.0772970950207469
"spectra1498",2172,0.0772588410788382
"spectra1499",2173,0.0772350252282158
"spectra1500",2174,0.077096833879668
"spectra1501",2175,0.076829058713693
"spectra1502",2176,0.0767818987551867
"spectra1503",2177,0.0770543377385892
"spectra1504",2178,0.0772708145962733
"spectra1505",2179,0.07729094
"spectra1506",2180,0.0774306939834025
"spectra1507",2181,0.077739372780083
"spectra1508",2182,0.0778265771635611
"spectra1509",2183,0.0776306287551867
"spectra1510",2184,0.0775947767427386
"spectra1511",2185,0.0778665163070539
"spectra1512",2186,0.078132758757764
"spectra1513",2187,0.0782885124896265
"spectra1514",2188,0.0784931258091286
"spectra1515",2189,0.0787013287551867
"spectra1516",2190,0.078768975010352
"spectra1517",2191,0.0788349268672199
"spectra1518",2192,0.0790606803112033
"spectra1519",2193,0.0792336935062241
"spectra1520",2194,0.0791150840372671
"spectra1521",2195,0.0788851361490683
"spectra1522",2196,0.0788087052697095
"spectra1523",2197,0.078819482406639
"spectra1524",2198,0.0788009641908714
"spectra1525",2199,0.0788729154564315
"spectra1526",2200,0.0790347999585062
"spectra1527",2201,0.0790535658921162
"spectra1528",2202,0.0789050189419088
"spectra1529",2203,0.0788582708713693
"spectra1530",2204,0.0789856899170125
"spectra1531",2205,0.079089337966805
"spectra1532",2206,0.0791520520746888
"spectra1533",2207,0.079339163126294
"spectra1534",2208,0.0795631467842324
"spectra1535",2209,0.0795884575518672
"spectra1536",2210,0.0795088864107884
"spectra1537",2211,0.0795684632365145
"spectra1538",2212,0.0796365017012448
"spectra1539",2213,0.0794589849377594
"spectra1540",2214,0.0792281494605809
"spectra1541",2215,0.0792982414285714
"spectra1542",2216,0.0796036687759336
"spectra1543",2217,0.0798358698755186
"spectra1544",2218,0.0799549053112033
"spectra1545",2219,0.080069979047619
"spectra1546",2220,0.0801074702489627
"spectra1547",2221,0.0799996751452282
"spectra1548",2222,0.0799306288796681
"spectra1549",2223,0.080047869668737
"spectra1550",2224,0.0802039371221532
"spectra1551",2225,0.0802510376970954
"spectra1552",2226,0.080278177219917
"spectra1553",2227,0.0803339527593361
"spectra1554",2228,0.0803139218257262
"spectra1555",2229,0.0802320754771784
"spectra1556",2230,0.0802360270124481
"spectra1557",2231,0.0803064841493776
"spectra1558",2232,0.0802835355186722
"spectra1559",2233,0.0801979741908714
"spectra1560",2234,0.080216575
"spectra1561",2235,0.0803146058298755
"spectra1562",2236,0.0803391795859213
"spectra1563",2237,0.0803199185477178
"spectra1564",2238,0.08037672593361
"spectra1565",2239,0.080440888879668
"spectra1566",2240,0.0804083899792531
"spectra1567",2241,0.0803804859128631
"spectra1568",2242,0.0804714191286307
"spectra1569",2243,0.0805923491286307
"spectra1570",2244,0.0806546915320911
"spectra1571",2245,0.0807514302904564
"spectra1572",2246,0.0809489421161826
"spectra1573",2247,0.0811332040248962
"spectra1574",2248,0.081226909068323
"spectra1575",2249,0.0813004462240664
"spectra1576",2250,0.0813608613278008
"spectra1577",2251,0.0812992306431535
"spectra1578",2252,0.0811467515800416
"spectra1579",2253,0.0810927443153527
"spectra1580",2254,0.0811721366804979
"spectra1581",2255,0.0812547121576764
"spectra1582",2256,0.0813136229045643
"spectra1583",2257,0.0814259858298755
"spectra1584",2258,0.0815468670746888
"spectra1585",2259,0.0815654951659751
"spectra1586",2260,0.081526640560166
"spectra1587",2261,0.0815549440248963
"spectra1588",2262,0.0816262160580913
"spectra1589",2263,0.0816380670539419
"spectra1590",2264,0.0816086977593361
"spectra1591",2265,0.0816185564315353
"spectra1592",2266,0.0816572434854772
"spectra1593",2267,0.0817079981120332
"spectra1594",2268,0.0818173434439834
"spectra1595",2269,0.0819647158921162
"spectra1596",2270,0.0820476526556017
"spectra1597",2271,0.0820641810788382
"spectra1598",2272,0.0821278901244813
"spectra1599",2273,0.0822504676190476
"spectra1600",2274,0.0823244145020747
"spectra1601",2275,0.0823356055394191
"spectra1602",2276,0.0823848598547718
"spectra1603",2277,0.0824832373084886
"spectra1604",2278,0.0825421896680498
"spectra1605",2279,0.0825590543153527
"spectra1606",2280,0.0826128592116183
"spectra1607",2281,0.0826979424324324
"spectra1608",2282,0.0827618499585062
"spectra1609",2283,0.0828264074273859
"spectra1610",2284,0.0829212282987552
"spectra1611",2285,0.082989289439834
"spectra1612",2286,0.0829921674273859
"spectra1613",2287,0.0830028106224067
"spectra1614",2288,0.0830732998755187
"spectra1615",2289,0.0831346358921162
"spectra1616",2290,0.0831290014937759
"spectra1617",2291,0.0831171394605809
"spectra1618",2292,0.0831498005394191
"spectra1619",2293,0.0831684096680498
"spectra1620",2294,0.0831321380497925
"spectra1621",2295,0.0830965111618257
"spectra1622",2296,0.0830992539004149
"spectra1623",2297,0.0831108653526971
"spectra1624",2298,0.0831306778838174
"spectra1625",2299,0.083196460373444
"spectra1626",2300,0.0832763806224066
"spectra1627",2301,0.0832894855809129
"spectra1628",2302,0.0832482986956522
"spectra1629",2303,0.0832435407883817
"spectra1630",2304,0.0832929854771784
"spectra1631",2305,0.08333019
"spectra1632",2306,0.0833308268672199
"spectra1633",2307,0.0833181533817427
"spectra1634",2308,0.083281866659751
"spectra1635",2309,0.0832202572614108
"spectra1636",2310,0.08320263004158
"spectra1637",2311,0.0832718622406639
"spectra1638",2312,0.083367183526971
"spectra1639",2313,0.0834377475518672
"spectra1640",2314,0.0835282421991701
"spectra1641",2315,0.0836570722406639
"spectra1642",2316,0.0837390455809129
"spectra1643",2317,0.083730064813278
"spectra1644",2318,0.0837172874481328
"spectra1645",2319,0.0837748897095436
"spectra1646",2320,0.0838578977593361
"spectra1647",2321,0.0839369985062241
"spectra1648",2322,0.0840536595435685
"spectra1649",2323,0.084177099813278
"spectra1650",2324,0.0841966916804979
"spectra1651",2325,0.0841048413485477
"spectra1652",2326,0.0840101264937759
"spectra1653",2327,0.0839631018672199
"spectra1654",2328,0.0839191491701245
"spectra1655",2329,0.083875990373444
"spectra1656",2330,0.0838899053941909
"spectra1657",2331,0.0839412556521739
"spectra1658",2332,0.0839482328215767
"spectra1659",2333,0.0839274595643153
"spectra1660",2334,0.0839705212448133
"spectra1661",2335,0.0840827393775934
"spectra1662",2336,0.0841938355186722
"spectra1663",2337,0.0842614414522821
"spectra1664",2338,0.0842748062655602
"spectra1665",2339,0.0842244232016632
"spectra1666",2340,0.0841557303112033
"spectra1667",2341,0.0841571813485477
"spectra1668",2342,0.0842179016390041
"spectra1669",2343,0.0842382771576763
"spectra1670",2344,0.0841898549377593
"spectra1671",2345,0.0841421599585062
"spectra1672",2346,0.0841426936514523
"spectra1673",2347,0.0841481492753623
"spectra1674",2348,0.0841383972406639
"spectra1675",2349,0.084142954253112
"spectra1676",2350,0.0841643723029046
"spectra1677",2351,0.0841669908713693
"spectra1678",2352,0.084148294439834
"spectra1679",2353,0.084139884813278
"spectra1680",2354,0.0841173556016598
"spectra1681",2355,0.0840632695850622
"spectra1682",2356,0.0840611863485477
"spectra1683",2357,0.084168182033195
"spectra1684",2358,0.08429463
"spectra1685",2359,0.084318042406639
"spectra1686",2360,0.0842299673443983
"spectra1687",2361,0.0841719971369295
"spectra1688",2362,0.0842030080912863
"spectra1689",2363,0.0842351064730291
"spectra1690",2364,0.0842593908506224
"spectra1691",2365,0.0842989048547718
"spectra1692",2366,0.0842918121576764
"spectra1693",2367,0.0842487830082988
"spectra1694",2368,0.0842932036798337
"spectra1695",2369,0.0844261336099585
"spectra1696",2370,0.0845005746887967
"spectra1697",2371,0.0844660674273859
"spectra1698",2372,0.0844258326556017
"spectra1699",2373,0.0844402988796681
"spectra1700",2374,0.0844755547302904
"spectra1701",2375,0.0845232574273859
"spectra1702",2376,0.0845974037759336
"spectra1703",2377,0.0846618744813278
"spectra1704",2378,0.084676464813278
"spectra1705",2379,0.0846676383817427
"spectra1706",2380,0.0846779555093555
"spectra1707",2381,0.0846961823443983
"spectra1708",2382,0.0846947236721992
"spectra1709",2383,0.0846858103941909
"spectra1710",2384,0.0846877936099585
"spectra1711",2385,0.0846893398340249
"spectra1712",2386,0.0846858571369295
"spectra1713",2387,0.0846996492946058
"spectra1714",2388,0.0847282753112033
"spectra1715",2389,0.0847364443153527
"spectra1716",2390,0.0847211315352697
"spectra1717",2391,0.0847196948340249
"spectra1718",2392,0.0847433692946058
"spectra1719",2393,0.0847661349377593
"spectra1720",2394,0.0847847641908714
"spectra1721",2395,0.0848163555186722
"spectra1722",2396,0.0848413363485477
"spectra1723",2397,0.0848250716804979
"spectra1724",2398,0.0847895008091286
"spectra1725",2399,0.0847820852074689
"spectra1726",2400,0.0847881282365145
"spectra1727",2401,0.0847569234024896
"spectra1728",2402,0.0846975824896265
"spectra1729",2403,0.0846612712033195
"spectra1730",2404,0.0846599605809129
"spectra1731",2405,0.0846705354356846
"spectra1732",2406,0.0846893051037344
"spectra1733",2407,0.0847216378423237
"spectra1734",2408,0.0847558197925311
"spectra1735",2409,0.0847900791891892
"spectra1736",2410,0.0848381998755187
"spectra1737",2411,0.0848836400414938
"spectra1738",2412,0.0848858632780083
"spectra1739",2413,0.0848515162111801
"spectra1740",2414,0.0848306106846473
"spectra1741",2415,0.0848293419917012
"spectra1742",2416,0.0848157075311203
"spectra1743",2417,0.0847948556224066
"spectra1744",2418,0.0847923878423237
"spectra1745",2419,0.0847880321576764
"spectra1746",2420,0.0847555271784232
"spectra1747",2421,0.084733260373444
"spectra1748",2422,0.0847611718257261
"spectra1749",2423,0.0847927578423237
"spectra1750",2424,0.0847665544190871
"spectra1751",2425,0.0847155759751037
"spectra1752",2426,0.0847070258091286
"spectra1753",2427,0.0847229897095436
"spectra1754",2428,0.0847112216182573
"spectra1755",2429,0.0846902753112033
"spectra1756",2430,0.08469704406639
"spectra1757",2431,0.0847047944813278
"spectra1758",2432,0.0846808060788382
"spectra1759",2433,0.0846574748340249
"spectra1760",2434,0.0846745872614108
"spectra1761",2435,0.0847104902489627
"spectra1762",2436,0.0847283490456432
"spectra1763",2437,0.0847302680912863
"spectra1764",2438,0.0847268886070686
"spectra1765",2439,0.0847184196887967
"spectra1766",2440,0.0847269030497925
"spectra1767",2441,0.0847778831327801
"spectra1768",2442,0.0848392950931677
"spectra1769",2443,0.084865250746888
"spectra1770",2444,0.0848720987136929
"spectra1771",2445,0.0848974912863071
"spectra1772",2446,0.0849201056431535
"spectra1773",2447,0.0849068043775934
"spectra1774",2448,0.0848953139004149
"spectra1775",2449,0.0849422986307054
"spectra1776",2450,0.085028659439834
"spectra1777",2451,0.0850958799585062
"spectra1778",2452,0.0851297270954357
"spectra1779",2453,0.0851391409128631
"spectra1780",2454,0.0851131879917184
"spectra1781",2455,0.0850642112240664
"spectra1782",2456,0.0850431934647303
"spectra1783",2457,0.0850595089419087
"spectra1784",2458,0.0850676751659751
"spectra1785",2459,0.0850613207883817
"spectra1786",2460,0.0850967498340249
"spectra1787",2461,0.0851864566804979
"spectra1788",2462,0.0852631820746888
"spectra1789",2463,0.0852795602074689
"spectra1790",2464,0.0852630004356846
"spectra1791",2465,0.085246201659751
"spectra1792",2466,0.085228264626556
"spectra1793",2467,0.0852202424481328
"spectra1794",2468,0.0852471204564315
"spectra1795",2469,0.0852948995850622
"spectra1796",2470,0.0853281657261411
"spectra1797",2471,0.0853465813070539
"spectra1798",2472,0.0853663779253112
"spectra1799",2473,0.0853790793568465
"spectra1800",2474,0.0853767124688797
"spectra1801",2475,0.0853799078838174
"spectra1802",2476,0.0853932239419087
"spectra1803",2477,0.0853892066804979
"spectra1804",2478,0.0853717785892116
"spectra1805",2479,0.0853877866943867
"spectra1806",2480,0.0854425898962656
"spectra1807",2481,0.0854803115767635
"spectra1808",2482,0.0854814589004149
"spectra1809",2483,0.0854881877018634
"spectra1810",2484,0.0855132445643154
"spectra1811",2485,0.0855220768879668
"spectra1812",2486,0.0855099923651452
"spectra1813",2487,0.0855071155186722
"spectra1814",2488,0.0855095271784232
"spectra1815",2489,0.0854941302489626
"spectra1816",2490,0.0854917728630705
"spectra1817",2491,0.0855510561825726
"spectra1818",2492,0.0856472062655602
"spectra1819",2493,0.0857129662655602
"spectra1820",2494,0.0857378933195021
"spectra1821",2495,0.0857521242857143
"spectra1822",2496,0.0857516059543568
"spectra1823",2497,0.0857285238589212
"spectra1824",2498,0.0857197408506224
"spectra1825",2499,0.0857497856639004
"spectra1826",2500,0.085781827966805
"spectra1827",2501,0.0857856486721992
"spectra1828",2502,0.0857921052697095
"spectra1829",2503,0.0858328907053942
"spectra1830",2504,0.0858923582157676
"spectra1831",2505,0.0859565994605809
"spectra1832",2506,0.0860295829875519
"spectra1833",2507,0.0860766434647303
"spectra1834",2508,0.0860427825672878
"spectra1835",2509,0.0859620075518672
"spectra1836",2510,0.0859330598340249
"spectra1837",2511,0.0859844056016597
"spectra1838",2512,0.0860508975569358
"spectra1839",2513,0.0860839311410788
"spectra1840",2514,0.0860925796887967
"spectra1841",2515,0.0860892735892116
"spectra1842",2516,0.0860836572406639
"spectra1843",2517,0.0861117045228216
"spectra1844",2518,0.0861890492116183
"spectra1845",2519,0.08625596593361
"spectra1846",2520,0.08624940406639
"spectra1847",2521,0.0861937359751037
"spectra1848",2522,0.0861551945020747
"spectra1849",2523,0.0861482748755187
"spectra1850",2524,0.086161477826087
"spectra1851",2525,0.0862010229045643
"spectra1852",2526,0.0862552930290457
"spectra1853",2527,0.0862858438174274
"spectra1854",2528,0.0862897881742739
"spectra1855",2529,0.0863062177593361
"spectra1856",2530,0.0863360566182573
"spectra1857",2531,0.0863423564315353
"spectra1858",2532,0.0863381567634855
"spectra1859",2533,0.0863776611203319
"spectra1860",2534,0.0864482528630705
"spectra1861",2535,0.0864814800829876
"spectra1862",2536,0.0864809147826087
"spectra1863",2537,0.08651562
"spectra1864",2538,0.08659083906639
"spectra1865",2539,0.0866407167427386
"spectra1866",2540,0.0866387761825726
"spectra1867",2541,0.0866192857971014
"spectra1868",2542,0.0866007299170125
"spectra1869",2543,0.0865803139419087
"spectra1870",2544,0.0865842863485477
"spectra1871",2545,0.0866367269294606
"spectra1872",2546,0.0867020838589211
"spectra1873",2547,0.0867332419294606
"spectra1874",2548,0.0867422674273859
"spectra1875",2549,0.0867599426086957
"spectra1876",2550,0.0867709641493776
"spectra1877",2551,0.0867585358921162
"spectra1878",2552,0.0867497865560166
"spectra1879",2553,0.0867644374534162
"spectra1880",2554,0.0867767353526971
"spectra1881",2555,0.0867677804979253
"spectra1882",2556,0.0867615797510373
"spectra1883",2557,0.0867782297510373
"spectra1884",2558,0.0868067618257261
"spectra1885",2559,0.0868374349377593
"spectra1886",2560,0.0868668552282158
"spectra1887",2561,0.0868690899170124
"spectra1888",2562,0.0868280989211618
"spectra1889",2563,0.0867977589419087
"spectra1890",2564,0.0868423763485477
"spectra1891",2565,0.0869437536024845
"spectra1892",2566,0.0870245427536232
"spectra1893",2567,0.0870459432365145
"spectra1894",2568,0.0870261487551867
"spectra1895",2569,0.086995700373444
"spectra1896",2570,0.0869846108074534
"spectra1897",2571,0.0870202173858921
"spectra1898",2572,0.0870880668257261
"spectra1899",2573,0.0871300827385892
"spectra1900",2574,0.0871191088381743
"spectra1901",2575,0.0870944581742739
"spectra1902",2576,0.0870936264730291
"spectra1903",2577,0.0871068192946058
"spectra1904",2578,0.0871254682401656
"spectra1905",2579,0.0871640252697096
"spectra1906",2580,0.0872181023029046
"spectra1907",2581,0.0872586241286307
"spectra1908",2582,0.0872797177225673
"spectra1909",2583,0.0872984910373444
"spectra1910",2584,0.0873081890871369
"spectra1911",2585,0.0872884300829876
"spectra1912",2586,0.087254312780083
"spectra1913",2587,0.0872382912240664
"spectra1914",2588,0.087235947593361
"spectra1915",2589,0.0872257508298755
"spectra1916",2590,0.0872228242857143
"spectra1917",2591,0.0872524055186722
"spectra1918",2592,0.0872964170954357
"spectra1919",2593,0.0873189808298755
"spectra1920",2594,0.0873186514285714
"spectra1921",2595,0.0873165626708075
"spectra1922",2596,0.087322239813278
"spectra1923",2597,0.087343866846473
"spectra1924",2598,0.0873971894190871
"spectra1925",2599,0.0874768152380952
"spectra1926",2600,0.0875517927385892
"spectra1927",2601,0.0876041050622407
"spectra1928",2602,0.0876352929045643
"spectra1929",2603,0.0876363994616977
"spectra1930",2604,0.0876037119502075
"spectra1931",2605,0.0875742670124481
"spectra1932",2606,0.0875924358091286
"spectra1933",2607,0.0876435416149068
"spectra1934",2608,0.0876754058506224
"spectra1935",2609,0.0876739228215768
"spectra1936",2610,0.087670727219917
"spectra1937",2611,0.0876879574120083
"spectra1938",2612,0.0877241167219917
"spectra1939",2613,0.0877778112033195
"spectra1940",2614,0.0878412209751037
"spectra1941",2615,0.0878863438174274
"spectra1942",2616,0.0878975356431535
"spectra1943",2617,0.0879007788381743
"spectra1944",2618,0.0879212940248963
"spectra1945",2619,0.0879496609109731
"spectra1946",2620,0.0879717189211618
"spectra1947",2621,0.0879982908298755
"spectra1948",2622,0.0880435038589212
"spectra1949",2623,0.0881031862111801
"spectra1950",2624,0.0881705098136646
"spectra1951",2625,0.0882415130705394
"spectra1952",2626,0.0882963032365145
"spectra1953",2627,0.0883124374688797
"spectra1954",2628,0.0883018142857143
"spectra1955",2629,0.088303069626556
"spectra1956",2630,0.0883300935892116
"spectra1957",2631,0.0883645350829876
"spectra1958",2632,0.0883921590269151
"spectra1959",2633,0.0884112550207469
"spectra1960",2634,0.088417818340249
"spectra1961",2635,0.0884164043568465
"spectra1962",2636,0.0884299763561077
"spectra1963",2637,0.0884724163692946
"spectra1964",2638,0.0885251885684647
"spectra1965",2639,0.0885642647095436
"spectra1966",2640,0.0885910849689441
"spectra1967",2641,0.0886185975103734
"spectra1968",2642,0.08864794
"spectra1969",2643,0.0886802652282158
"spectra1970",2644,0.0887243004347826
"spectra1971",2645,0.0887715659128631
"spectra1972",2646,0.0887964632365145
"spectra1973",2647,0.0887935162863071
"spectra1974",2648,0.0887890060662526
"spectra1975",2649,0.0888055398340249
"spectra1976",2650,0.0888392801659751
"spectra1977",2651,0.0888764276763486
"spectra1978",2652,0.0889104148447205
"spectra1979",2653,0.0889376922567288
"spectra1980",2654,0.088958924813278
"spectra1981",2655,0.0889863420124481
"spectra1982",2656,0.0890282949585062
"spectra1983",2657,0.0890717989211618
"spectra1984",2658,0.0890968937344398
"spectra1985",2659,0.0891011420746888
"spectra1986",2660,0.0890957546473029
"spectra1987",2661,0.0890909071428571
"spectra1988",2662,0.0890948871991701
"spectra1989",2663,0.0891121985477178
"spectra1990",2664,0.0891332462033195
"spectra1991",2665,0.0891428890476191
"spectra1992",2666,0.089146347219917
"spectra1993",2667,0.0891644360995851
"spectra1994",2668,0.0892008797510373
"spectra1995",2669,0.0892356839004149
"spectra1996",2670,0.0892561289004149
"spectra1997",2671,0.0892698680705394
"spectra1998",2672,0.0892828786514523
"spectra1999",2673,0.08929435126294
"spectra2000",2674,0.0893111468879668
"spectra2001",2675,0.0893409310373444
"spectra2002",2676,0.0893733505809129
"spectra2003",2677,0.0893924349068323
"spectra2004",2678,0.0894005386307054
"spectra2005",2679,0.0894112691493776
"spectra2006",2680,0.0894276302074689
"spectra2007",2681,0.0894478366459627
"spectra2008",2682,0.089478398447205
"spectra2009",2683,0.0895216637759336
"spectra2010",2684,0.0895635763070539
"spectra2011",2685,0.0895948330705394
"spectra2012",2686,0.0896201510373444
"spectra2013",2687,0.0896399286099585
"spectra2014",2688,0.0896446938174274
"spectra2015",2689,0.0896401207053942
"spectra2016",2690,0.0896497088612837
"spectra2017",2691,0.0896828985477178
"spectra2018",2692,0.0897236119917012
"spectra2019",2693,0.0897567245228216
"spectra2020",2694,0.0897812371428571
"spectra2021",2695,0.0897954397302905
"spectra2022",2696,0.0897983563485477
"spectra2023",2697,0.0898046251452282
"spectra2024",2698,0.0898305013278008
"spectra2025",2699,0.0898664819087137
"spectra2026",2700,0.0898944113692946
"spectra2027",2701,0.0899176585062241
"spectra2028",2702,0.0899483391511387
"spectra2029",2703,0.0899802268672199
"spectra2030",2704,0.0900027821576763
"spectra2031",2705,0.0900255404149378
"spectra2032",2706,0.0900616167494824
"spectra2033",2707,0.0901004339834025
"spectra2034",2708,0.0901255479253112
"spectra2035",2709,0.0901415530290456
"spectra2036",2710,0.0901610587759336
"spectra2037",2711,0.0901820617427386
"spectra2038",2712,0.0901982630912863
"spectra2039",2713,0.0902114996058091
"spectra2040",2714,0.0902212026086956
"spectra2041",2715,0.0902249099585062
"spectra2042",2716,0.0902360148547718
"spectra2043",2717,0.0902757067219917
"spectra2044",2718,0.09034087
"spectra2045",2719,0.0904060174120083
"spectra2046",2720,0.0904569396058091
"spectra2047",2721,0.090497894253112
"spectra2048",2722,0.0905287284024896
"spectra2049",2723,0.0905469360580913
"spectra2050",2724,0.0905672352282158
"spectra2051",2725,0.0906069210373444
"spectra2052",2726,0.0906568980082988
"spectra2053",2727,0.0906987391908714
"spectra2054",2728,0.0907347537551867
"spectra2055",2729,0.0907754215352697
"spectra2056",2730,0.0908155519087137
"spectra2057",2731,0.0908470101863354
"spectra2058",2732,0.09087871
"spectra2059",2733,0.0909167017012448
"spectra2060",2734,0.0909459673858921
"spectra2061",2735,0.0909560501449275
"spectra2062",2736,0.0909658982157676
"spectra2063",2737,0.0909991481120332
"spectra2064",2738,0.091052851659751
"spectra2065",2739,0.0911111206224066
"spectra2066",2740,0.0911673921161826
"spectra2067",2741,0.0912188830705394
"spectra2068",2742,0.0912612726141079
"spectra2069",2743,0.0912970479710145
"spectra2070",2744,0.0913330007676349
"spectra2071",2745,0.091368512406639
"spectra2072",2746,0.0914015037551867
"spectra2073",2747,0.0914401160248447
"spectra2074",2748,0.0914869049068323
"spectra2075",2749,0.0915251321991701
"spectra2076",2750,0.091545202033195
"spectra2077",2751,0.0915698029460581
"spectra2078",2752,0.0916221619709544
"spectra2079",2753,0.0916891389834025
"spectra2080",2754,0.0917453881327801
"spectra2081",2755,0.091790098153527
"spectra2082",2756,0.091832437593361
"spectra2083",2757,0.091866465186722
"spectra2084",2758,0.091887848340249
"spectra2085",2759,0.0919126939834025
"spectra2086",2760,0.0919544020289855
"spectra2087",2761,0.0919991970124481
"spectra2088",2762,0.0920276020124481
"spectra2089",2763,0.09204400906639
"spectra2090",2764,0.092064987593361
"spectra2091",2765,0.0920976345643153
"spectra2092",2766,0.092144758713693
"spectra2093",2767,0.0922082326141079
"spectra2094",2768,0.0922758675726141
"spectra2095",2769,0.0923276899585062
"spectra2096",2770,0.0923597471369295
"spectra2097",2771,0.0923873354564315
"spectra2098",2772,0.0924234585300207
"spectra2099",2773,0.092473106846473
"spectra2100",2774,0.0925429990041494
"spectra2101",2775,0.0926331005394191
"spectra2102",2776,0.0927225301035197
"spectra2103",2777,0.0927856182572614
"spectra2104",2778,0.0928196279045643
"spectra2105",2779,0.0928432917012448
"spectra2106",2780,0.0928742664522822
"spectra2107",2781,0.0929236063485477
"spectra2108",2782,0.0929938223651452
"spectra2109",2783,0.0930693864315353
"spectra2110",2784,0.0931260843153527
"spectra2111",2785,0.0931594438796681
"spectra2112",2786,0.0931923236307054
"spectra2113",2787,0.0932437928215768
"spectra2114",2788,0.0933108931950207
"spectra2115",2789,0.0933824333333333
"spectra2116",2790,0.0934523712033195
"spectra2117",2791,0.0935167062240664
"spectra2118",2792,0.0935768905394191
"spectra2119",2793,0.0936460150829876
"spectra2120",2794,0.09373448406639
"spectra2121",2795,0.0938331075726141
"spectra2122",2796,0.0939255314522821
"spectra2123",2797,0.0940087739004149
"spectra2124",2798,0.0940898334854772
"spectra2125",2799,0.0941712131120332
"spectra2126",2800,0.0942556003319502
"spectra2127",2801,0.0943488420496894
"spectra2128",2802,0.0944472454771784
"spectra2129",2803,0.0945402665560166
"spectra2130",2804,0.0946331093775934
"spectra2131",2805,0.0947481130705394
"spectra2132",2806,0.0948922063070539
"spectra2133",2807,0.0950499341078838
"spectra2134",2808,0.0952089349377593
"spectra2135",2809,0.0953662842411642
"spectra2136",2810,0.0955109796473029
"spectra2137",2811,0.0956357934232365
"spectra2138",2812,0.0957634531120332
"spectra2139",2813,0.0959282817634855
"spectra2140",2814,0.096127473526971
"spectra2141",2815,0.0963223421161826
"spectra2142",2816,0.0964876261410788
"spectra2143",2817,0.0966340144813278
"spectra2144",2818,0.0967810741908714
"spectra2145",2819,0.096939235560166
"spectra2146",2820,0.0971150326556017
"spectra2147",2821,0.0973092272614108
"spectra2148",2822,0.0975113756016598
"spectra2149",2823,0.0977134218257262
"spectra2150",2824,0.0979164438589212
"spectra2151",2825,0.0981167673029045
"spectra2152",2826,0.0983001582365145
"spectra2153",2827,0.098468166680498
"spectra2154",2828,0.0986448709751037
"spectra2155",2829,0.0988488367427385
"spectra2156",2830,0.0990720712008282
"spectra2157",2831,0.0993031694190872
"spectra2158",2832,0.099547436099585
"spectra2159",2833,0.0998141424481327
"spectra2160",2834,0.100104531120332
"spectra2161",2835,0.100418885269709
"spectra2162",2836,0.100755144190871
"spectra2163",2837,0.101108544190871
"spectra2164",2838,0.101488602702703
"spectra2165",2839,0.101930143153527
"spectra2166",2840,0.102464258921162
"spectra2167",2841,0.103088403319502
"spectra2168",2842,0.103791021161826
"spectra2169",2843,0.10459454439834
"spectra2170",2844,0.105548294190871
"spectra2171",2845,0.106676214522822
"spectra2172",2846,0.107932417842324
"spectra2173",2847,0.109195741908714
"spectra2174",2848,0.110291913692946
"spectra2175",2849,0.111056543983403
"spectra2176",2850,0.111438209543568
"spectra2177",2851,0.111518146058091
"spectra2178",2852,0.111432085684647
"spectra2179",2853,0.111292460165975
"spectra2180",2854,0.111179742116183
"spectra2181",2855,0.111151103319502
"spectra2182",2856,0.111222612863071
"spectra2183",2857,0.111369076348548
"spectra2184",2858,0.111563671369295
"spectra2185",2859,0.111795328008299
"spectra2186",2860,0.112052341493776
"spectra2187",2861,0.112321085477178
"spectra2188",2862,0.112606657261411
"spectra2189",2863,0.112921473443983
"spectra2190",2864,0.113256458506224
"spectra2191",2865,0.113586796680498
"spectra2192",2866,0.113904742323651
"spectra2193",2867,0.114212869230769
"spectra2194",2868,0.114495051037344
"spectra2195",2869,0.114724945020747
"spectra2196",2870,0.114892409543568
"spectra2197",2871,0.114997562240664
"spectra2198",2872,0.115030015352697
"spectra2199",2873,0.114985034024896
"spectra2200",2874,0.11487255186722
"spectra2201",2875,0.114697309958506
"spectra2202",2876,0.114457373651452
"spectra2203",2877,0.114176168879668
"spectra2204",2878,0.113910835684647
"spectra2205",2879,0.113698872821577
"spectra2206",2880,0.113532313278008
"spectra2207",2881,0.113401718257261
"spectra2208",2882,0.113337825311203
"spectra2209",2883,0.113379879253112
"spectra2210",2884,0.113529910580913
"spectra2211",2885,0.113759819709544
"spectra2212",2886,0.114043531950207
"spectra2213",2887,0.114373543360996
"spectra2214",2888,0.114756489211618
"spectra2215",2889,0.115200810373444
"spectra2216",2890,0.115688942323651
"spectra2217",2891,0.116175346473029
"spectra2218",2892,0.116620538381743
"spectra2219",2893,0.117022343775934
"spectra2220",2894,0.117390909543568
"spectra2221",2895,0.117712499377593
"spectra2222",2896,0.117954926819127
"spectra2223",2897,0.118102911618257
"spectra2224",2898,0.118164439004149
"spectra2225",2899,0.118157804979253
"spectra2226",2900,0.118116682815735
"spectra2227",2901,0.118087036721992
"spectra2228",2902,0.118104224896266
"spectra2229",2903,0.118183104564315
"spectra2230",2904,0.118332430082988
"spectra2231",2905,0.118563875518672
"spectra2232",2906,0.118886087966805
"spectra2233",2907,0.11930820373444
"spectra2234",2908,0.119849309128631
"spectra2235",2909,0.120521324896266
"spectra2236",2910,0.121314756224067
"spectra2237",2911,0.122214268257261
"spectra2238",2912,0.123231595652174
"spectra2239",2913,0.124383560580913
"spectra2240",2914,0.125651927385892
"spectra2241",2915,0.126977267634855
"spectra2242",2916,0.128286219087137
"spectra2243",2917,0.129496125103734
"spectra2244",2918,0.130523542946058
"spectra2245",2919,0.131304009751037
"spectra2246",2920,0.131813602904564
"spectra2247",2921,0.132049295435685
"spectra2248",2922,0.1320166406639
"spectra2249",2923,0.131745831950207
"spectra2250",2924,0.131296708298755
"spectra2251",2925,0.130736265904366
"spectra2252",2926,0.13013035746888
"spectra2253",2927,0.129555826141079
"spectra2254",2928,0.129076737551867
"spectra2255",2929,0.12870590621118
"spectra2256",2930,0.128415441078838
"spectra2257",2931,0.12818229253112
"spectra2258",2932,0.12799154813278
"spectra2259",2933,0.127809487136929
"spectra2260",2934,0.127607229045643
"spectra2261",2935,0.127398210788382
"spectra2262",2936,0.127227625518672
"spectra2263",2937,0.127109782572614
"spectra2264",2938,0.127026797925311
"spectra2265",2939,0.126981346887967
"spectra2266",2940,0.126996512863071
"spectra2267",2941,0.127063987784679
"spectra2268",2942,0.12714518879668
"spectra2269",2943,0.127214864315353
"spectra2270",2944,0.127269579045643
"spectra2271",2945,0.127301202697095
"spectra2272",2946,0.127297791701245
"spectra2273",2947,0.127267936514523
"spectra2274",2948,0.127237985062241
"spectra2275",2949,0.12722242033195
"spectra2276",2950,0.127213866390041
"spectra2277",2951,0.127194359543568
"spectra2278",2952,0.127141964315353
"spectra2279",2953,0.127034201449275
"spectra2280",2954,0.126858624223603
"spectra2281",2955,0.126607428215768
"spectra2282",2956,0.1262662
"spectra2283",2957,0.125827251037344
"spectra2284",2958,0.125299202898551
"spectra2285",2959,0.124682252282158
"spectra2286",2960,0.123941902697096
"spectra2287",2961,0.123034894605809
"spectra2288",2962,0.12195030186722
"spectra2289",2963,0.120705818672199
"spectra2290",2964,0.119306810373444
"spectra2291",2965,0.117755184232365
"spectra2292",2966,0.116070223602484
"spectra2293",2967,0.114294043360996
"spectra2294",2968,0.112467131742739
"spectra2295",2969,0.110638092323651
"spectra2296",2970,0.108858
"spectra2297",2971,0.107160543983403
"spectra2298",2972,0.105553589626556
"spectra2299",2973,0.104039573443983
"spectra2300",2974,0.102619191701245
"spectra2301",2975,0.101286918672199
"spectra2302",2976,0.100033255186722
"spectra2303",2977,0.098867549792531
"spectra2304",2978,0.0978009645435683
"spectra2305",2979,0.09682677
"spectra2306",2980,0.0959283417842323
"spectra2307",2981,0.0950981417842323
"spectra2308",2982,0.0943291036645962
"spectra2309",2983,0.0936080039751554
"spectra2310",2984,0.0929401685477178
"spectra2311",2985,0.0923470495643153
"spectra2312",2986,0.0918237917012448
"spectra2313",2987,0.0913276542028986
"spectra2314",2988,0.0908327660580912
"spectra2315",2989,0.090366062946058
"spectra2316",2990,0.0899586459751038
"spectra2317",2991,0.0895958256846474
"spectra2318",2992,0.0892437719709543
"spectra2319",2993,0.0888903256016598
"spectra2320",2994,0.0885371882780084
"spectra2321",2995,0.0881766498550725
"spectra2322",2996,0.0878031979668049
"spectra2323",2997,0.0874233008298756
"spectra2324",2998,0.0870458846887967
"spectra2325",2999,0.0866804370186335
"spectra2326",3000,0.0863445350622407
"spectra2327",3001,0.0860448626141079
"spectra2328",3002,0.0857616827385892
"spectra2329",3003,0.0854809954149378
"spectra2330",3004,0.0852305158921162
"spectra2331",3005,0.0850445155186722
"spectra2332",3006,0.0849113511203319
"spectra2333",3007,0.0847927529813665
"spectra2334",3008,0.0846836682572614
"spectra2335",3009,0.0846022799377593
"spectra2336",3010,0.0845450987551867
"spectra2337",3011,0.0844892399792961
"spectra2338",3012,0.0844277063768116
"spectra2339",3013,0.0843662002074689
"spectra2340",3014,0.0843070226141079
"spectra2341",3015,0.0842601602904564
"spectra2342",3016,0.084249399068323
"spectra2343",3017,0.0842785745435685
"spectra2344",3018,0.0843156049377593
"spectra2345",3019,0.0843341980290457
"spectra2346",3020,0.0843484369565217
"spectra2347",3021,0.084381711120332
"spectra2348",3022,0.0844294802074689
"spectra2349",3023,0.0844763412863071
"spectra2350",3024,0.0845195201035197
"spectra2351",3025,0.0845607934854772
"spectra2352",3026,0.0846005093983403
"spectra2353",3027,0.0846508315975104
"spectra2354",3028,0.0847333172877847
"spectra2355",3029,0.084851803900415
"spectra2356",3030,0.0849853194605809
"spectra2357",3031,0.0851124267219917
"spectra2358",3032,0.0852253937759336
"spectra2359",3033,0.0853228743360996
"spectra2360",3034,0.0854101101244813
"spectra2361",3035,0.0855031281120332
"spectra2362",3036,0.085615010931677
"spectra2363",3037,0.0857416654356847
"spectra2364",3038,0.0858712173029045
"spectra2365",3039,0.0859962513692946
"spectra2366",3040,0.08611215
"spectra2367",3041,0.0862174755809129
"spectra2368",3042,0.086324016846473
"spectra2369",3043,0.0864510037551867
"spectra2370",3044,0.086603220560166
"spectra2371",3045,0.086770124439834
"spectra2372",3046,0.0869482582157676
"spectra2373",3047,0.0871389985477178
"spectra2374",3048,0.0873293902898551
"spectra2375",3049,0.0874968963975155
"spectra2376",3050,0.0876345159751037
"spectra2377",3051,0.0877536437551867
"spectra2378",3052,0.0878639087344398
"spectra2379",3053,0.0879693430434783
"spectra2380",3054,0.0880705905394191
"spectra2381",3055,0.0881570305394191
"spectra2382",3056,0.0882095210788382
"spectra2383",3057,0.0882290683643892
"spectra2384",3058,0.0882482843775934
"spectra2385",3059,0.0882998406639004
"spectra2386",3060,0.0883879454771784
"spectra2387",3061,0.0884996848033126
"spectra2388",3062,0.0886222164730291
"spectra2389",3063,0.0887416390871369
"spectra2390",3064,0.0888439595850622
"spectra2391",3065,0.0889321419047619
"spectra2392",3066,0.0890202200414938
"spectra2393",3067,0.0891047152697095
"spectra2394",3068,0.0891672637759336
"spectra2395",3069,0.0892079319875776
"spectra2396",3070,0.0892522207883817
"spectra2397",3071,0.0893202257261411
"spectra2398",3072,0.0894075501244813
"spectra2399",3073,0.0894971948962656
"spectra2400",3074,0.0895766600829876
"spectra2401",3075,0.0896469124481328
"spectra2402",3076,0.0897201784024896
"spectra2403",3077,0.0898049360662526
"spectra2404",3078,0.0898883619875776
"spectra2405",3079,0.0899523953112033
"spectra2406",3080,0.0900077905809129
"spectra2407",3081,0.090084588879668
"spectra2408",3082,0.0901849184057971
"spectra2409",3083,0.0902760584232365
"spectra2410",3084,0.0903366079045643
"spectra2411",3085,0.0903784318049792
"spectra2412",3086,0.0904177442857143
"spectra2413",3087,0.090459629253112
"spectra2414",3088,0.0905158600829876
"spectra2415",3089,0.0906013259751037
"spectra2416",3090,0.0907072505590062
"spectra2417",3091,0.0908100599377593
"spectra2418",3092,0.0909055023651452
"spectra2419",3093,0.0910036408713693
"spectra2420",3094,0.0911019838095238
"spectra2421",3095,0.0911944790871369
"spectra2422",3096,0.0912990214937759
"spectra2423",3097,0.0914349284647303
"spectra2424",3098,0.0915855854451346
"spectra2425",3099,0.0917160197717842
"spectra2426",3100,0.0918201877593361
"spectra2427",3101,0.0919180091078838
"spectra2428",3102,0.0920165409109731
"spectra2429",3103,0.0921053961410788
"spectra2430",3104,0.0921808703319502
"spectra2431",3105,0.0922463227385892
"spectra2432",3106,0.0923031135403727
"spectra2433",3107,0.0923564431677019
"spectra2434",3108,0.0924150848962656
"spectra2435",3109,0.0924757467012448
"spectra2436",3110,0.092526080186722
"spectra2437",3111,0.0925718997722567
"spectra2438",3112,0.0926351591701245
"spectra2439",3113,0.0927210973443984
"spectra2440",3114,0.0928143122406639
"spectra2441",3115,0.0929084531950208
"spectra2442",3116,0.0930142121784233
"spectra2443",3117,0.0931361717219917
"spectra2444",3118,0.093268235373444
"spectra2445",3119,0.0934047879089027
"spectra2446",3120,0.0935318904979253
"spectra2447",3121,0.0936263408298755
"spectra2448",3122,0.0936886681742738
"spectra2449",3123,0.093756958447205
"spectra2450",3124,0.0938572835892116
"spectra2451",3125,0.0939624012448133
"spectra2452",3126,0.0940368047510373
"spectra2453",3127,0.0940940611801242
"spectra2454",3128,0.0941771129460581
"spectra2455",3129,0.094294697219917
"spectra2456",3130,0.0944200175518672
"spectra2457",3131,0.094529540621118
"spectra2458",3132,0.0946194071161826
"spectra2459",3133,0.0947025591701245
"spectra2460",3134,0.094804445
"spectra2461",3135,0.0949426948033126
"spectra2462",3136,0.0950996970954357
"spectra2463",3137,0.095237310746888
"spectra2464",3138,0.0953387432365145
"spectra2465",3139,0.0954204313043478
"spectra2466",3140,0.0954994473913044
"spectra2467",3141,0.0955787723236515
"spectra2468",3142,0.0956623190663901
"spectra2469",3143,0.0957543845020747
"spectra2470",3144,0.0958467906224066
"spectra2471",3145,0.0959343126970954
"spectra2472",3146,0.0960330308713693
"spectra2473",3147,0.096161129626556
"spectra2474",3148,0.0963094899792961
"spectra2475",3149,0.0964520736307054
"spectra2476",3150,0.0965744748962656
"spectra2477",3151,0.0966784817842324
"spectra2478",3152,0.096773038426501
"spectra2479",3153,0.096874581493776
"spectra2480",3154,0.096996023900415
"spectra2481",3155,0.0971255599170124
"spectra2482",3156,0.0972361287966805
"spectra2483",3157,0.0973278924688797
"spectra2484",3158,0.0974302480082988
"spectra2485",3159,0.0975625562240664
"spectra2486",3160,0.0977138214285714
"spectra2487",3161,0.0978626019502075
"spectra2488",3162,0.0979928743568464
"spectra2489",3163,0.0980968018672199
"spectra2490",3164,0.0981865668115942
"spectra2491",3165,0.098297045373444
"spectra2492",3166,0.0984482528215767
"spectra2493",3167,0.0986151274481328
"spectra2494",3168,0.0987589420374221
"spectra2495",3169,0.0988769990456431
"spectra2496",3170,0.0989961044813278
"spectra2497",3171,0.0991323572614108
"spectra2498",3172,0.099284728879668
"spectra2499",3173,0.0994480914315353
"spectra2500",3174,0.0996134320954357
"spectra2501",3175,0.0997686042323651
"spectra2502",3176,0.0999155086514523
"spectra2503",3177,0.100065198136646
"spectra2504",3178,0.100212422406639
"spectra2505",3179,0.100335393775934
"spectra2506",3180,0.100426714522822
"spectra2507",3181,0.10049862173913
"spectra2508",3182,0.10056006659751
"spectra2509",3183,0.100618782780083
"spectra2510",3184,0.100697072406639
"spectra2511",3185,0.100814291701245
"spectra2512",3186,0.100955822821577
"spectra2513",3187,0.10108504813278
"spectra2514",3188,0.101183602074689
"spectra2515",3189,0.101258056521739
"spectra2516",3190,0.101325889211618
"spectra2517",3191,0.101407495850622
"spectra2518",3192,0.101510270746888
"spectra2519",3193,0.101608445962733
"spectra2520",3194,0.101667499585062
"spectra2521",3195,0.101698722821577
"spectra2522",3196,0.101756001659751
"spectra2523",3197,0.101858111434511
"spectra2524",3198,0.10196890373444
"spectra2525",3199,0.102055362240664
"spectra2526",3200,0.102119599170124
"spectra2527",3201,0.102167565560166
"spectra2528",3202,0.102196970539419
"spectra2529",3203,0.102222697510373
"spectra2530",3204,0.102268509543568
"spectra2531",3205,0.102331350207469
"spectra2532",3206,0.102392776811594
"spectra2533",3207,0.102459648340249
"spectra2534",3208,0.102547136307054
"spectra2535",3209,0.102636118879668
"spectra2536",3210,0.102698412448133
"spectra2537",3211,0.102741426556017
"spectra2538",3212,0.102778951037344
"spectra2539",3213,0.102794830705394
"spectra2540",3214,0.102787155809129
"spectra2541",3215,0.102804390871369
"spectra2542",3216,0.102883357883817
"spectra2543",3217,0.102985787344398
"spectra2544",3218,0.103053201863354
"spectra2545",3219,0.103085625726141
"spectra2546",3220,0.103121493360996
"spectra2547",3221,0.10317377219917
"spectra2548",3222,0.103236952074689
"spectra2549",3223,0.103314327385892
"spectra2550",3224,0.103394602074689
"spectra2551",3225,0.103443009958506
"spectra2552",3226,0.103452856756757
"spectra2553",3227,0.103465754771784
"spectra2554",3228,0.103516046473029
"spectra2555",3229,0.103594646887967
"spectra2556",3230,0.103681639004149
"spectra2557",3231,0.103769612863071
"spectra2558",3232,0.103842152489627
"spectra2559",3233,0.103876912863071
"spectra2560",3234,0.103884597717842
"spectra2561",3235,0.103900613043478
"spectra2562",3236,0.103933575518672
"spectra2563",3237,0.103964905809129
"spectra2564",3238,0.103991993360996
"spectra2565",3239,0.104026852282158
"spectra2566",3240,0.104069306016598
"spectra2567",3241,0.104118582157676
"spectra2568",3242,0.104188295435685
"spectra2569",3243,0.104273960995851
"spectra2570",3244,0.104335629045643
"spectra2571",3245,0.104351187551867
"spectra2572",3246,0.104354841078838
"spectra2573",3247,0.104385286956522
"spectra2574",3248,0.104433571784232
"spectra2575",3249,0.104475888174274
"spectra2576",3250,0.104517254771784
"spectra2577",3251,0.104568103319502
"spectra2578",3252,0.104619746887967
"spectra2579",3253,0.104666013278008
"spectra2580",3254,0.104708965560166
"spectra2581",3255,0.10473289022869
"spectra2582",3256,0.104716088589212
"spectra2583",3257,0.104675497302905
"spectra2584",3258,0.104657490248963
"spectra2585",3259,0.104679823443983
"spectra2586",3260,0.104724592116183
"spectra2587",3261,0.104780160995851
"spectra2588",3262,0.104844371369295
"spectra2589",3263,0.104892106639004
"spectra2590",3264,0.104896554356846
"spectra2591",3265,0.104875896887967
"spectra2592",3266,0.104875622614108
"spectra2593",3267,0.104916543153527
"spectra2594",3268,0.104990892946058
"spectra2595",3269,0.105087729045643
"spectra2596",3270,0.105188391286307
"spectra2597",3271,0.105262191701245
"spectra2598",3272,0.105293250207469
"spectra2599",3273,0.105291543983402
"spectra2600",3274,0.105265837136929
"spectra2601",3275,0.105217509128631
"spectra2602",3276,0.105167615352697
"spectra2603",3277,0.105147189211618
"spectra2604",3278,0.10514867219917
"spectra2605",3279,0.105141547717842
"spectra2606",3280,0.105131196887967
"spectra2607",3281,0.105150550829876
"spectra2608",3282,0.105201783609959
"spectra2609",3283,0.105251955809129
"spectra2610",3284,0.105288571309771
"spectra2611",3285,0.105323221161826
"spectra2612",3286,0.105352645643154
"spectra2613",3287,0.105364707053942
"spectra2614",3288,0.105377712863071
"spectra2615",3289,0.105420747717842
"spectra2616",3290,0.105478121576763
"spectra2617",3291,0.105498859543568
"spectra2618",3292,0.105463140248963
"spectra2619",3293,0.105395512863071
"spectra2620",3294,0.105333490871369
"spectra2621",3295,0.105305689626556
"spectra2622",3296,0.105322154356846
"spectra2623",3297,0.105359906639004
"spectra2624",3298,0.105381230497925
"spectra2625",3299,0.105374789419087
"spectra2626",3300,0.10535578340249
"spectra2627",3301,0.10532739253112
"spectra2628",3302,0.105282281327801
"spectra2629",3303,0.105241097510373
"spectra2630",3304,0.105236197095436
"spectra2631",3305,0.105256166390041
"spectra2632",3306,0.105260784647303
"spectra2633",3307,0.10523945746888
"spectra2634",3308,0.105212450207469
"spectra2635",3309,0.105181695435685
"spectra2636",3310,0.105133921161826
"spectra2637",3311,0.105083959751037
"spectra2638",3312,0.105062331120332
"spectra2639",3313,0.105066206652807
"spectra2640",3314,0.10506404813278
"spectra2641",3315,0.105040338381743
"spectra2642",3316,0.105003359128631
"spectra2643",3317,0.10496247515528
"spectra2644",3318,0.104928491286307
"spectra2645",3319,0.104916091286307
"spectra2646",3320,0.104921706639004
"spectra2647",3321,0.104919797925311
"spectra2648",3322,0.104897865975104
"spectra2649",3323,0.104866520124481
"spectra2650",3324,0.104829234024896
"spectra2651",3325,0.104775129253112
"spectra2652",3326,0.104706446887967
"spectra2653",3327,0.104640758921162
"spectra2654",3328,0.104583034439834
"spectra2655",3329,0.104529819917012
"spectra2656",3330,0.104494971369295
"spectra2657",3331,0.104489973858921
"spectra2658",3332,0.10448955186722
"spectra2659",3333,0.104459729045643
"spectra2660",3334,0.104406159751037
"spectra2661",3335,0.104354939419087
"spectra2662",3336,0.104307705809129
"spectra2663",3337,0.104251275103734
"spectra2664",3338,0.104193400829876
"spectra2665",3339,0.104151456016598
"spectra2666",3340,0.104121649792531
"spectra2667",3341,0.104086248547718
"spectra2668",3342,0.10403497983368
"spectra2669",3343,0.103964130705394
"spectra2670",3344,0.103879004149378
"spectra2671",3345,0.103811713278008
"spectra2672",3346,0.10379292484472
"spectra2673",3347,0.10380639439834
"spectra2674",3348,0.103803894190871
"spectra2675",3349,0.103767465145228
"spectra2676",3350,0.103716272614108
"spectra2677",3351,0.103661070954357
"spectra2678",3352,0.103594609128631
"spectra2679",3353,0.103520685477178
"spectra2680",3354,0.103448044813278
"spectra2681",3355,0.103366743983402
"spectra2682",3356,0.103270856431535
"spectra2683",3357,0.10319349813278
"spectra2684",3358,0.103163675155279
"spectra2685",3359,0.103155339419087
"spectra2686",3360,0.103125792116183
"spectra2687",3361,0.103073181327801
"spectra2688",3362,0.10302040746888
"spectra2689",3363,0.102970862448133
"spectra2690",3364,0.102914863692946
"spectra2691",3365,0.102854174273859
"spectra2692",3366,0.102788162655602
"spectra2693",3367,0.102706605394191
"spectra2694",3368,0.102622804564315
"spectra2695",3369,0.102575029045643
"spectra2696",3370,0.102572639751553
"spectra2697",3371,0.102579521991701
"spectra2698",3372,0.102570055186722
"spectra2699",3373,0.102553672821577
"spectra2700",3374,0.10253519626556
"spectra2701",3375,0.102498235684647
"spectra2702",3376,0.102439769709544
"spectra2703",3377,0.102379219087137
"spectra2704",3378,0.102327421161826
"spectra2705",3379,0.102281510810811
"spectra2706",3380,0.102245240456432
"spectra2707",3381,0.102221381120332
"spectra2708",3382,0.102198309751037
"spectra2709",3383,0.102176434647303
"spectra2710",3384,0.102186104149378
"spectra2711",3385,0.102241643153527
"spectra2712",3386,0.102307114522822
"spectra2713",3387,0.102351275569358
"spectra2714",3388,0.102389665352697
"spectra2715",3389,0.102436873858921
"spectra2716",3390,0.102455658091286
"spectra2717",3391,0.102398292946058
"spectra2718",3392,0.102273483817427
"spectra2719",3393,0.102136280082988
"spectra2720",3394,0.102023038589212
"spectra2721",3395,0.101925149377593
"spectra2722",3396,0.101814572406639
"spectra2723",3397,0.101676241701245
"spectra2724",3398,0.10152586473029
"spectra2725",3399,0.101390530434783
"spectra2726",3400,0.101265956846473
"spectra2727",3401,0.101111718672199
"spectra2728",3402,0.100909149792531
"spectra2729",3403,0.100696110788382
"spectra2730",3404,0.100523231950207
"spectra2731",3405,0.100393507883817
"spectra2732",3406,0.100275651452282
"spectra2733",3407,0.100143763692946
"spectra2734",3408,0.0999829153846154
"spectra2735",3409,0.0997898477593361
"spectra2736",3410,0.0995911823236515
"spectra2737",3411,0.0994318204979253
"spectra2738",3412,0.0993129611180124
"spectra2739",3413,0.0991845176763486
"spectra2740",3414,0.0990068879875519
"spectra2741",3415,0.0987870571369295
"spectra2742",3416,0.0985509028985507
"spectra2743",3417,0.0983217767219917
"spectra2744",3418,0.0981257191701245
"spectra2745",3419,0.09797190406639
"spectra2746",3420,0.0978214078423237
"spectra2747",3421,0.0976247866390042
"spectra2748",3422,0.0973934445228216
"spectra2749",3423,0.0971920916804979
"spectra2750",3424,0.0970579139130435
"spectra2751",3425,0.0969743114937759
"spectra2752",3426,0.0969077709543568
"spectra2753",3427,0.0968339238589212
"spectra2754",3428,0.0967301268322981
"spectra2755",3429,0.0965885590663901
"spectra2756",3430,0.0964287363278008
"spectra2757",3431,0.0962783033817427
"spectra2758",3432,0.0961506638174274
"spectra2759",3433,0.096052205560166
"spectra2760",3434,0.0959802728215768
"spectra2761",3435,0.0959008054356846
"spectra2762",3436,0.0957639685477178
"spectra2763",3437,0.0955662523076923
"spectra2764",3438,0.0953645988589211
"spectra2765",3439,0.0952017369917012
"spectra2766",3440,0.0950583686307054
"spectra2767",3441,0.0948957747826087
"spectra2768",3442,0.0947144795435684
"spectra2769",3443,0.094545188506224
"spectra2770",3444,0.0944008224481328
"spectra2771",3445,0.09425302
"spectra2772",3446,0.0940562501244813
"spectra2773",3447,0.0938006556224067
"spectra2774",3448,0.093541180560166
"spectra2775",3449,0.0933351132987552
"spectra2776",3450,0.0931746978008298
"spectra2777",3451,0.093011802406639
"spectra2778",3452,0.0928329854356847
"spectra2779",3453,0.0926641513250518
"spectra2780",3454,0.092508264813278
"spectra2781",3455,0.0923360238796681
"spectra2782",3456,0.0921465790456432
"spectra2783",3457,0.091978928136646
"spectra2784",3458,0.0918537234024897
"spectra2785",3459,0.0917490315767635
"spectra2786",3460,0.0916408122821577
"spectra2787",3461,0.0915241412863071
"spectra2788",3462,0.0913940442323652
"spectra2789",3463,0.0912497447510374
"spectra2790",3464,0.0911138160788382
"spectra2791",3465,0.0910024147204969
"spectra2792",3466,0.0908857749377593
"spectra2793",3467,0.0907291310373444
"spectra2794",3468,0.0905451444813278
"spectra2795",3469,0.0903650890269151
"spectra2796",3470,0.0901894570807453
"spectra2797",3471,0.090008995
"spectra2798",3472,0.0898385411410788
"spectra2799",3473,0.0896916311825726
"spectra2800",3474,0.0895547355279503
"spectra2801",3475,0.0894209827385892
"spectra2802",3476,0.0893092793360996
"spectra2803",3477,0.0892168644813278
"spectra2804",3478,0.0891002152380952
"spectra2805",3479,0.0889412878838174
"spectra2806",3480,0.0887799980705394
"spectra2807",3481,0.0886514618257261
"spectra2808",3482,0.088541020931677
"spectra2809",3483,0.0884283375518672
"spectra2810",3484,0.0883216157676348
"spectra2811",3485,0.0882234232780083
"spectra2812",3486,0.0881111011387164
"spectra2813",3487,0.0879689872614108
"spectra2814",3488,0.0878107779668049
"spectra2815",3489,0.0876565193360996
"spectra2816",3490,0.0875192792946058
"spectra2817",3491,0.0874131922821577
"spectra2818",3492,0.0873335975103735
"spectra2819",3493,0.0872392304149378
"spectra2820",3494,0.08709644563147
"spectra2821",3495,0.0869259237966805
"spectra2822",3496,0.0867758311618257
"spectra2823",3497,0.0866691254356847
"spectra2824",3498,0.0866012319875776
"spectra2825",3499,0.0865579014285714
"spectra2826",3500,0.0865069404979253
"spectra2827",3501,0.0864000725726141
"spectra2828",3502,0.086218230373444
"spectra2829",3503,0.0860041982815735
"spectra2830",3504,0.0858175280912863
"spectra2831",3505,0.0856874240456432
"spectra2832",3506,0.0856161227178423
"spectra2833",3507,0.085576829047619
"spectra2834",3508,0.0855032646887967
"spectra2835",3509,0.0853479506639004
"spectra2836",3510,0.0851630015767635
"spectra2837",3511,0.0850402681780538
"spectra2838",3512,0.0849820956431535
"spectra2839",3513,0.0849146978838174
"spectra2840",3514,0.0847941700207469
"spectra2841",3515,0.0846396075155279
"spectra2842",3516,0.0844808247717842
"spectra2843",3517,0.0843337161825726
"spectra2844",3518,0.0842167958506224
"spectra2845",3519,0.0841352445962733
"spectra2846",3520,0.0840532274688797
"spectra2847",3521,0.0839351123029046
"spectra2848",3522,0.0837968305186722
"spectra2849",3523,0.0836812000621118
"spectra2850",3524,0.0835944715352697
"spectra2851",3525,0.0834986846058091
"spectra2852",3526,0.0833591949377593
"spectra2853",3527,0.0831699561490683
"spectra2854",3528,0.0829564281780538
"spectra2855",3529,0.082764718879668
"spectra2856",3530,0.0826175737966805
"spectra2857",3531,0.0824956514107884
"spectra2858",3532,0.0823744370539419
"spectra2859",3533,0.0822558585477179
"spectra2860",3534,0.0821415732780083
"spectra2861",3535,0.0820037156431535
"spectra2862",3536,0.0818234331677019
"spectra2863",3537,0.0816323365975104
"spectra2864",3538,0.0814651510580913
"spectra2865",3539,0.0813184854149378
"spectra2866",3540,0.0811919676190476
"spectra2867",3541,0.0811144258091286
"spectra2868",3542,0.0810901041078838
"spectra2869",3543,0.0810536118257261
"spectra2870",3544,0.0809233644720497
"spectra2871",3545,0.0806904562863071
"spectra2872",3546,0.0804285106846473
"spectra2873",3547,0.0802311412655602
"spectra2874",3548,0.0801492450724638
"spectra2875",3549,0.0801616871369295
"spectra2876",3550,0.0801775140248963
"spectra2877",3551,0.0800925191701245
"spectra2878",3552,0.0798938242857143
"spectra2879",3553,0.0796771376763486
"spectra2880",3554,0.0795112500414938
"spectra2881",3555,0.0793740806224066
"spectra2882",3556,0.0792426228985507
"spectra2883",3557,0.0791296029813665
"spectra2884",3558,0.0790345312448133
"spectra2885",3559,0.0789285250622407
"spectra2886",3560,0.0788086715352697
"spectra2887",3561,0.0787085332780083
"spectra2888",3562,0.0786438761825726
"spectra2889",3563,0.0786017928838174
"spectra2890",3564,0.07856311
"spectra2891",3565,0.0784713949689441
"spectra2892",3566,0.0782103956016597
"spectra2893",3567,0.0777833975933609
"spectra2894",3568,0.0774219192531121
"spectra2895",3569,0.0772527940993789
"spectra2896",3570,0.0771907114522822
"spectra2897",3571,0.0771487048962656
"spectra2898",3572,0.0771015085062241
"spectra2899",3573,0.0770405634439834
"spectra2900",3574,0.0769491897925311
"spectra2901",3575,0.0768305128215768
"spectra2902",3576,0.0767098089211618
"spectra2903",3577,0.0765904029399586
"spectra2904",3578,0.0764514634024897
"spectra2905",3579,0.0762954552489627
"spectra2906",3580,0.0761553641701245
"spectra2907",3581,0.076054363126294
"spectra2908",3582,0.0760030331950207
"spectra2909",3583,0.0760219095850622
"spectra2910",3584,0.076109730373444
"spectra2911",3585,0.0761899965217391
"spectra2912",3586,0.0761253545020747
"spectra2913",3587,0.0758721054979253
"spectra2914",3588,0.0756182537344398
"spectra2915",3589,0.0754970857053942
"spectra2916",3590,0.0754439574273859
"spectra2917",3591,0.075396063153527
"spectra2918",3592,0.0753360692946058
"spectra2919",3593,0.0752320761410788
"spectra2920",3594,0.0750695979710145
"spectra2921",3595,0.0749171741908714
"spectra2922",3596,0.0748505621161826
"spectra2923",3597,0.0748487053319502
"spectra2924",3598,0.0748347563768116
"spectra2925",3599,0.074764722780083
"spectra2926",3600,0.0746422205394191
"spectra2927",3601,0.0745002273029045
"spectra2928",3602,0.0743910163900415
"spectra2929",3603,0.0743598985892116
"spectra2930",3604,0.074409387966805
"spectra2931",3605,0.0744906712448133
"spectra2932",3606,0.074538209068323
"spectra2933",3607,0.0745241454356846
"spectra2934",3608,0.0744878756846473
"spectra2935",3609,0.0744934131120332
"spectra2936",3610,0.0745394455072464
"spectra2937",3611,0.0745758580912863
"spectra2938",3612,0.0745576767427386
"spectra2939",3613,0.0744695097095436
"spectra2940",3614,0.0743540556756757
"spectra2941",3615,0.0742479743568464
"spectra2942",3616,0.0741608001659751
"spectra2943",3617,0.0740980588381743
"spectra2944",3618,0.0740377289626556
"spectra2945",3619,0.0739382082157676
"spectra2946",3620,0.0738055817012448
"spectra2947",3621,0.0736802353319502
"spectra2948",3622,0.0735893098547718
"spectra2949",3623,0.0735425475776398
"spectra2950",3624,0.0735282052282158
"spectra2951",3625,0.0735220475103734
"spectra2952",3626,0.0735142
"spectra2953",3627,0.0734981032987552
"spectra2954",3628,0.0734049213070539
"spectra2955",3629,0.0733033185892116
"spectra2956",3630,0.0733472186099585
"spectra2957",3631,0.0733683339834025
"spectra2958",3632,0.0732767269709544
"spectra2959",3633,0.0731613083817427
"spectra2960",3634,0.0731144064315353
"spectra2961",3635,0.0731234766666667
"spectra2962",3636,0.073105682966805
"spectra2963",3637,0.0730391360995851
"spectra2964",3638,0.0729720325518672
"spectra2965",3639,0.0729440751552795
"spectra2966",3640,0.0729437397925311
"spectra2967",3641,0.0729527455186722
"spectra2968",3642,0.072982692780083
"spectra2969",3643,0.0730515663617464
"spectra2970",3644,0.0731577147925311
"spectra2971",3645,0.0732901320746888
"spectra2972",3646,0.0734141427178423
"spectra2973",3647,0.0734472831950208
"spectra2974",3648,0.0733232851452282
"spectra2975",3649,0.0730869124481327
"spectra2976",3650,0.0728877595435685
"spectra2977",3651,0.0728332107053942
"spectra2978",3652,0.0728350846376812
"spectra2979",3653,0.0727916979875518
"spectra2980",3654,0.0727041381950208
"spectra2981",3655,0.0726106821369295
"spectra2982",3656,0.0725514466804979
"spectra2983",3657,0.0725557993360996
"spectra2984",3658,0.0725576448962656
"spectra2985",3659,0.0725048594190871
"spectra2986",3660,0.0724236735892116
"spectra2987",3661,0.0723506269087137
"spectra2988",3662,0.0722944569087137
"spectra2989",3663,0.0722567958506224
"spectra2990",3664,0.0722487247204969
"spectra2991",3665,0.0722700806224066
"spectra2992",3666,0.0723025941908714
"spectra2993",3667,0.0723364581327801
"spectra2994",3668,0.0723630680705394
"spectra2995",3669,0.0723478702697096
"spectra2996",3670,0.072335212033195
"spectra2997",3671,0.0724170709958506
"spectra2998",3672,0.0724992685862786
"spectra2999",3673,0.0725140084232365
"spectra3000",3674,0.0724679953112033
"spectra3001",3675,0.0723369676348548
"spectra3002",3676,0.0722898890041494
"spectra3003",3677,0.0723014103941909
"spectra3004",3678,0.0721960805394191
"spectra3005",3679,0.0720525606846473
"spectra3006",3680,0.0719996962448133
"spectra3007",3681,0.0720214089626556
"spectra3008",3682,0.0720282793360996
"spectra3009",3683,0.071998467219917
"spectra3010",3684,0.0719521626141079
"spectra3011",3685,0.0718973730912863
"spectra3012",3686,0.0718685499585062
"spectra3013",3687,0.0719347682572614
"spectra3014",3688,0.0720893972614108
"spectra3015",3689,0.072197886846473
"spectra3016",3690,0.0721637575518672
"spectra3017",3691,0.0720455121576763
"spectra3018",3692,0.0719478109128631
"spectra3019",3693,0.071893168447205
"spectra3020",3694,0.0718539583817427
"spectra3021",3695,0.0718161180912863
"spectra3022",3696,0.0717667253941909
"spectra3023",3697,0.0716874202074689
"spectra3024",3698,0.0715917194605809
"spectra3025",3699,0.0715285452282158
"spectra3026",3700,0.0715244763070539
"spectra3027",3701,0.0715437767634855
"spectra3028",3702,0.071552182593361
"spectra3029",3703,0.0715512708091286
"spectra3030",3704,0.0715386569087137
"spectra3031",3705,0.071517202815735
"spectra3032",3706,0.0715229548962655
"spectra3033",3707,0.071602351659751
"spectra3034",3708,0.0717557586721992
"spectra3035",3709,0.0719090103534303
"spectra3036",3710,0.0719774610165975
"spectra3037",3711,0.0719627204771784
"spectra3038",3712,0.0719622616390041
"spectra3039",3713,0.0720070076141079
"spectra3040",3714,0.0720293683817427
"spectra3041",3715,0.0719986241493776
"spectra3042",3716,0.0719451607053942
"spectra3043",3717,0.0719089629460581
"spectra3044",3718,0.0719056934232365
"spectra3045",3719,0.0719261493983402
"spectra3046",3720,0.071945297966805
"spectra3047",3721,0.0719364787344398
"spectra3048",3722,0.0718911760580913
"spectra3049",3723,0.071824436846473
"spectra3050",3724,0.071743441659751
"spectra3051",3725,0.071649235186722
"spectra3052",3726,0.0715757909751037
"spectra3053",3727,0.0715754326556017
"spectra3054",3728,0.0716306070954357
"spectra3055",3729,0.0716819036514523
"spectra3056",3730,0.0717286443153527
"spectra3057",3731,0.071817988713693
"spectra3058",3732,0.0719729219917013
"spectra3059",3733,0.0721373588381743
"spectra3060",3734,0.0722013082572614
"spectra3061",3735,0.0721343253319502
"spectra3062",3736,0.072107905
"spectra3063",3737,0.0722116106846473
"spectra3064",3738,0.07232055
"spectra3065",3739,0.0723766680497925
"spectra3066",3740,0.0723923790871369
"spectra3067",3741,0.0723491012033195
"spectra3068",3742,0.0722516780497925
"spectra3069",3743,0.0721960645435685
"spectra3070",3744,0.0723035426556016
"spectra3071",3745,0.0725956813278008
"spectra3072",3746,0.0727972836099585
"spectra3073",3747,0.0727957548962656
"spectra3074",3748,0.0727863258506224
"spectra3075",3749,0.0728668848962656
"spectra3076",3750,0.0728813210788382
"spectra3077",3751,0.0727215441493776
"spectra3078",3752,0.0725679059128631
"spectra3079",3753,0.072552810186722
"spectra3080",3754,0.0725842101452282
"spectra3081",3755,0.0726000438174274
"spectra3082",3756,0.0726390641908714
"spectra3083",3757,0.0727046917842324
"spectra3084",3758,0.0727081263070539
"spectra3085",3759,0.0726078153112033
"spectra3086",3760,0.0725149594605809
"spectra3087",3761,0.0725212481120332
"spectra3088",3762,0.0725527156016598
"spectra3089",3763,0.0725432045643153
"spectra3090",3764,0.072513398340249
"spectra3091",3765,0.0725026276763485
"spectra3092",3766,0.0725186018672199
"spectra3093",3767,0.0725368821621622
"spectra3094",3768,0.0725433673443983
"spectra3095",3769,0.0725281103941909
"spectra3096",3770,0.0724870396058091
"spectra3097",3771,0.0724486217842324
"spectra3098",3772,0.0724196912033195
"spectra3099",3773,0.0723982378838174
"spectra3100",3774,0.0724004263485477
"spectra3101",3775,0.0724484090062112
"spectra3102",3776,0.0725327830912863
"spectra3103",3777,0.0726052649170125
"spectra3104",3778,0.0726185126141079
"spectra3105",3779,0.0725872576348548
"spectra3106",3780,0.0725806587136929
"spectra3107",3781,0.0726030703319502
"spectra3108",3782,0.0726113605394191
"spectra3109",3783,0.0726051748962656
"spectra3110",3784,0.0725927354564315
"spectra3111",3785,0.0725621986514523
"spectra3112",3786,0.072511779253112
"spectra3113",3787,0.0724642770539419
"spectra3114",3788,0.072442961286307
"spectra3115",3789,0.0724430561410788
"spectra3116",3790,0.0724581777178423
"spectra3117",3791,0.0725019741078838
"spectra3118",3792,0.0725715382157676
"spectra3119",3793,0.0726365312863071
"spectra3120",3794,0.0726879257883817
"spectra3121",3795,0.072750387219917
"spectra3122",3796,0.0728317920746888
"spectra3123",3797,0.072904691659751
"spectra3124",3798,0.0729284421576764
"spectra3125",3799,0.0729232902074689
"spectra3126",3800,0.0729409208731809
"spectra3127",3801,0.0729790244190871
"spectra3128",3802,0.0730649088796681
"spectra3129",3803,0.0731184307053942
"spectra3130",3804,0.0730254788198758
"spectra3131",3805,0.0728497595435685
"spectra3132",3806,0.0726918809128631
"spectra3133",3807,0.0726239182157676
"spectra3134",3808,0.0726439253941909
"spectra3135",3809,0.0726566917427386
"spectra3136",3810,0.0726594817219917
"spectra3137",3811,0.0726959461825726
"spectra3138",3812,0.0727440295643153
"spectra3139",3813,0.0727572738589212
"spectra3140",3814,0.0727512105394191
"spectra3141",3815,0.0727688394605809
"spectra3142",3816,0.0728640352380952
"spectra3143",3817,0.073017830186722
"spectra3144",3818,0.0731127571576764
"spectra3145",3819,0.0731270423858921
"spectra3146",3820,0.0730799219709544
"spectra3147",3821,0.0730197975518672
"spectra3148",3822,0.0730508110788382
"spectra3149",3823,0.0730582097925311
"spectra3150",3824,0.0729692146058091
"spectra3151",3825,0.0728646680290456
"spectra3152",3826,0.0728085657883818
"spectra3153",3827,0.0727933835684647
"spectra3154",3828,0.0727732326970954
"spectra3155",3829,0.0727420954451346
"spectra3156",3830,0.0727378775103734
"spectra3157",3831,0.0727849919087137
"spectra3158",3832,0.0728772795850622
"spectra3159",3833,0.0729757055900621
"spectra3160",3834,0.0730169407053942
"spectra3161",3835,0.0729769264522822
"spectra3162",3836,0.0729160205394191
"spectra3163",3837,0.0729291569502075
"spectra3164",3838,0.0730193481742738
"spectra3165",3839,0.0730931282987552
"spectra3166",3840,0.0730957763070539
"spectra3167",3841,0.0730467936514523
"spectra3168",3842,0.0729707788174274
"spectra3169",3843,0.0728790859543568
"spectra3170",3844,0.0728106315975104
"spectra3171",3845,0.0728027417391304
"spectra3172",3846,0.07283092
"spectra3173",3847,0.0728564519087137
"spectra3174",3848,0.0728816045643154
"spectra3175",3849,0.072924228713693
"spectra3176",3850,0.0729700883609959
"spectra3177",3851,0.0729823713278008
"spectra3178",3852,0.072899521846473
"spectra3179",3853,0.0727647992531121
"spectra3180",3854,0.0729053173029046
"spectra3181",3855,0.0731558766390042
"spectra3182",3856,0.073202743692946
"spectra3183",3857,0.0731064786956522
"spectra3184",3858,0.0729906214285714
"spectra3185",3859,0.072917316659751
"spectra3186",3860,0.072906487780083
"spectra3187",3861,0.0729561940456431
"spectra3188",3862,0.073028934057971
"spectra3189",3863,0.0730639445643154
"spectra3190",3864,0.0730465957261411
"spectra3191",3865,0.073042247966805
"spectra3192",3866,0.0730683065560166
"spectra3193",3867,0.0730655217219917
"spectra3194",3868,0.0730377532987552
"spectra3195",3869,0.0730229134647303
"spectra3196",3870,0.0730846695652174
"spectra3197",3871,0.0731958090871369
"spectra3198",3872,0.0731949642738589
"spectra3199",3873,0.0730657229875519
"spectra3200",3874,0.0729226939130435
"spectra3201",3875,0.072885667219917
"spectra3202",3876,0.0729265945850622
"spectra3203",3877,0.072974336120332
"spectra3204",3878,0.0730164158921162
"spectra3205",3879,0.0730347686721992
"spectra3206",3880,0.0730102319502075
"spectra3207",3881,0.0729996429875519
"spectra3208",3882,0.0730138192116183
"spectra3209",3883,0.072990112219917
"spectra3210",3884,0.0729212240248963
"spectra3211",3885,0.0728631613070539
"spectra3212",3886,0.0729159500621118
"spectra3213",3887,0.0730292214492754
"spectra3214",3888,0.0730722802489627
"spectra3215",3889,0.0730559607883817
"spectra3216",3890,0.0730363047717842
"spectra3217",3891,0.0730072922981366
"spectra3218",3892,0.0729570137344398
"spectra3219",3893,0.0729100215975104
"spectra3220",3894,0.0729003398547718
"spectra3221",3895,0.0729390482572614
"spectra3222",3896,0.073000218340249
"spectra3223",3897,0.0730536473029046
"spectra3224",3898,0.0730935007053942
"spectra3225",3899,0.0731280018219462
"spectra3226",3900,0.0731587947717842
"spectra3227",3901,0.0731762654979253
"spectra3228",3902,0.0731739717842324
"spectra3229",3903,0.0731463066459627
"spectra3230",3904,0.0730944747717842
"spectra3231",3905,0.0730348003319502
"spectra3232",3906,0.0729735873443983
"spectra3233",3907,0.0729151316182573
"spectra3234",3908,0.0728774501244813
"spectra3235",3909,0.0728697616804979
"spectra3236",3910,0.0728808525103734
"spectra3237",3911,0.0728994457142857
"spectra3238",3912,0.0729266710788382
"spectra3239",3913,0.0729587966804979
"spectra3240",3914,0.0729795505394191
"spectra3241",3915,0.0729727998964803
"spectra3242",3916,0.0729402375569358
"spectra3243",3917,0.0729057798755187
"spectra3244",3918,0.0728951572821577
"spectra3245",3919,0.0729183671369295
"spectra3246",3920,0.0729792019047619
"spectra3247",3921,0.0730588701659751
"spectra3248",3922,0.0731122579253112
"spectra3249",3923,0.0731101610788382
"spectra3250",3924,0.0730700175362319
"spectra3251",3925,0.0730381884647303
"spectra3252",3926,0.0730275277385892
"spectra3253",3927,0.0730187199792531
"spectra3254",3928,0.0730184967701863
"spectra3255",3929,0.0730432865145228
"spectra3256",3930,0.0730792693775934
"spectra3257",3931,0.0730934605809129
"spectra3258",3932,0.0730790291097309
"spectra3259",3933,0.0730596063692946
"spectra3260",3934,0.0730441804356846
"spectra3261",3935,0.0730228158091286
"spectra3262",3936,0.0729955977178423
"spectra3263",3937,0.072971762033195
"spectra3264",3938,0.0729611246473029
"spectra3265",3939,0.0729750388796681
"spectra3266",3940,0.0730168922567288
"spectra3267",3941,0.0730627729253112
"spectra3268",3942,0.0730752248547718
"spectra3269",3943,0.0730522119917013
"spectra3270",3944,0.0730275799378882
"spectra3271",3945,0.0730138440372671
"spectra3272",3946,0.0730029360580913
"spectra3273",3947,0.0729929420746888
"spectra3274",3948,0.0729959826556017
"spectra3275",3949,0.0730171473291926
"spectra3276",3950,0.073043442219917
"spectra3277",3951,0.0730619583817427
"spectra3278",3952,0.0730685154771784
"spectra3279",3953,0.0730566922981366
"spectra3280",3954,0.0730255674688797
"spectra3281",3955,0.0729939114937759
"spectra3282",3956,0.0729846274273859
"spectra3283",3957,0.0729961783850932
"spectra3284",3958,0.0730045197302905
"spectra3285",3959,0.0729912427178423
"spectra3286",3960,0.0729607829460581
"spectra3287",3961,0.0729324674534162
"spectra3288",3962,0.0729260308298755
"spectra3289",3963,0.07294571
"spectra3290",3964,0.0729726178838174
"spectra3291",3965,0.0729863460869565
"spectra3292",3966,0.0729845885892116
"spectra3293",3967,0.0729756473858921
"spectra3294",3968,0.07296035
"spectra3295",3969,0.0729380722360248
"spectra3296",3970,0.0729197039834025
"spectra3297",3971,0.0729205977593361
"spectra3298",3972,0.0729427458506224
"spectra3299",3973,0.0729750818012422
"spectra3300",3974,0.0730011292132505
"spectra3301",3975,0.0730012996887967
"spectra3302",3976,0.0729703345020747
"spectra3303",3977,0.0729401413692946
"spectra3304",3978,0.0729529985477178
"spectra3305",3979,0.0730004103319502
"spectra3306",3980,0.0730255233195021
"spectra3307",3981,0.072997002780083
"spectra3308",3982,0.0729489441614907
"spectra3309",3983,0.0729263114937759
"spectra3310",3984,0.0729286431120332
"spectra3311",3985,0.0729324223236514
"spectra3312",3986,0.0729355674120083
"spectra3313",3987,0.0729490907053942
"spectra3314",3988,0.0729687066390041
"spectra3315",3989,0.0729822196680498
"spectra3316",3990,0.0729903596058091
"spectra3317",3991,0.0730010867219917
"spectra3318",3992,0.0730130039834025
"spectra3319",3993,0.0730175118879668
"spectra3320",3994,0.073006074679089
"spectra3321",3995,0.0729766068879668
"spectra3322",3996,0.0729445885062241
"spectra3323",3997,0.0729376766390041
"spectra3324",3998,0.0729627508074534
"spectra3325",3999,0.0729934114937759
"spectra3326",4000,0.0730069672614108
