"","wavenumber","spectra"
"spectra1",675,0.300925750923045
"spectra2",676,0.300411990665837
"spectra3",677,0.300082068049793
"spectra4",678,0.299790729765609
"spectra5",679,0.29941602207011
"spectra6",680,0.298976894875519
"spectra7",681,0.298435727255756
"spectra8",682,0.297645942791952
"spectra9",683,0.296634743236515
"spectra10",684,0.295683444949181
"spectra11",685,0.294984814187928
"spectra12",686,0.294430787489627
"spectra13",687,0.293861407985895
"spectra14",688,0.293306922438822
"spectra15",689,0.292867507880547
"spectra16",690,0.292549232918482
"spectra17",691,0.292324591414351
"spectra18",692,0.292180272853588
"spectra19",693,0.292084947521261
"spectra20",694,0.292043966072169
"spectra21",695,0.292146418581501
"spectra22",696,0.292428697759801
"spectra23",697,0.292766125508088
"spectra24",698,0.293037628224803
"spectra25",699,0.293297251773491
"spectra26",700,0.293651469722107
"spectra27",701,0.294078731839867
"spectra28",702,0.294489146048538
"spectra29",703,0.294829560165975
"spectra30",704,0.295009231238332
"spectra31",705,0.294879881518357
"spectra32",706,0.294377027385892
"spectra33",707,0.293579141796308
"spectra34",708,0.292621596141879
"spectra35",709,0.291699645954357
"spectra36",710,0.291123929703381
"spectra37",711,0.291186254158888
"spectra38",712,0.291937452946058
"spectra39",713,0.293228978655881
"spectra40",714,0.294985554594482
"spectra41",715,0.297331034093737
"spectra42",716,0.300465383592616
"spectra43",717,0.304649361219411
"spectra44",718,0.310347734549979
"spectra45",719,0.318200013275254
"spectra46",720,0.328778339589382
"spectra47",721,0.342463411903774
"spectra48",722,0.359760298257623
"spectra49",723,0.38168455748652
"spectra50",724,0.409292906926586
"spectra51",725,0.44177755843186
"spectra52",726,0.473867971754459
"spectra53",727,0.495645659041891
"spectra54",728,0.497792448745074
"spectra55",729,0.479143841493776
"spectra56",730,0.447313775420037
"spectra57",731,0.410057406160547
"spectra58",732,0.371728208485476
"spectra59",733,0.334311173802116
"spectra60",734,0.299070848620617
"spectra61",735,0.26697833692946
"spectra62",736,0.238827353080274
"spectra63",737,0.215364676706078
"spectra64",738,0.197089625746889
"spectra65",739,0.183911285397221
"spectra66",740,0.175126776851276
"spectra67",741,0.169778772448133
"spectra68",742,0.166982310910599
"spectra69",743,0.165898912090419
"spectra70",744,0.165807226233928
"spectra71",745,0.166219765339141
"spectra72",746,0.166862600041477
"spectra73",747,0.167528972044795
"spectra74",748,0.168038903256586
"spectra75",749,0.168323414475321
"spectra76",750,0.168381061509747
"spectra77",751,0.168135091122174
"spectra78",752,0.1674681536292
"spectra79",753,0.166385715802572
"spectra80",754,0.165008578282514
"spectra81",755,0.163418170228216
"spectra82",756,0.161649066397013
"spectra83",757,0.159813932275462
"spectra84",758,0.158055165809129
"spectra85",759,0.156391850715619
"spectra86",760,0.154730906036092
"spectra87",761,0.153015057074689
"spectra88",762,0.151258744036507
"spectra89",763,0.149455634287492
"spectra90",764,0.147559853112033
"spectra91",765,0.145558582057664
"spectra92",766,0.143493360381663
"spectra93",767,0.141417394419087
"spectra94",768,0.139392990043559
"spectra95",769,0.137499865118208
"spectra96",770,0.135765653587723
"spectra97",771,0.134132033022195
"spectra98",772,0.132552563065118
"spectra99",773,0.131074432911655
"spectra100",774,0.129759745467745
"spectra101",775,0.128594239485691
"spectra102",776,0.127536597967648
"spectra103",777,0.126596047479776
"spectra104",778,0.125786902695977
"spectra105",779,0.125066306947325
"spectra106",780,0.124389597427919
"spectra107",781,0.123778364620489
"spectra108",782,0.123268926446795
"spectra109",783,0.122860008359262
"spectra110",784,0.12256729246888
"spectra111",785,0.12245649334163
"spectra112",786,0.122551664343497
"spectra113",787,0.122786511991701
"spectra114",788,0.123086585086082
"spectra115",789,0.123433168803153
"spectra116",790,0.123835935456432
"spectra117",791,0.124327634038581
"spectra118",792,0.1249851054553
"spectra119",793,0.125820028630705
"spectra120",794,0.126598856025721
"spectra121",795,0.126875705040448
"spectra122",796,0.126300525425135
"spectra123",797,0.124920402343912
"spectra124",798,0.123112092409788
"spectra125",799,0.121342320364994
"spectra126",800,0.119972734723086
"spectra127",801,0.11915959033596
"spectra128",802,0.118831776192451
"spectra129",803,0.118774142999378
"spectra130",804,0.11876164251348
"spectra131",805,0.118635348900871
"spectra132",806,0.11833723009749
"spectra133",807,0.117933563956864
"spectra134",808,0.117572513127333
"spectra135",809,0.117372572433105
"spectra136",810,0.11735052593361
"spectra137",811,0.117452521945654
"spectra138",812,0.117602103649938
"spectra139",813,0.117700156544285
"spectra140",814,0.117670544679527
"spectra141",815,0.117523010970552
"spectra142",816,0.117312790894005
"spectra143",817,0.117052614665007
"spectra144",818,0.116731559104106
"spectra145",819,0.116400702862477
"spectra146",820,0.116149269923252
"spectra147",821,0.116002172729158
"spectra148",822,0.115922104024061
"spectra149",823,0.115900813503423
"spectra150",824,0.115966886060983
"spectra151",825,0.116118021157436
"spectra152",826,0.11632870360921
"spectra153",827,0.116596397842771
"spectra154",828,0.11692135594275
"spectra155",829,0.117278841941506
"spectra156",830,0.11766909068658
"spectra157",831,0.118144767205974
"spectra158",832,0.118743107591786
"spectra159",833,0.119439840136901
"spectra160",834,0.120207850425223
"spectra161",835,0.121050927027588
"spectra162",836,0.121948260049782
"spectra163",837,0.122842850093342
"spectra164",838,0.123724306532559
"spectra165",839,0.124634023024269
"spectra166",840,0.125565807073221
"spectra167",841,0.126448413479884
"spectra168",842,0.127237027255756
"spectra169",843,0.127940789296826
"spectra170",844,0.128553830900041
"spectra171",845,0.129044574611077
"spectra172",846,0.129423279340386
"spectra173",847,0.129747985151389
"spectra174",848,0.130051244741755
"spectra175",849,0.130322224725161
"spectra176",850,0.130553881124248
"spectra177",851,0.130756082078407
"spectra178",852,0.130941136403236
"spectra179",853,0.131148664260527
"spectra180",854,0.131451998755445
"spectra181",855,0.131891052520224
"spectra182",856,0.132441631238332
"spectra183",857,0.133083463389338
"spectra184",858,0.133841021032981
"spectra185",859,0.134717080999793
"spectra186",860,0.135657554324829
"spectra187",861,0.136632727069073
"spectra188",862,0.137699155901265
"spectra189",863,0.138952744409873
"spectra190",864,0.140503804396516
"spectra191",865,0.142531371873055
"spectra192",866,0.145312549491807
"spectra193",867,0.149198714890087
"spectra194",868,0.154673199792574
"spectra195",869,0.162293343932794
"spectra196",870,0.172118836872667
"spectra197",871,0.18283259879693
"spectra198",872,0.191508393217175
"spectra199",873,0.194918284632932
"spectra200",874,0.191771313627878
"spectra201",875,0.183683349346609
"spectra202",876,0.173736498589797
"spectra203",877,0.164230377245385
"spectra204",878,0.1558831282514
"spectra205",879,0.148550762787803
"spectra206",880,0.142072266957063
"spectra207",881,0.136486363866418
"spectra208",882,0.1318842369218
"spectra209",883,0.12831238338519
"spectra210",884,0.125781650923045
"spectra211",885,0.12423659029247
"spectra212",886,0.12351553675586
"spectra213",887,0.123424130367144
"spectra214",888,0.123838845550716
"spectra215",889,0.124673991910392
"spectra216",890,0.125799013334716
"spectra217",891,0.127080406430201
"spectra218",892,0.128471545924082
"spectra219",893,0.129957710535048
"spectra220",894,0.131475953080274
"spectra221",895,0.132979998340593
"spectra222",896,0.134528758316051
"spectra223",897,0.136232705040448
"spectra224",898,0.138148120742585
"spectra225",899,0.140270037702198
"spectra226",900,0.142575586973657
"spectra227",901,0.145025582389546
"spectra228",902,0.14757247754044
"spectra229",903,0.150190816801494
"spectra230",904,0.152827340116159
"spectra231",905,0.155311475482265
"spectra232",906,0.157418248102054
"spectra233",907,0.159051597386976
"spectra234",908,0.160334523750259
"spectra235",909,0.161537237668533
"spectra236",910,0.162950845499793
"spectra237",911,0.164796531113877
"spectra238",912,0.167149615497925
"spectra239",913,0.169883136320266
"spectra240",914,0.172702922879071
"spectra241",915,0.175263573775934
"spectra242",916,0.177310148350965
"spectra243",917,0.17880110012443
"spectra244",918,0.17992825217752
"spectra245",919,0.180982796494503
"spectra246",920,0.182211450394027
"spectra247",921,0.183809162256325
"spectra248",922,0.185951570856669
"spectra249",923,0.188757651036914
"spectra250",924,0.19223989541684
"spectra251",925,0.196343574113254
"spectra252",926,0.200998836457901
"spectra253",927,0.206080135047698
"spectra254",928,0.211357390479154
"spectra255",929,0.216558872604729
"spectra256",930,0.221426060244712
"spectra257",931,0.225657500435594
"spectra258",932,0.228948800622407
"spectra259",933,0.23108511219664
"spectra260",934,0.231983571624144
"spectra261",935,0.231643213278008
"spectra262",936,0.23013582833437
"spectra263",937,0.227642297344949
"spectra264",938,0.224433221161826
"spectra265",939,0.220812651586808
"spectra266",940,0.217080631590956
"spectra267",941,0.213475900228216
"spectra268",942,0.21011822447625
"spectra269",943,0.207043950342253
"spectra270",944,0.204314439153878
"spectra271",945,0.202030269674341
"spectra272",946,0.200225293778515
"spectra273",947,0.198827222853588
"spectra274",948,0.197728231238332
"spectra275",949,0.196867443550394
"spectra276",950,0.196220281750311
"spectra277",951,0.195749190914748
"spectra278",952,0.195407813396931
"spectra279",953,0.195170367482372
"spectra280",954,0.195021570752956
"spectra281",955,0.194929806097055
"spectra282",956,0.194847374989631
"spectra283",957,0.194726446795271
"spectra284",958,0.194528950705394
"spectra285",959,0.194248344969923
"spectra286",960,0.193907944451359
"spectra287",961,0.193524738091286
"spectra288",962,0.193090702800249
"spectra289",963,0.192605880667911
"spectra290",964,0.192104787344398
"spectra291",965,0.191626730180461
"spectra292",966,0.191190937149969
"spectra293",967,0.190829521161826
"spectra294",968,0.190608260609832
"spectra295",969,0.19057669807094
"spectra296",970,0.190728527842324
"spectra297",971,0.191046868886123
"spectra298",972,0.191559453919535
"spectra299",973,0.192315841891331
"spectra300",974,0.193353161252852
"spectra301",975,0.194718347366238
"spectra302",976,0.196486278598092
"spectra303",977,0.198720156150176
"spectra304",978,0.201440433430112
"spectra305",979,0.20465271244297
"spectra306",980,0.208358418046048
"spectra307",981,0.212509150103691
"spectra308",982,0.216998460223973
"spectra309",983,0.221725937834474
"spectra310",984,0.226630422065533
"spectra311",985,0.231666947666459
"spectra312",986,0.236810334204522
"spectra313",987,0.242097603174274
"spectra314",988,0.24757762464219
"spectra315",989,0.253249875731176
"spectra316",990,0.259089346182573
"spectra317",991,0.265061881808754
"spectra318",992,0.271053068035677
"spectra319",993,0.276858046369295
"spectra320",994,0.282305769197262
"spectra321",995,0.287306288695291
"spectra322",996,0.291745305726141
"spectra323",997,0.295478892449699
"spectra324",998,0.298483329137287
"spectra325",999,0.300891731667358
"spectra326",1000,0.3028440875467
"spectra327",1001,0.304457752173913
"spectra328",1002,0.305931565352697
"spectra329",1003,0.307510971369295
"spectra330",1004,0.309373185062241
"spectra331",1005,0.311682878674948
"spectra332",1006,0.314707500829876
"spectra333",1007,0.318753848547718
"spectra334",1008,0.324051085892116
"spectra335",1009,0.330803578008298
"spectra336",1010,0.339259998550725
"spectra337",1011,0.349703005809128
"spectra338",1012,0.362480182987552
"spectra339",1013,0.377978681742738
"spectra340",1014,0.396112517427385
"spectra341",1015,0.415005169709544
"spectra342",1016,0.430273004979253
"spectra343",1017,0.437018151452282
"spectra344",1018,0.433239197510374
"spectra345",1019,0.42141697593361
"spectra346",1020,0.406755791078838
"spectra347",1021,0.393975198962656
"spectra348",1022,0.385389853830228
"spectra349",1023,0.380899219917013
"spectra350",1024,0.379220653526971
"spectra351",1025,0.3789457406639
"spectra352",1026,0.378864286956522
"spectra353",1027,0.378038056639004
"spectra354",1028,0.375977263900415
"spectra355",1029,0.372745559543568
"spectra356",1030,0.368670215113872
"spectra357",1031,0.364016506224067
"spectra358",1032,0.35902852780083
"spectra359",1033,0.35404218879668
"spectra360",1034,0.349360030434783
"spectra361",1035,0.345127780705394
"spectra362",1036,0.341410548340249
"spectra363",1037,0.338211055394191
"spectra364",1038,0.335395513278008
"spectra365",1039,0.332761804149378
"spectra366",1040,0.330209090871369
"spectra367",1041,0.327746798340249
"spectra368",1042,0.325310562240664
"spectra369",1043,0.322777382365145
"spectra370",1044,0.320094779875519
"spectra371",1045,0.317287345850623
"spectra372",1046,0.314350879460581
"spectra373",1047,0.311318303319502
"spectra374",1048,0.308333087966805
"spectra375",1049,0.305548274688797
"spectra376",1050,0.302959005809128
"spectra377",1051,0.300484911180124
"spectra378",1052,0.298093071784232
"spectra379",1053,0.295734140041494
"spectra380",1054,0.293223502074689
"spectra381",1055,0.290353533540373
"spectra382",1056,0.287046995850622
"spectra383",1057,0.283333617842323
"spectra384",1058,0.279279197925311
"spectra385",1059,0.274988801863354
"spectra386",1060,0.270616709336099
"spectra387",1061,0.266334122821576
"spectra388",1062,0.26233405
"spectra389",1063,0.258876276811594
"spectra390",1064,0.256250348547718
"spectra391",1065,0.254709340248963
"spectra392",1066,0.25446760746888
"spectra393",1067,0.2557059406639
"spectra394",1068,0.258608137551867
"spectra395",1069,0.263274509958506
"spectra396",1070,0.269671786514523
"spectra397",1071,0.277675165975104
"spectra398",1072,0.287017463900414
"spectra399",1073,0.297237352697095
"spectra400",1074,0.307674992946058
"spectra401",1075,0.317694019087138
"spectra402",1076,0.326732594813278
"spectra403",1077,0.334333692946058
"spectra404",1078,0.340221116182573
"spectra405",1079,0.344408164937759
"spectra406",1080,0.347034803319502
"spectra407",1081,0.348193133195021
"spectra408",1082,0.3480273593361
"spectra409",1083,0.346792012448133
"spectra410",1084,0.344675437267081
"spectra411",1085,0.341805064522821
"spectra412",1086,0.338504083609959
"spectra413",1087,0.335349832572614
"spectra414",1088,0.332929785714286
"spectra415",1089,0.331696095020747
"spectra416",1090,0.332061222406639
"spectra417",1091,0.334430458506224
"spectra418",1092,0.33910344087137
"spectra419",1093,0.346271419087136
"spectra420",1094,0.355930506224066
"spectra421",1095,0.367913469709544
"spectra422",1096,0.381706671784231
"spectra423",1097,0.396498446058091
"spectra424",1098,0.411356302074689
"spectra425",1099,0.425007506639004
"spectra426",1100,0.435834602074688
"spectra427",1101,0.442306304356847
"spectra428",1102,0.443486802904564
"spectra429",1103,0.438932680705395
"spectra430",1104,0.428595
"spectra431",1105,0.41307151825726
"spectra432",1106,0.393642513692948
"spectra433",1107,0.372345182572615
"spectra434",1108,0.351710334854772
"spectra435",1109,0.334539292738589
"spectra436",1110,0.323156811410789
"spectra437",1111,0.318781017634855
"spectra438",1112,0.321188029253112
"spectra439",1113,0.328970792753623
"spectra440",1114,0.339964344813278
"spectra441",1115,0.351671818257262
"spectra442",1116,0.361803212863071
"spectra443",1117,0.368844885921325
"spectra444",1118,0.372248170539419
"spectra445",1119,0.372144389211618
"spectra446",1120,0.369130670746888
"spectra447",1121,0.364106315352697
"spectra448",1122,0.357743445643153
"spectra449",1123,0.350360227385892
"spectra450",1124,0.342068542323652
"spectra451",1125,0.33297900373444
"spectra452",1126,0.323248926556016
"spectra453",1127,0.313107672199171
"spectra454",1128,0.303035815975104
"spectra455",1129,0.29367296659751
"spectra456",1130,0.285611064315353
"spectra457",1131,0.279221892531121
"spectra458",1132,0.274713646887967
"spectra459",1133,0.272125008695652
"spectra460",1134,0.271241696473029
"spectra461",1135,0.271683928423237
"spectra462",1136,0.273009050622407
"spectra463",1137,0.274784934024896
"spectra464",1138,0.276639580497925
"spectra465",1139,0.278325593775934
"spectra466",1140,0.279739202904564
"spectra467",1141,0.280869018672199
"spectra468",1142,0.281728034161491
"spectra469",1143,0.282386290871369
"spectra470",1144,0.282994392946058
"spectra471",1145,0.283698167634855
"spectra472",1146,0.284556262240664
"spectra473",1147,0.285591732780083
"spectra474",1148,0.286850438589211
"spectra475",1149,0.288388334024896
"spectra476",1150,0.290255812033195
"spectra477",1151,0.292557442116182
"spectra478",1152,0.295422183817427
"spectra479",1153,0.298890824481328
"spectra480",1154,0.302861869772257
"spectra481",1155,0.307170490871369
"spectra482",1156,0.311608265975104
"spectra483",1157,0.315863941078838
"spectra484",1158,0.319565558921162
"spectra485",1159,0.322426830912863
"spectra486",1160,0.32427727406639
"spectra487",1161,0.324979452489627
"spectra488",1162,0.324435722981367
"spectra489",1163,0.322683480082987
"spectra490",1164,0.319847759336099
"spectra491",1165,0.316043647302905
"spectra492",1166,0.311398442323652
"spectra493",1167,0.306118655394191
"spectra494",1168,0.300403187551867
"spectra495",1169,0.294408164730291
"spectra496",1170,0.288276589004149
"spectra497",1171,0.2821891747412
"spectra498",1172,0.276282960165976
"spectra499",1173,0.270653082157676
"spectra500",1174,0.265401721161825
"spectra501",1175,0.260645964730291
"spectra502",1176,0.256426041701245
"spectra503",1177,0.252684466804979
"spectra504",1178,0.249302335892116
"spectra505",1179,0.246152410788382
"spectra506",1180,0.243077837759336
"spectra507",1181,0.23993269626556
"spectra508",1182,0.236631567634855
"spectra509",1183,0.233166557142857
"spectra510",1184,0.229547039834025
"spectra511",1185,0.225796986307054
"spectra512",1186,0.221978274273859
"spectra513",1187,0.218188151759834
"spectra514",1188,0.214514052697095
"spectra515",1189,0.21100313900415
"spectra516",1190,0.207705510373444
"spectra517",1191,0.204670746997929
"spectra518",1192,0.201934870124481
"spectra519",1193,0.199523826141079
"spectra520",1194,0.197483760580913
"spectra521",1195,0.195876443360996
"spectra522",1196,0.194755757676349
"spectra523",1197,0.194149393360996
"spectra524",1198,0.194078514107884
"spectra525",1199,0.194554663485477
"spectra526",1200,0.195560754979253
"spectra527",1201,0.197035952697095
"spectra528",1202,0.198866393983403
"spectra529",1203,0.200898271991701
"spectra530",1204,0.202921374273859
"spectra531",1205,0.20469416846473
"spectra532",1206,0.20596565560166
"spectra533",1207,0.206539195850622
"spectra534",1208,0.206360872821577
"spectra535",1209,0.205587764522821
"spectra536",1210,0.204543311618257
"spectra537",1211,0.203572556846473
"spectra538",1212,0.2029231
"spectra539",1213,0.202714292946058
"spectra540",1214,0.202957310788382
"spectra541",1215,0.203559881327801
"spectra542",1216,0.204405269565217
"spectra543",1217,0.205410012448133
"spectra544",1218,0.206537633609959
"spectra545",1219,0.207771228423237
"spectra546",1220,0.209114415942029
"spectra547",1221,0.210604564315353
"spectra548",1222,0.212295063070539
"spectra549",1223,0.21423777966805
"spectra550",1224,0.216502634024896
"spectra551",1225,0.219176792323652
"spectra552",1226,0.222323443568465
"spectra553",1227,0.225943930705394
"spectra554",1228,0.230049205797101
"spectra555",1229,0.234717384232365
"spectra556",1230,0.240100404564315
"spectra557",1231,0.246351433609958
"spectra558",1232,0.253625270807454
"spectra559",1233,0.262047624896266
"spectra560",1234,0.271662706639003
"spectra561",1235,0.282411074481328
"spectra562",1236,0.2941964093361
"spectra563",1237,0.306868265975103
"spectra564",1238,0.32023938506224
"spectra565",1239,0.334038598340249
"spectra566",1240,0.348010265560167
"spectra567",1241,0.36183806473029
"spectra568",1242,0.375139569087137
"spectra569",1243,0.387408966390042
"spectra570",1244,0.398101434439833
"spectra571",1245,0.406641911203319
"spectra572",1246,0.412640845643154
"spectra573",1247,0.416102770539419
"spectra574",1248,0.41746962406639
"spectra575",1249,0.41735322173913
"spectra576",1250,0.41632733340249
"spectra577",1251,0.414858044605809
"spectra578",1252,0.413232098340249
"spectra579",1253,0.411493077593361
"spectra580",1254,0.409538617427386
"spectra581",1255,0.407329030705394
"spectra582",1256,0.404992172614108
"spectra583",1257,0.402756026086956
"spectra584",1258,0.400945537759336
"spectra585",1259,0.400025833817427
"spectra586",1260,0.400549836514523
"spectra587",1261,0.402955383436853
"spectra588",1262,0.407383451037344
"spectra589",1263,0.413597686307054
"spectra590",1264,0.420926942323652
"spectra591",1265,0.428290107883817
"spectra592",1266,0.434418568049793
"spectra593",1267,0.438197673236515
"spectra594",1268,0.438717478630706
"spectra595",1269,0.435548190041494
"spectra596",1270,0.428697922406639
"spectra597",1271,0.418576194605809
"spectra598",1272,0.405919658506225
"spectra599",1273,0.391567950622407
"spectra600",1274,0.376233620954356
"spectra601",1275,0.360317820124483
"spectra602",1276,0.344117830705395
"spectra603",1277,0.327899737551867
"spectra604",1278,0.311895176190477
"spectra605",1279,0.296211720331951
"spectra606",1280,0.280965545643153
"spectra607",1281,0.266279092946057
"spectra608",1282,0.252210931055902
"spectra609",1283,0.238780651659751
"spectra610",1284,0.226023177178423
"spectra611",1285,0.213991876556016
"spectra612",1286,0.202632718012423
"spectra613",1287,0.191874713692946
"spectra614",1288,0.181772624481327
"spectra615",1289,0.172467478838175
"spectra616",1290,0.164028777639752
"spectra617",1291,0.156452621369294
"spectra618",1292,0.149766755186722
"spectra619",1293,0.143980159958506
"spectra620",1294,0.139031335477178
"spectra621",1295,0.134862021576763
"spectra622",1296,0.131396626141079
"spectra623",1297,0.128535270124481
"spectra624",1298,0.126126237344398
"spectra625",1299,0.124067290871369
"spectra626",1300,0.122305727385892
"spectra627",1301,0.120777219709544
"spectra628",1302,0.119400909751037
"spectra629",1303,0.118141385477178
"spectra630",1304,0.116977891701245
"spectra631",1305,0.115858437759336
"spectra632",1306,0.114742161825726
"spectra633",1307,0.113665626708075
"spectra634",1308,0.112690582157676
"spectra635",1309,0.111845658921162
"spectra636",1310,0.111158177593361
"spectra637",1311,0.110689606004141
"spectra638",1312,0.110480439419087
"spectra639",1313,0.110531046058091
"spectra640",1314,0.110868421991701
"spectra641",1315,0.11154706252588
"spectra642",1316,0.11255347219917
"spectra643",1317,0.113770446887967
"spectra644",1318,0.115036083195021
"spectra645",1319,0.116154496273292
"spectra646",1320,0.11686561659751
"spectra647",1321,0.1169144
"spectra648",1322,0.116167001659751
"spectra649",1323,0.114650775776398
"spectra650",1324,0.11246990186722
"spectra651",1325,0.10983115373444
"spectra652",1326,0.107024608506224
"spectra653",1327,0.104286980912863
"spectra654",1328,0.101734826141079
"spectra655",1329,0.099420996639004
"spectra656",1330,0.0974106645643155
"spectra657",1331,0.0957449760580913
"spectra658",1332,0.0944169085477178
"spectra659",1333,0.0934008063278009
"spectra660",1334,0.092686447406639
"spectra661",1335,0.0922568213664596
"spectra662",1336,0.0920746434439834
"spectra663",1337,0.092116552780083
"spectra664",1338,0.0923893565975104
"spectra665",1339,0.09288257593361
"spectra666",1340,0.0935234665838509
"spectra667",1341,0.0942249757883817
"spectra668",1342,0.0949677471784233
"spectra669",1343,0.0957926892946059
"spectra670",1344,0.0967516501449275
"spectra671",1345,0.0978839224481328
"spectra672",1346,0.0992020368049793
"spectra673",1347,0.100686054771784
"spectra674",1348,0.102279421161826
"spectra675",1349,0.103887234854772
"spectra676",1350,0.105385315767635
"spectra677",1351,0.106700697510373
"spectra678",1352,0.10786716252588
"spectra679",1353,0.109010536514523
"spectra680",1354,0.110253281742738
"spectra681",1355,0.11162495560166
"spectra682",1356,0.113078689626556
"spectra683",1357,0.114563587551867
"spectra684",1358,0.116050973236514
"spectra685",1359,0.117500199377593
"spectra686",1360,0.118881673858921
"spectra687",1361,0.120199553526971
"spectra688",1362,0.121429825726141
"spectra689",1363,0.122430443568465
"spectra690",1364,0.123072095238095
"spectra691",1365,0.123361583195021
"spectra692",1366,0.123323202697095
"spectra693",1367,0.122909603319502
"spectra694",1368,0.122086250829876
"spectra695",1369,0.120933343271222
"spectra696",1370,0.119603134024896
"spectra697",1371,0.118213009543569
"spectra698",1372,0.116814719502075
"spectra699",1373,0.115442185714286
"spectra700",1374,0.114225561203319
"spectra701",1375,0.113430586514523
"spectra702",1376,0.113204317842324
"spectra703",1377,0.113431476348548
"spectra704",1378,0.113982484232365
"spectra705",1379,0.114804789626556
"spectra706",1380,0.115868507883817
"spectra707",1381,0.117150497308489
"spectra708",1382,0.118661223651452
"spectra709",1383,0.120392017219917
"spectra710",1384,0.122269877593361
"spectra711",1385,0.124250987551867
"spectra712",1386,0.126367683817427
"spectra713",1387,0.128584180497925
"spectra714",1388,0.130639514107884
"spectra715",1389,0.132259529606625
"spectra716",1390,0.133366502489627
"spectra717",1391,0.133977707053942
"spectra718",1392,0.134085627593361
"spectra719",1393,0.13353840621118
"spectra720",1394,0.132025965975104
"spectra721",1395,0.129586309128631
"spectra722",1396,0.126906177178423
"spectra723",1397,0.124397951452282
"spectra724",1398,0.12182843126294
"spectra725",1399,0.119241221991701
"spectra726",1400,0.117374377178423
"spectra727",1401,0.116723578423236
"spectra728",1402,0.117218628215768
"spectra729",1403,0.119065339004149
"spectra730",1404,0.122849641493776
"spectra731",1405,0.128598236099586
"spectra732",1406,0.135025121991701
"spectra733",1407,0.140475569294606
"spectra734",1408,0.143891904771784
"spectra735",1409,0.144729486929461
"spectra736",1410,0.142767360869565
"spectra737",1411,0.138457746058091
"spectra738",1412,0.133031021991701
"spectra739",1413,0.127728761410789
"spectra740",1414,0.123158719502075
"spectra741",1415,0.119427583402489
"spectra742",1416,0.116332036514523
"spectra743",1417,0.113296982780083
"spectra744",1418,0.10944944989648
"spectra745",1419,0.104549086307054
"spectra746",1420,0.0998659194605811
"spectra747",1421,0.0963548432780083
"spectra748",1422,0.0935626892753621
"spectra749",1423,0.0907955969709546
"spectra750",1424,0.0879210544605809
"spectra751",1425,0.0854234791493775
"spectra752",1426,0.0836693886514524
"spectra753",1427,0.0825043430290457
"spectra754",1428,0.0816852566390041
"spectra755",1429,0.0811982529875519
"spectra756",1430,0.0811365143478261
"spectra757",1431,0.0814482988381743
"spectra758",1432,0.0819908321576764
"spectra759",1433,0.0826494448547717
"spectra760",1434,0.0833706691908713
"spectra761",1435,0.0842023760165975
"spectra762",1436,0.0853104400829875
"spectra763",1437,0.0867057360580912
"spectra764",1438,0.0880848873029046
"spectra765",1439,0.089349663768116
"spectra766",1440,0.0907245852074687
"spectra767",1441,0.0924408560165975
"spectra768",1442,0.0945867163692947
"spectra769",1443,0.0971267814937756
"spectra770",1444,0.0999653141493774
"spectra771",1445,0.103003851452282
"spectra772",1446,0.106304717012448
"spectra773",1447,0.110094382780083
"spectra774",1448,0.114293652489627
"spectra775",1449,0.118207570746888
"spectra776",1450,0.121305074273859
"spectra777",1451,0.123573960869565
"spectra778",1452,0.124995215352697
"spectra779",1453,0.125488310373444
"spectra780",1454,0.125295007883817
"spectra781",1455,0.124759670539419
"spectra782",1456,0.123769648962656
"spectra783",1457,0.121934766390042
"spectra784",1458,0.11986397219917
"spectra785",1459,0.118166657142857
"spectra786",1460,0.116603704564315
"spectra787",1461,0.115110261410788
"spectra788",1462,0.113807877593361
"spectra789",1463,0.112597293775934
"spectra790",1464,0.111083035892116
"spectra791",1465,0.108964195850622
"spectra792",1466,0.106387644605809
"spectra793",1467,0.103554486514523
"spectra794",1468,0.100597133333333
"spectra795",1469,0.0977781163070539
"spectra796",1470,0.0952432543983401
"spectra797",1471,0.0926260529460584
"spectra798",1472,0.0894399701452283
"spectra799",1473,0.0861477768464729
"spectra800",1474,0.0835270427178423
"spectra801",1475,0.0811902531950209
"spectra802",1476,0.0786213055601659
"spectra803",1477,0.0759343575103732
"spectra804",1478,0.0733708750207471
"spectra805",1479,0.0708290194190872
"spectra806",1480,0.0681332372670806
"spectra807",1481,0.0653116378838176
"spectra808",1482,0.0625510681120333
"spectra809",1483,0.0600130659751037
"spectra810",1484,0.0577822336645962
"spectra811",1485,0.0558312780082989
"spectra812",1486,0.054011960373444
"spectra813",1487,0.0522527881742738
"spectra814",1488,0.0507230040993788
"spectra815",1489,0.0495802680082988
"spectra816",1490,0.0487052548547718
"spectra817",1491,0.0480222445435684
"spectra818",1492,0.0476269862655602
"spectra819",1493,0.0474751029045643
"spectra820",1494,0.0474404358506224
"spectra821",1495,0.0475758402074689
"spectra822",1496,0.0481346806224066
"spectra823",1497,0.0492034058506225
"spectra824",1498,0.0505802979460582
"spectra825",1499,0.0523407381950206
"spectra826",1500,0.0547504177385892
"spectra827",1501,0.0577333742738592
"spectra828",1502,0.0608775848962653
"spectra829",1503,0.0636945972614107
"spectra830",1504,0.0656794694190872
"spectra831",1505,0.0660355949170125
"spectra832",1506,0.0632819252904566
"spectra833",1507,0.0574347315145227
"spectra834",1508,0.0528009242323649
"spectra835",1509,0.050459996604555
"spectra836",1510,0.0489758905394191
"spectra837",1511,0.0479630252282157
"spectra838",1512,0.0473175607053941
"spectra839",1513,0.0467959161697723
"spectra840",1514,0.0463350028215768
"spectra841",1515,0.0460991545643153
"spectra842",1516,0.0460946446887967
"spectra843",1517,0.0460491907453416
"spectra844",1518,0.0459006452697095
"spectra845",1519,0.0458816011618257
"spectra846",1520,0.0460357833195021
"spectra847",1521,0.0462450486307054
"spectra848",1522,0.0465111419917013
"spectra849",1523,0.0468221060788382
"spectra850",1524,0.0470058762448133
"spectra851",1525,0.0470682045643154
"spectra852",1526,0.0472270809958506
"spectra853",1527,0.0475170748962656
"spectra854",1528,0.0476733651037344
"spectra855",1529,0.0476133437344398
"spectra856",1530,0.0475231346473029
"spectra857",1531,0.0474741184232365
"spectra858",1532,0.0473295390041494
"spectra859",1533,0.0470326516804979
"spectra860",1534,0.0467841314107884
"spectra861",1535,0.0465996405809129
"spectra862",1536,0.0462890127800829
"spectra863",1537,0.0459046159751038
"spectra864",1538,0.0457290233817427
"spectra865",1539,0.0459013174896266
"spectra866",1540,0.0460403585477178
"spectra867",1541,0.0459901834439834
"spectra868",1542,0.0461242330848861
"spectra869",1543,0.0462617858506224
"spectra870",1544,0.0461992528215768
"spectra871",1545,0.0461688236929461
"spectra872",1546,0.0462894678467909
"spectra873",1547,0.0463344581950207
"spectra874",1548,0.0462263247925311
"spectra875",1549,0.0462046853319502
"spectra876",1550,0.0464027739211618
"spectra877",1551,0.046540746846473
"spectra878",1552,0.0465057897095436
"spectra879",1553,0.046580274439834
"spectra880",1554,0.0468660356016597
"spectra881",1555,0.0470203901037344
"spectra882",1556,0.0468771106016597
"spectra883",1557,0.0468002440456431
"spectra884",1558,0.0472328843360996
"spectra885",1559,0.0478740144398341
"spectra886",1560,0.0479935278008299
"spectra887",1561,0.0479490256016597
"spectra888",1562,0.0478860892116183
"spectra889",1563,0.0477533419502075
"spectra890",1564,0.047724706286307
"spectra891",1565,0.0479640997925311
"spectra892",1566,0.0482430197717842
"spectra893",1567,0.0483416108713693
"spectra894",1568,0.0484896638589212
"spectra895",1569,0.0490255168879668
"spectra896",1570,0.0497344492531121
"spectra897",1571,0.0501929591304348
"spectra898",1572,0.0505402910580913
"spectra899",1573,0.0509785616804979
"spectra900",1574,0.051454011286307
"spectra901",1575,0.0519848626293996
"spectra902",1576,0.0527782471784233
"spectra903",1577,0.05350874593361
"spectra904",1578,0.0535498296680498
"spectra905",1579,0.0531093666666667
"spectra906",1580,0.0526138247717842
"spectra907",1581,0.052159577053942
"spectra908",1582,0.0516388540248963
"spectra909",1583,0.0511283120124481
"spectra910",1584,0.0508416360165975
"spectra911",1585,0.0507519328630705
"spectra912",1586,0.0506709985477178
"spectra913",1587,0.0506346890871369
"spectra914",1588,0.0508015830497925
"spectra915",1589,0.0510781459128631
"spectra916",1590,0.0512670557883817
"spectra917",1591,0.0514420738509317
"spectra918",1592,0.0517508708713693
"spectra919",1593,0.0520588026556017
"spectra920",1594,0.0522366114937759
"spectra921",1595,0.0524510050622406
"spectra922",1596,0.0528235890041494
"spectra923",1597,0.0531677030290457
"spectra924",1598,0.0533807818879668
"spectra925",1599,0.0536546688381743
"spectra926",1600,0.0540846719254659
"spectra927",1601,0.0545013158091287
"spectra928",1602,0.0548638096680498
"spectra929",1603,0.0553738780497925
"spectra930",1604,0.056019468757764
"spectra931",1605,0.0565446051037344
"spectra932",1606,0.0569748195850622
"spectra933",1607,0.0575717212655602
"spectra934",1608,0.0582985280745342
"spectra935",1609,0.0588915977178423
"spectra936",1610,0.0593866790871369
"spectra937",1611,0.0599703684232366
"spectra938",1612,0.0605030343983402
"spectra939",1613,0.0607792543153527
"spectra940",1614,0.0609557286721992
"spectra941",1615,0.0613183872821577
"spectra942",1616,0.0618100932365145
"spectra943",1617,0.0621644904979253
"spectra944",1618,0.0625208526141079
"spectra945",1619,0.062967509626556
"spectra946",1620,0.0632802212008281
"spectra947",1621,0.0634702863485477
"spectra948",1622,0.0639087838796681
"spectra949",1623,0.0647306642738589
"spectra950",1624,0.0654309329253112
"spectra951",1625,0.065805240746888
"spectra952",1626,0.0662533739419087
"spectra953",1627,0.0668995642738589
"spectra954",1628,0.0674706773443984
"spectra955",1629,0.0679305744099379
"spectra956",1630,0.0685166582157676
"spectra957",1631,0.0691325415975104
"spectra958",1632,0.0695071373443984
"spectra959",1633,0.0697654719502074
"spectra960",1634,0.0703205231120332
"spectra961",1635,0.0712534601659752
"spectra962",1636,0.0720856155186722
"spectra963",1637,0.0727225522774327
"spectra964",1638,0.073385281680498
"spectra965",1639,0.0739221919917013
"spectra966",1640,0.0742943889626556
"spectra967",1641,0.0747891081742739
"spectra968",1642,0.0754850423651453
"spectra969",1643,0.0760479845228215
"spectra970",1644,0.0763376051037344
"spectra971",1645,0.0768004735403727
"spectra972",1646,0.0778593543153528
"spectra973",1647,0.0789636019709543
"spectra974",1648,0.0795619087759336
"spectra975",1649,0.0800654233333334
"spectra976",1650,0.0805661058921162
"spectra977",1651,0.0807817156431535
"spectra978",1652,0.0809646706224067
"spectra979",1653,0.0823946481742738
"spectra980",1654,0.0843799407883817
"spectra981",1655,0.0851218886099585
"spectra982",1656,0.085554252053942
"spectra983",1657,0.0864201153734439
"spectra984",1658,0.08751905
"spectra985",1659,0.0884839423651453
"spectra986",1660,0.0895013268049791
"spectra987",1661,0.0909711157676348
"spectra988",1662,0.0928154284647304
"spectra989",1663,0.0947019746473029
"spectra990",1664,0.0966531855394189
"spectra991",1665,0.0986782830705394
"spectra992",1666,0.100515821576764
"spectra993",1667,0.102253185477178
"spectra994",1668,0.104597941908714
"spectra995",1669,0.108028543983403
"spectra996",1670,0.111560505809129
"spectra997",1671,0.11415766286307
"spectra998",1672,0.116213654356846
"spectra999",1673,0.118071530912863
"spectra1000",1674,0.119519536231884
"spectra1001",1675,0.120689576763485
"spectra1002",1676,0.122097847302905
"spectra1003",1677,0.123524577593361
"spectra1004",1678,0.124574011801242
"spectra1005",1679,0.125654108713693
"spectra1006",1680,0.127376225518672
"spectra1007",1681,0.12941496286307
"spectra1008",1682,0.131091133195021
"spectra1009",1683,0.133275471369295
"spectra1010",1684,0.138286546887966
"spectra1011",1685,0.144236285477178
"spectra1012",1686,0.147893831120332
"spectra1013",1687,0.151030458921162
"spectra1014",1688,0.155205604979253
"spectra1015",1689,0.160357147095436
"spectra1016",1690,0.166044808506224
"spectra1017",1691,0.172272694190871
"spectra1018",1692,0.178720018672199
"spectra1019",1693,0.18476195560166
"spectra1020",1694,0.191281651867221
"spectra1021",1695,0.201576158298754
"spectra1022",1696,0.2167265093361
"spectra1023",1697,0.230461868464731
"spectra1024",1698,0.24063352012448
"spectra1025",1699,0.25485156521739
"spectra1026",1700,0.282103234024898
"spectra1027",1701,0.314916076763487
"spectra1028",1702,0.340209342738588
"spectra1029",1703,0.362744474327122
"spectra1030",1704,0.39025180975104
"spectra1031",1705,0.425714688589208
"spectra1032",1706,0.465094259543567
"spectra1033",1707,0.500138851138718
"spectra1034",1708,0.525877657676348
"spectra1035",1709,0.541001536099584
"spectra1036",1710,0.54684135186722
"spectra1037",1711,0.546497539834025
"spectra1038",1712,0.541207122199171
"spectra1039",1713,0.529722236307054
"spectra1040",1714,0.512872990248962
"spectra1041",1715,0.494313614107883
"spectra1042",1716,0.475047553526972
"spectra1043",1717,0.451588419502074
"spectra1044",1718,0.426753139834023
"spectra1045",1719,0.409757613043479
"spectra1046",1720,0.400816267219917
"spectra1047",1721,0.394572743360995
"spectra1048",1722,0.388124100414938
"spectra1049",1723,0.381281391701245
"spectra1050",1724,0.374801006224066
"spectra1051",1725,0.369123274688796
"spectra1052",1726,0.364310331120332
"spectra1053",1727,0.359848349792531
"spectra1054",1728,0.354397376970954
"spectra1055",1729,0.346831509958507
"spectra1056",1730,0.33804769087137
"spectra1057",1731,0.329961862448133
"spectra1058",1732,0.321689965560166
"spectra1059",1733,0.307943358506225
"spectra1060",1734,0.285803438589211
"spectra1061",1735,0.265302244813277
"spectra1062",1736,0.252841357971015
"spectra1063",1737,0.243028478215768
"spectra1064",1738,0.230557819502074
"spectra1065",1739,0.213548189419085
"spectra1066",1740,0.194667131884059
"spectra1067",1741,0.177849369709543
"spectra1068",1742,0.163344908298754
"spectra1069",1743,0.14978646307054
"spectra1070",1744,0.136784590476191
"spectra1071",1745,0.125016413692945
"spectra1072",1746,0.11510586659751
"spectra1073",1747,0.106863118879668
"spectra1074",1748,0.0994554160869563
"spectra1075",1749,0.0925345939004143
"spectra1076",1750,0.0868697444398343
"spectra1077",1751,0.0830054141908714
"spectra1078",1752,0.0803204726141077
"spectra1079",1753,0.0783275047510375
"spectra1080",1754,0.0772076894605809
"spectra1081",1755,0.076796788692946
"spectra1082",1756,0.0763599254356846
"spectra1083",1757,0.0755766073858922
"spectra1084",1758,0.0750265519087137
"spectra1085",1759,0.0748363131120332
"spectra1086",1760,0.0743191478423237
"spectra1087",1761,0.073146615746888
"spectra1088",1762,0.0718378281535269
"spectra1089",1763,0.0706723698962656
"spectra1090",1764,0.0692938512240665
"spectra1091",1765,0.0677246110559006
"spectra1092",1766,0.0662826168464729
"spectra1093",1767,0.0647991658921163
"spectra1094",1768,0.0629019631120332
"spectra1095",1769,0.0610049965838509
"spectra1096",1770,0.059664852614108
"spectra1097",1771,0.0584358778008299
"spectra1098",1772,0.0565704161825726
"spectra1099",1773,0.0546598781573499
"spectra1100",1774,0.0534900834024897
"spectra1101",1775,0.0525230986307054
"spectra1102",1776,0.0512553148132779
"spectra1103",1777,0.0500084272670808
"spectra1104",1778,0.049052439087137
"spectra1105",1779,0.0480075393775933
"spectra1106",1780,0.046593903858921
"spectra1107",1781,0.0453014424223603
"spectra1108",1782,0.0444195598340249
"spectra1109",1783,0.0435289343983402
"spectra1110",1784,0.0424509318257262
"spectra1111",1785,0.0415421048547718
"spectra1112",1786,0.0408999455394191
"spectra1113",1787,0.0401962100622407
"spectra1114",1788,0.0394489852489627
"spectra1115",1789,0.0389751449170124
"spectra1116",1790,0.0387105938589211
"spectra1117",1791,0.0382498610373444
"spectra1118",1792,0.0376921602904564
"spectra1119",1793,0.0375124850207469
"spectra1120",1794,0.0374311745643154
"spectra1121",1795,0.0370501984647303
"spectra1122",1796,0.0366453375726141
"spectra1123",1797,0.03651941093361
"spectra1124",1798,0.0364370294824017
"spectra1125",1799,0.036135358340249
"spectra1126",1800,0.0358713710788382
"spectra1127",1801,0.0358734371784232
"spectra1128",1802,0.0358142614906832
"spectra1129",1803,0.0355293023858921
"spectra1130",1804,0.0353481937344398
"spectra1131",1805,0.0353792072821577
"spectra1132",1806,0.0352942873706004
"spectra1133",1807,0.0350140400414938
"spectra1134",1808,0.034885299253112
"spectra1135",1809,0.0349640577178423
"spectra1136",1810,0.0349007870186335
"spectra1137",1811,0.0346696154771784
"spectra1138",1812,0.0345979282572614
"spectra1139",1813,0.034630975
"spectra1140",1814,0.0344736789419087
"spectra1141",1815,0.0342471117012448
"spectra1142",1816,0.0342730417427386
"spectra1143",1817,0.0344333529875519
"spectra1144",1818,0.0343962168879668
"spectra1145",1819,0.0342803114522822
"spectra1146",1820,0.0343592393153527
"spectra1147",1821,0.0344406887344398
"spectra1148",1822,0.0343001096680498
"spectra1149",1823,0.0341844256846473
"spectra1150",1824,0.0343217964730291
"spectra1151",1825,0.0344014807883817
"spectra1152",1826,0.0341757573029046
"spectra1153",1827,0.0339721328985507
"spectra1154",1828,0.0340026567634855
"spectra1155",1829,0.0339997267012448
"spectra1156",1830,0.0338199153526971
"spectra1157",1831,0.0337584571221532
"spectra1158",1832,0.0338121436929461
"spectra1159",1833,0.03367616593361
"spectra1160",1834,0.033421996473029
"spectra1161",1835,0.0333932021161826
"spectra1162",1836,0.0335170886514523
"spectra1163",1837,0.0334424547925311
"spectra1164",1838,0.0332320609543568
"spectra1165",1839,0.0331952871428571
"spectra1166",1840,0.0332356626970954
"spectra1167",1841,0.0331045277593361
"spectra1168",1842,0.032962080373444
"spectra1169",1843,0.0331120557261411
"spectra1170",1844,0.0333326522406639
"spectra1171",1845,0.0332382611618257
"spectra1172",1846,0.0331050986099585
"spectra1173",1847,0.0332028283643892
"spectra1174",1848,0.0332592249792531
"spectra1175",1849,0.0331067868049792
"spectra1176",1850,0.0330115853526971
"spectra1177",1851,0.0330791912033195
"spectra1178",1852,0.0330464389834025
"spectra1179",1853,0.0328595260580913
"spectra1180",1854,0.0328144052074689
"spectra1181",1855,0.0329410962655602
"spectra1182",1856,0.0329353091304348
"spectra1183",1857,0.032792856473029
"spectra1184",1858,0.0328169660995851
"spectra1185",1859,0.0329721352282158
"spectra1186",1860,0.0329502817391304
"spectra1187",1861,0.0328301020746888
"spectra1188",1862,0.0328992702074689
"spectra1189",1863,0.0330089058506224
"spectra1190",1864,0.0328816163070539
"spectra1191",1865,0.0327047174273859
"spectra1192",1866,0.0327895130290457
"spectra1193",1867,0.0329790937344398
"spectra1194",1868,0.0329684092753623
"spectra1195",1869,0.0329458147302905
"spectra1196",1870,0.0331093375311203
"spectra1197",1871,0.0331551539419087
"spectra1198",1872,0.0329694090248963
"spectra1199",1873,0.0328820681327801
"spectra1200",1874,0.0330256290871369
"spectra1201",1875,0.0330883571369295
"spectra1202",1876,0.032975042173913
"spectra1203",1877,0.0329835889211618
"spectra1204",1878,0.0331533893568465
"spectra1205",1879,0.0331685983817427
"spectra1206",1880,0.0330252520124481
"spectra1207",1881,0.0330358357261411
"spectra1208",1882,0.0331777189211618
"spectra1209",1883,0.0331559287551867
"spectra1210",1884,0.0330468274273859
"spectra1211",1885,0.033136612173913
"spectra1212",1886,0.0332859247717842
"spectra1213",1887,0.0331930903319502
"spectra1214",1888,0.0330455603941909
"spectra1215",1889,0.0331861107883818
"spectra1216",1890,0.0333900135684647
"spectra1217",1891,0.0333391860995851
"spectra1218",1892,0.0332698849792531
"spectra1219",1893,0.0334278005394191
"spectra1220",1894,0.0335915843360996
"spectra1221",1895,0.0335742554149378
"spectra1222",1896,0.0336029676970954
"spectra1223",1897,0.0337655833333333
"spectra1224",1898,0.0337575971784232
"spectra1225",1899,0.0335461380912863
"spectra1226",1900,0.0335181124481328
"spectra1227",1901,0.0337476986956522
"spectra1228",1902,0.0338445360995851
"spectra1229",1903,0.0337564459958506
"spectra1230",1904,0.0338083553319502
"spectra1231",1905,0.033960471863354
"spectra1232",1906,0.0338900319502075
"spectra1233",1907,0.0337116051452282
"spectra1234",1908,0.0338081969709543
"spectra1235",1909,0.034049913153527
"spectra1236",1910,0.0340308265975104
"spectra1237",1911,0.0338707087966805
"spectra1238",1912,0.0339225647717842
"spectra1239",1913,0.034048791846473
"spectra1240",1914,0.0339920582815735
"spectra1241",1915,0.0339565415767635
"spectra1242",1916,0.0341566365145228
"spectra1243",1917,0.0342869888381743
"spectra1244",1918,0.0341013742116183
"spectra1245",1919,0.0339411492323651
"spectra1246",1920,0.0340079660373444
"spectra1247",1921,0.0339977576556016
"spectra1248",1922,0.0338375174273859
"spectra1249",1923,0.0339115541908714
"spectra1250",1924,0.0342453363900415
"spectra1251",1925,0.0343718019502075
"spectra1252",1926,0.0342484409937888
"spectra1253",1927,0.0342807258921162
"spectra1254",1928,0.034451002966805
"spectra1255",1929,0.0343589647925311
"spectra1256",1930,0.0341075293167702
"spectra1257",1931,0.0341218843153527
"spectra1258",1932,0.0342974623236514
"spectra1259",1933,0.0342766141078838
"spectra1260",1934,0.0342408533333333
"spectra1261",1935,0.0345121026348548
"spectra1262",1936,0.0348085187966805
"spectra1263",1937,0.0347676914522822
"spectra1264",1938,0.0346672991908714
"spectra1265",1939,0.0348188817012448
"spectra1266",1940,0.0349329117012448
"spectra1267",1941,0.0348055582157676
"spectra1268",1942,0.0349103675103735
"spectra1269",1943,0.0353940881950207
"spectra1270",1944,0.0356001964315353
"spectra1271",1945,0.0353783912448133
"spectra1272",1946,0.0353673209336099
"spectra1273",1947,0.0357265956431535
"spectra1274",1948,0.0358979542738589
"spectra1275",1949,0.0357744630290456
"spectra1276",1950,0.0358506746058091
"spectra1277",1951,0.0360937228423237
"spectra1278",1952,0.0359549149377593
"spectra1279",1953,0.0355546106639004
"spectra1280",1954,0.0355216271161826
"spectra1281",1955,0.0357393776763485
"spectra1282",1956,0.0355956233195021
"spectra1283",1957,0.0352983314107884
"spectra1284",1958,0.035363431659751
"spectra1285",1959,0.0354827433954451
"spectra1286",1960,0.0351993916804979
"spectra1287",1961,0.0349577331742739
"spectra1288",1962,0.0351509364730291
"spectra1289",1963,0.0351273266459627
"spectra1290",1964,0.0344338258506224
"spectra1291",1965,0.0338200961410788
"spectra1292",1966,0.0339111108298756
"spectra1293",1967,0.0340645946473029
"spectra1294",1968,0.033780142780083
"spectra1295",1969,0.0337006765975104
"spectra1296",1970,0.0340612633402489
"spectra1297",1971,0.0341354032572614
"spectra1298",1972,0.0337941029045643
"spectra1299",1973,0.0336983754771784
"spectra1300",1974,0.0338489890041494
"spectra1301",1975,0.0336706854356846
"spectra1302",1976,0.0335257296058091
"spectra1303",1977,0.0341757922199169
"spectra1304",1978,0.0350536210580913
"spectra1305",1979,0.0351616582365145
"spectra1306",1980,0.0348767988796681
"spectra1307",1981,0.0349799826141079
"spectra1308",1982,0.0350974771784232
"spectra1309",1983,0.0346905746473029
"spectra1310",1984,0.0342898761203319
"spectra1311",1985,0.0343975213485477
"spectra1312",1986,0.0344891051244813
"spectra1313",1987,0.0341705148962656
"spectra1314",1988,0.0339967246583851
"spectra1315",1989,0.0343004932365145
"spectra1316",1990,0.034480440746888
"spectra1317",1991,0.0342430039834025
"spectra1318",1992,0.0341764455072464
"spectra1319",1993,0.0344767620124482
"spectra1320",1994,0.0345400386929461
"spectra1321",1995,0.0343033975103734
"spectra1322",1996,0.0343691608298755
"spectra1323",1997,0.0346560326970954
"spectra1324",1998,0.034532532780083
"spectra1325",1999,0.034133298879668
"spectra1326",2000,0.0341367206224067
"spectra1327",2001,0.0344112448962655
"spectra1328",2002,0.0343316577385892
"spectra1329",2003,0.0340413085062241
"spectra1330",2004,0.0340927472821577
"spectra1331",2005,0.0342566418672199
"spectra1332",2006,0.0340606999585062
"spectra1333",2007,0.0338771195435685
"spectra1334",2008,0.0341501685892116
"spectra1335",2009,0.0343511767012448
"spectra1336",2010,0.0340965452489626
"spectra1337",2011,0.0340059665352697
"spectra1338",2012,0.0343681250829875
"spectra1339",2013,0.0345253037344398
"spectra1340",2014,0.0342262008713693
"spectra1341",2015,0.0340974170954357
"spectra1342",2016,0.0342718116182573
"spectra1343",2017,0.034136639689441
"spectra1344",2018,0.0338017713692946
"spectra1345",2019,0.0340656357261411
"spectra1346",2020,0.0346971282365145
"spectra1347",2021,0.0347191334161491
"spectra1348",2022,0.0342400701244813
"spectra1349",2023,0.0342530187966805
"spectra1350",2024,0.0347150430290457
"spectra1351",2025,0.0348474338174274
"spectra1352",2026,0.0347274226348548
"spectra1353",2027,0.0348815218879668
"spectra1354",2028,0.0350313745643154
"spectra1355",2029,0.034732027780083
"spectra1356",2030,0.0344179724481328
"spectra1357",2031,0.0345198178008299
"spectra1358",2032,0.0346092241078838
"spectra1359",2033,0.0344773315352697
"spectra1360",2034,0.0347787711618258
"spectra1361",2035,0.0356076519087136
"spectra1362",2036,0.0359944608506224
"spectra1363",2037,0.0356480737267081
"spectra1364",2038,0.0354152889211618
"spectra1365",2039,0.035616515560166
"spectra1366",2040,0.0356837964315353
"spectra1367",2041,0.0355161623236514
"spectra1368",2042,0.0356427746058091
"spectra1369",2043,0.0360051612033195
"spectra1370",2044,0.0360264888174274
"spectra1371",2045,0.0358141752904564
"spectra1372",2046,0.0359417822821577
"spectra1373",2047,0.036328344813278
"spectra1374",2048,0.0365039754356846
"spectra1375",2049,0.0366069939337474
"spectra1376",2050,0.0369363082608695
"spectra1377",2051,0.0371481210788382
"spectra1378",2052,0.0369504901244814
"spectra1379",2053,0.0367166008713693
"spectra1380",2054,0.0367871089440994
"spectra1381",2055,0.0368762974688797
"spectra1382",2056,0.0367270333195021
"spectra1383",2057,0.0366348215767635
"spectra1384",2058,0.0368070713692946
"spectra1385",2059,0.0369438028008299
"spectra1386",2060,0.0369024513070539
"spectra1387",2061,0.0370099545643154
"spectra1388",2062,0.037372835186722
"spectra1389",2063,0.0376082624896266
"spectra1390",2064,0.0375868284647303
"spectra1391",2065,0.0376024803319502
"spectra1392",2066,0.0377125563146998
"spectra1393",2067,0.0376921498547718
"spectra1394",2068,0.0375967083195021
"spectra1395",2069,0.037642255746888
"spectra1396",2070,0.0376906029460581
"spectra1397",2071,0.0375060802489627
"spectra1398",2072,0.0372878570954357
"spectra1399",2073,0.0373439182572614
"spectra1400",2074,0.0375182810373444
"spectra1401",2075,0.0375367295850622
"spectra1402",2076,0.0375277952697096
"spectra1403",2077,0.0376735567842324
"spectra1404",2078,0.0377639872463768
"spectra1405",2079,0.0376616417184265
"spectra1406",2080,0.0376071878008299
"spectra1407",2081,0.037732249087137
"spectra1408",2082,0.0377896033195021
"spectra1409",2083,0.0376623536438923
"spectra1410",2084,0.0375936102697096
"spectra1411",2085,0.0377020317427386
"spectra1412",2086,0.037790842219917
"spectra1413",2087,0.0377892136099585
"spectra1414",2088,0.037851614439834
"spectra1415",2089,0.0379277399170124
"spectra1416",2090,0.0377819018257262
"spectra1417",2091,0.0374978021118012
"spectra1418",2092,0.0373829191078838
"spectra1419",2093,0.0374289027385892
"spectra1420",2094,0.0374261642323652
"spectra1421",2095,0.0374247704347826
"spectra1422",2096,0.0375856290871369
"spectra1423",2097,0.0377653587551867
"spectra1424",2098,0.0377599965560166
"spectra1425",2099,0.0376959163485477
"spectra1426",2100,0.037742159253112
"spectra1427",2101,0.0377652517219917
"spectra1428",2102,0.0376629329253112
"spectra1429",2103,0.0376495973913044
"spectra1430",2104,0.0378273340248963
"spectra1431",2105,0.037920713153527
"spectra1432",2106,0.0377900251452282
"spectra1433",2107,0.0376785304968944
"spectra1434",2108,0.0377253013043478
"spectra1435",2109,0.0377453970124481
"spectra1436",2110,0.0376547110580913
"spectra1437",2111,0.037637839626556
"spectra1438",2112,0.0377553973913044
"spectra1439",2113,0.0378441897510374
"spectra1440",2114,0.0378599417012448
"spectra1441",2115,0.0378971097510373
"spectra1442",2116,0.0378886674273859
"spectra1443",2117,0.0377141602904564
"spectra1444",2118,0.037532375
"spectra1445",2119,0.037540358526971
"spectra1446",2120,0.0376074408695652
"spectra1447",2121,0.0375286712448133
"spectra1448",2122,0.0374005970954357
"spectra1449",2123,0.0373700761410788
"spectra1450",2124,0.03731537
"spectra1451",2125,0.0371263171161825
"spectra1452",2126,0.0369797407053942
"spectra1453",2127,0.0369911385062241
"spectra1454",2128,0.0369627936307054
"spectra1455",2129,0.0367789252282157
"spectra1456",2130,0.036645281659751
"spectra1457",2131,0.0366463573029046
"spectra1458",2132,0.0365623168944099
"spectra1459",2133,0.0363931201452282
"spectra1460",2134,0.0364242801452282
"spectra1461",2135,0.0366183326348548
"spectra1462",2136,0.0365878297515528
"spectra1463",2137,0.0363123762318841
"spectra1464",2138,0.0361380197510374
"spectra1465",2139,0.0360745301659751
"spectra1466",2140,0.0358430296680498
"spectra1467",2141,0.0355545624223603
"spectra1468",2142,0.0355264062240664
"spectra1469",2143,0.0355955213278008
"spectra1470",2144,0.0354149731950207
"spectra1471",2145,0.0352148136514523
"spectra1472",2146,0.0353428938589212
"spectra1473",2147,0.0355289078008299
"spectra1474",2148,0.0354036170124481
"spectra1475",2149,0.0351776669358178
"spectra1476",2150,0.035094995
"spectra1477",2151,0.0348804391078838
"spectra1478",2152,0.0344136090456431
"spectra1479",2153,0.0341463757142857
"spectra1480",2154,0.0342307304564315
"spectra1481",2155,0.0340941208713693
"spectra1482",2156,0.033573770165975
"spectra1483",2157,0.0334473714699794
"spectra1484",2158,0.0340887306846474
"spectra1485",2159,0.0347061138381743
"spectra1486",2160,0.0348452269502075
"spectra1487",2161,0.034920360310559
"spectra1488",2162,0.035118543526971
"spectra1489",2163,0.0352679957261411
"spectra1490",2164,0.0355377553941909
"spectra1491",2165,0.0360928127743271
"spectra1492",2166,0.0364835884679089
"spectra1493",2167,0.0363253639211618
"spectra1494",2168,0.0360198284024897
"spectra1495",2169,0.0360667584854772
"spectra1496",2170,0.0362554139751553
"spectra1497",2171,0.0362435270954357
"spectra1498",2172,0.0362055500829875
"spectra1499",2173,0.0362561119502075
"spectra1500",2174,0.0360999943153527
"spectra1501",2175,0.0357402630082988
"spectra1502",2176,0.035655372033195
"spectra1503",2177,0.0358793437759336
"spectra1504",2178,0.0358603708695652
"spectra1505",2179,0.035510083900415
"spectra1506",2180,0.0354077135269709
"spectra1507",2181,0.0357375035269709
"spectra1508",2182,0.0360175545755693
"spectra1509",2183,0.0360612435062241
"spectra1510",2184,0.0362023421369295
"spectra1511",2185,0.0364382802074689
"spectra1512",2186,0.0364282320289855
"spectra1513",2187,0.0362587081742739
"spectra1514",2188,0.0362844677178423
"spectra1515",2189,0.0364396925726141
"spectra1516",2190,0.0364609781987578
"spectra1517",2191,0.036466032966805
"spectra1518",2192,0.0366543201659751
"spectra1519",2193,0.0368125292946058
"spectra1520",2194,0.0367148148447205
"spectra1521",2195,0.036593560931677
"spectra1522",2196,0.0366851281742739
"spectra1523",2197,0.0367816078838174
"spectra1524",2198,0.0366855889626556
"spectra1525",2199,0.0366106434439834
"spectra1526",2200,0.0366892596680498
"spectra1527",2201,0.0367398235477178
"spectra1528",2202,0.0367170895435685
"spectra1529",2203,0.036822204813278
"spectra1530",2204,0.0370368928630706
"spectra1531",2205,0.0371247391286307
"spectra1532",2206,0.0371175075103734
"spectra1533",2207,0.0372372643478261
"spectra1534",2208,0.037399083526971
"spectra1535",2209,0.0373717679045643
"spectra1536",2210,0.0373020946680498
"spectra1537",2211,0.037468719087137
"spectra1538",2212,0.0376985327385892
"spectra1539",2213,0.0376571491701245
"spectra1540",2214,0.0374637807053942
"spectra1541",2215,0.0374200911801242
"spectra1542",2216,0.0374922889004149
"spectra1543",2217,0.0375055395228216
"spectra1544",2218,0.0375254870954357
"spectra1545",2219,0.0376282314285714
"spectra1546",2220,0.0376515534439834
"spectra1547",2221,0.0375012480082988
"spectra1548",2222,0.0373540134439834
"spectra1549",2223,0.0373168607867495
"spectra1550",2224,0.0372743445134576
"spectra1551",2225,0.037230329439834
"spectra1552",2226,0.0373381754149378
"spectra1553",2227,0.0375015914315353
"spectra1554",2228,0.0374651046887967
"spectra1555",2229,0.037300826473029
"spectra1556",2230,0.0373135046887967
"spectra1557",2231,0.0375231417427386
"spectra1558",2232,0.0376792573858921
"spectra1559",2233,0.0377201178630705
"spectra1560",2234,0.0377597443775934
"spectra1561",2235,0.0377681828423236
"spectra1562",2236,0.0376692701863354
"spectra1563",2237,0.0375991498755187
"spectra1564",2238,0.0376947481742739
"spectra1565",2239,0.0378073621161826
"spectra1566",2240,0.037789931473029
"spectra1567",2241,0.0377687363692946
"spectra1568",2242,0.0378673182572614
"spectra1569",2243,0.0379750337759336
"spectra1570",2244,0.0380038372256729
"spectra1571",2245,0.0380439793360996
"spectra1572",2246,0.0381154798340249
"spectra1573",2247,0.0380943284232365
"spectra1574",2248,0.0380017200621118
"spectra1575",2249,0.0380161606431535
"spectra1576",2250,0.0381343343983402
"spectra1577",2251,0.0381708165352697
"spectra1578",2252,0.0381298286902287
"spectra1579",2253,0.0381978506224067
"spectra1580",2254,0.0383579484232365
"spectra1581",2255,0.0384291605394191
"spectra1582",2256,0.0384004634854772
"spectra1583",2257,0.0383934783817427
"spectra1584",2258,0.0384002612240664
"spectra1585",2259,0.0383706917427386
"spectra1586",2260,0.0384019890248963
"spectra1587",2261,0.0385635333609958
"spectra1588",2262,0.0387001579253112
"spectra1589",2263,0.0386745934024896
"spectra1590",2264,0.0386054186721992
"spectra1591",2265,0.0386385052074689
"spectra1592",2266,0.0386940675518672
"spectra1593",2267,0.0386781468257261
"spectra1594",2268,0.0386711412655602
"spectra1595",2269,0.0387363197510373
"spectra1596",2270,0.0388029232365145
"spectra1597",2271,0.0388470326970954
"spectra1598",2272,0.0389524720746888
"spectra1599",2273,0.0391193484057971
"spectra1600",2274,0.0392503127385892
"spectra1601",2275,0.0393438796058091
"spectra1602",2276,0.0394788073651453
"spectra1603",2277,0.0396159811387164
"spectra1604",2278,0.0396582527385892
"spectra1605",2279,0.0396564800829876
"spectra1606",2280,0.0397341060995851
"spectra1607",2281,0.0398718716839917
"spectra1608",2282,0.0399890047717842
"spectra1609",2283,0.0400958169087137
"spectra1610",2284,0.0402059676348548
"spectra1611",2285,0.04023567593361
"spectra1612",2286,0.0401423521161826
"spectra1613",2287,0.040027306846473
"spectra1614",2288,0.0399728356846473
"spectra1615",2289,0.0399272695435685
"spectra1616",2290,0.0398490858506224
"spectra1617",2291,0.0398047581950207
"spectra1618",2292,0.0398258260373444
"spectra1619",2293,0.039840789253112
"spectra1620",2294,0.0398277287551867
"spectra1621",2295,0.0398505017842324
"spectra1622",2296,0.0399057842738589
"spectra1623",2297,0.0399130994190871
"spectra1624",2298,0.0398767669917012
"spectra1625",2299,0.0398902462240664
"spectra1626",2300,0.0399706474688797
"spectra1627",2301,0.0400450265767635
"spectra1628",2302,0.0400881760869565
"spectra1629",2303,0.0401229493360996
"spectra1630",2304,0.040118593153527
"spectra1631",2305,0.04004227
"spectra1632",2306,0.0399719302697095
"spectra1633",2307,0.0399901296887967
"spectra1634",2308,0.0400432171369295
"spectra1635",2309,0.0400457541286307
"spectra1636",2310,0.0400259062370062
"spectra1637",2311,0.0400430744813278
"spectra1638",2312,0.0400729574273859
"spectra1639",2313,0.0400894734024896
"spectra1640",2314,0.0401414334854772
"spectra1641",2315,0.0402436430290456
"spectra1642",2316,0.0403203345643154
"spectra1643",2317,0.0403409775311203
"spectra1644",2318,0.0403765730705394
"spectra1645",2319,0.0404615853112033
"spectra1646",2320,0.0405485224896266
"spectra1647",2321,0.0406497441078838
"spectra1648",2322,0.0408147385892116
"spectra1649",2323,0.0409616430082988
"spectra1650",2324,0.0409480551037344
"spectra1651",2325,0.0407972624273859
"spectra1652",2326,0.0406514724481328
"spectra1653",2327,0.0405559619502075
"spectra1654",2328,0.0404487812033195
"spectra1655",2329,0.040324408713693
"spectra1656",2330,0.0402526749792531
"spectra1657",2331,0.0402563582608696
"spectra1658",2332,0.0403070502697096
"spectra1659",2333,0.0403948534439834
"spectra1660",2334,0.0404743564107884
"spectra1661",2335,0.0404686519502075
"spectra1662",2336,0.0404054363900415
"spectra1663",2337,0.0404035043153527
"spectra1664",2338,0.0404785334854772
"spectra1665",2339,0.0405253783160083
"spectra1666",2340,0.0405267882157676
"spectra1667",2341,0.0405700529875519
"spectra1668",2342,0.0406288882157676
"spectra1669",2343,0.0406131836721992
"spectra1670",2344,0.0405727628215768
"spectra1671",2345,0.0405875856846473
"spectra1672",2346,0.0406073604979253
"spectra1673",2347,0.0405771365217391
"spectra1674",2348,0.0405670227178423
"spectra1675",2349,0.040631423526971
"spectra1676",2350,0.0407010706016598
"spectra1677",2351,0.040678495746888
"spectra1678",2352,0.040612470373444
"spectra1679",2353,0.040636323153527
"spectra1680",2354,0.0407113558506224
"spectra1681",2355,0.0407333403319502
"spectra1682",2356,0.0407445946887967
"spectra1683",2357,0.0407968998962656
"spectra1684",2358,0.0408481345850622
"spectra1685",2359,0.040873254253112
"spectra1686",2360,0.0408417455186722
"spectra1687",2361,0.0408157360580913
"spectra1688",2362,0.0408809465145228
"spectra1689",2363,0.0409596702489627
"spectra1690",2364,0.0410063753526971
"spectra1691",2365,0.0410410822614108
"spectra1692",2366,0.0410213740871369
"spectra1693",2367,0.0409628184024896
"spectra1694",2368,0.0409863131600832
"spectra1695",2369,0.0410824207053942
"spectra1696",2370,0.041105085560166
"spectra1697",2371,0.0410369238174274
"spectra1698",2372,0.041005129626556
"spectra1699",2373,0.0410460430705394
"spectra1700",2374,0.0410923785892116
"spectra1701",2375,0.04114204906639
"spectra1702",2376,0.0412257865145228
"spectra1703",2377,0.0412991405809129
"spectra1704",2378,0.0413088182987552
"spectra1705",2379,0.0412875286307054
"spectra1706",2380,0.0412841872557173
"spectra1707",2381,0.0412830872614108
"spectra1708",2382,0.0412620794190871
"spectra1709",2383,0.041252709626556
"spectra1710",2384,0.0412798826763486
"spectra1711",2385,0.0413146701244813
"spectra1712",2386,0.0413343929045643
"spectra1713",2387,0.0413593460580913
"spectra1714",2388,0.041389297966805
"spectra1715",2389,0.041389583713693
"spectra1716",2390,0.0413647872406639
"spectra1717",2391,0.0413606279875519
"spectra1718",2392,0.0413818926763486
"spectra1719",2393,0.0413911121991701
"spectra1720",2394,0.0413917845228216
"spectra1721",2395,0.0414162326556017
"spectra1722",2396,0.0414422368049793
"spectra1723",2397,0.0414210053112033
"spectra1724",2398,0.0413778581742739
"spectra1725",2399,0.0413815811410788
"spectra1726",2400,0.0414293218049793
"spectra1727",2401,0.0414536239419087
"spectra1728",2402,0.0414356984232365
"spectra1729",2403,0.0414008633195021
"spectra1730",2404,0.0413631446887967
"spectra1731",2405,0.0413390910373444
"spectra1732",2406,0.0413617373443983
"spectra1733",2407,0.0414202224481328
"spectra1734",2408,0.0414487479875519
"spectra1735",2409,0.0414235150519751
"spectra1736",2410,0.0413957600829876
"spectra1737",2411,0.0413963749792531
"spectra1738",2412,0.0413954736099585
"spectra1739",2413,0.0413841840372671
"spectra1740",2414,0.0413946913900415
"spectra1741",2415,0.0414133587966805
"spectra1742",2416,0.0413850132780083
"spectra1743",2417,0.0413130223236515
"spectra1744",2418,0.0412572260580913
"spectra1745",2419,0.0412402190871369
"spectra1746",2420,0.041242992780083
"spectra1747",2421,0.041271086846473
"spectra1748",2422,0.0413346608921162
"spectra1749",2423,0.0413932980705394
"spectra1750",2424,0.0414049764522822
"spectra1751",2425,0.0413951427385892
"spectra1752",2426,0.0414028911618257
"spectra1753",2427,0.0414114746058091
"spectra1754",2428,0.0414025869294606
"spectra1755",2429,0.0414020270124481
"spectra1756",2430,0.0414117745850622
"spectra1757",2431,0.0413866260995851
"spectra1758",2432,0.0413242283609958
"spectra1759",2433,0.0412864125518672
"spectra1760",2434,0.0412995231120332
"spectra1761",2435,0.0413267271784232
"spectra1762",2436,0.0413595993360996
"spectra1763",2437,0.0414274402489627
"spectra1764",2438,0.0415035247817048
"spectra1765",2439,0.0415193963692946
"spectra1766",2440,0.0414820346887967
"spectra1767",2441,0.0414695939004149
"spectra1768",2442,0.0414954396480331
"spectra1769",2443,0.0415096471784232
"spectra1770",2444,0.0415039101244813
"spectra1771",2445,0.041511244439834
"spectra1772",2446,0.0415293418257261
"spectra1773",2447,0.0415394300414938
"spectra1774",2448,0.0415623636929461
"spectra1775",2449,0.0416172522821577
"spectra1776",2450,0.0416706498755187
"spectra1777",2451,0.041695410746888
"spectra1778",2452,0.0417188605809129
"spectra1779",2453,0.0417530244813278
"spectra1780",2454,0.0417548307246377
"spectra1781",2455,0.0417157696887967
"spectra1782",2456,0.0416961984024896
"spectra1783",2457,0.0417220095020747
"spectra1784",2458,0.0417477880705394
"spectra1785",2459,0.0417469909958506
"spectra1786",2460,0.0417459943153527
"spectra1787",2461,0.0417495239834025
"spectra1788",2462,0.0417286229875519
"spectra1789",2463,0.0416936763900415
"spectra1790",2464,0.0416913592738589
"spectra1791",2465,0.0417266384439834
"spectra1792",2466,0.0417696514937759
"spectra1793",2467,0.0418246657676348
"spectra1794",2468,0.0419064178838174
"spectra1795",2469,0.0419785354356846
"spectra1796",2470,0.0420094264315353
"spectra1797",2471,0.0420317594813278
"spectra1798",2472,0.0420756146680498
"spectra1799",2473,0.0421015154149378
"spectra1800",2474,0.0420711536929461
"spectra1801",2475,0.0420195807053942
"spectra1802",2476,0.0419913848962656
"spectra1803",2477,0.0419803548547718
"spectra1804",2478,0.0419805492946058
"spectra1805",2479,0.0420179693762994
"spectra1806",2480,0.0420853545643153
"spectra1807",2481,0.0421294606224066
"spectra1808",2482,0.0421461572821577
"spectra1809",2483,0.0421851726086957
"spectra1810",2484,0.04224874
"spectra1811",2485,0.0422862155186722
"spectra1812",2486,0.0422930319087137
"spectra1813",2487,0.0423116809958506
"spectra1814",2488,0.0423418786929461
"spectra1815",2489,0.0423476861410788
"spectra1816",2490,0.0423443043153527
"spectra1817",2491,0.0423785849792531
"spectra1818",2492,0.0424406152282158
"spectra1819",2493,0.0424797304149378
"spectra1820",2494,0.0424869394190871
"spectra1821",2495,0.0424847452380952
"spectra1822",2496,0.0424737776141079
"spectra1823",2497,0.0424642069917012
"spectra1824",2498,0.0424973627178423
"spectra1825",2499,0.0425799107676348
"spectra1826",2500,0.0426561628215768
"spectra1827",2501,0.0426931822821577
"spectra1828",2502,0.0427168739004149
"spectra1829",2503,0.0427390868879668
"spectra1830",2504,0.0427305086514523
"spectra1831",2505,0.0426993685477179
"spectra1832",2506,0.0427040452904564
"spectra1833",2507,0.0427587803941909
"spectra1834",2508,0.042813315942029
"spectra1835",2509,0.0428485556431535
"spectra1836",2510,0.0428952360165975
"spectra1837",2511,0.042955735560166
"spectra1838",2512,0.0429965024016563
"spectra1839",2513,0.043009064253112
"spectra1840",2514,0.0430048523651452
"spectra1841",2515,0.0429756039004149
"spectra1842",2516,0.042926134626556
"spectra1843",2517,0.0429069680912863
"spectra1844",2518,0.0429501128630705
"spectra1845",2519,0.0430177877178423
"spectra1846",2520,0.0430715149792531
"spectra1847",2521,0.0431274541701245
"spectra1848",2522,0.0431917195850622
"spectra1849",2523,0.0432214674481328
"spectra1850",2524,0.043208098115942
"spectra1851",2525,0.0432081945643154
"spectra1852",2526,0.0432539186307054
"spectra1853",2527,0.0433104926556017
"spectra1854",2528,0.0433482376348548
"spectra1855",2529,0.043377530186722
"spectra1856",2530,0.0433982888589212
"spectra1857",2531,0.04339854093361
"spectra1858",2532,0.0434067576348548
"spectra1859",2533,0.0434592768879668
"spectra1860",2534,0.0435232670539419
"spectra1861",2535,0.043539128879668
"spectra1862",2536,0.0435223545341615
"spectra1863",2537,0.0435271137888199
"spectra1864",2538,0.0435521999170125
"spectra1865",2539,0.0435693501659751
"spectra1866",2540,0.0435905901452282
"spectra1867",2541,0.043631972173913
"spectra1868",2542,0.0436631948547718
"spectra1869",2543,0.0436640551037344
"spectra1870",2544,0.0436757154356846
"spectra1871",2545,0.0437311282157676
"spectra1872",2546,0.0437970016390041
"spectra1873",2547,0.0438365489626556
"spectra1874",2548,0.0438640383609959
"spectra1875",2549,0.0438936247826087
"spectra1876",2550,0.0439105692946058
"spectra1877",2551,0.0439211878838174
"spectra1878",2552,0.0439465152697095
"spectra1879",2553,0.0439638791925466
"spectra1880",2554,0.0439409280497925
"spectra1881",2555,0.0439187302282158
"spectra1882",2556,0.0439638936307054
"spectra1883",2557,0.0440526423029046
"spectra1884",2558,0.0441009199585062
"spectra1885",2559,0.0440941071784232
"spectra1886",2560,0.0440856212863071
"spectra1887",2561,0.0440890792946058
"spectra1888",2562,0.0440760532780083
"spectra1889",2563,0.0440625395020747
"spectra1890",2564,0.044090025
"spectra1891",2565,0.044150251884058
"spectra1892",2566,0.044206941884058
"spectra1893",2567,0.0442560362240664
"spectra1894",2568,0.0443025106224066
"spectra1895",2569,0.044327280746888
"spectra1896",2570,0.0443293799378882
"spectra1897",2571,0.0443494351244813
"spectra1898",2572,0.0444059923651452
"spectra1899",2573,0.0444623515975104
"spectra1900",2574,0.0444900247717842
"spectra1901",2575,0.0445042104979253
"spectra1902",2576,0.0445128090456432
"spectra1903",2577,0.0445029018672199
"spectra1904",2578,0.0444948919254658
"spectra1905",2579,0.0445270002697096
"spectra1906",2580,0.0445881837136929
"spectra1907",2581,0.0446331089626556
"spectra1908",2582,0.0446576563354037
"spectra1909",2583,0.0446896971784232
"spectra1910",2584,0.0447229900414938
"spectra1911",2585,0.0447285622406639
"spectra1912",2586,0.0447137545228216
"spectra1913",2587,0.0447060345435685
"spectra1914",2588,0.0447017782987552
"spectra1915",2589,0.0446928807883817
"spectra1916",2590,0.04470826
"spectra1917",2591,0.0447673432365145
"spectra1918",2592,0.0448322558091286
"spectra1919",2593,0.0448584656016597
"spectra1920",2594,0.044850209068323
"spectra1921",2595,0.0448344541821946
"spectra1922",2596,0.0448216654149378
"spectra1923",2597,0.0448206937759336
"spectra1924",2598,0.0448463367842324
"spectra1925",2599,0.0448912428571429
"spectra1926",2600,0.044930358340249
"spectra1927",2601,0.044959532780083
"spectra1928",2602,0.0449886777178423
"spectra1929",2603,0.0450069801035197
"spectra1930",2604,0.0450078922614108
"spectra1931",2605,0.0450263444813278
"spectra1932",2606,0.0450963362448133
"spectra1933",2607,0.0451900766459627
"spectra1934",2608,0.0452541834024896
"spectra1935",2609,0.0452782656846473
"spectra1936",2610,0.0452874297095436
"spectra1937",2611,0.0452943653623188
"spectra1938",2612,0.04530222
"spectra1939",2613,0.0453201073443983
"spectra1940",2614,0.0453438971161826
"spectra1941",2615,0.0453545041908714
"spectra1942",2616,0.0453609429460581
"spectra1943",2617,0.0453981178008299
"spectra1944",2618,0.0454638126141079
"spectra1945",2619,0.0455189594616977
"spectra1946",2620,0.0455552972406639
"spectra1947",2621,0.0456058499170125
"spectra1948",2622,0.0456801082365145
"spectra1949",2623,0.0457489859627329
"spectra1950",2624,0.045798961552795
"spectra1951",2625,0.0458462197925311
"spectra1952",2626,0.0458938325311203
"spectra1953",2627,0.0459282713692946
"spectra1954",2628,0.0459564366873706
"spectra1955",2629,0.0459982037551867
"spectra1956",2630,0.0460486837551867
"spectra1957",2631,0.0460939636099585
"spectra1958",2632,0.0461422198136646
"spectra1959",2633,0.0461989873858921
"spectra1960",2634,0.0462400575103734
"spectra1961",2635,0.0462469345228216
"spectra1962",2636,0.0462430325465839
"spectra1963",2637,0.0462588747717842
"spectra1964",2638,0.0462936180082988
"spectra1965",2639,0.0463366240456432
"spectra1966",2640,0.0463942021118012
"spectra1967",2641,0.0464634986721992
"spectra1968",2642,0.04651814
"spectra1969",2643,0.0465437364315353
"spectra1970",2644,0.0465606782608696
"spectra1971",2645,0.0465873840871369
"spectra1972",2646,0.0466224400207469
"spectra1973",2647,0.0466641118049793
"spectra1974",2648,0.0467138259213251
"spectra1975",2649,0.046759447593361
"spectra1976",2650,0.0467883832365145
"spectra1977",2651,0.0468154088796681
"spectra1978",2652,0.0468633549068323
"spectra1979",2653,0.0469243126293996
"spectra1980",2654,0.0469722441286307
"spectra1981",2655,0.0470046868257261
"spectra1982",2656,0.0470351718672199
"spectra1983",2657,0.0470607093775934
"spectra1984",2658,0.0470722461410788
"spectra1985",2659,0.0470784730705394
"spectra1986",2660,0.0470906681742739
"spectra1987",2661,0.0470996954658385
"spectra1988",2662,0.0470933378838174
"spectra1989",2663,0.0470790498340249
"spectra1990",2664,0.0470713494190871
"spectra1991",2665,0.047075544679089
"spectra1992",2666,0.047096892780083
"spectra1993",2667,0.0471414034854772
"spectra1994",2668,0.0471981793360996
"spectra1995",2669,0.0472438427178423
"spectra1996",2670,0.0472742232157676
"spectra1997",2671,0.047303452406639
"spectra1998",2672,0.0473317596058091
"spectra1999",2673,0.0473472857349896
"spectra2000",2674,0.0473543592946058
"spectra2001",2675,0.0473701876763485
"spectra2002",2676,0.0473986457676349
"spectra2003",2677,0.0474314231055901
"spectra2004",2678,0.0474691624896265
"spectra2005",2679,0.0475149311203319
"spectra2006",2680,0.0475588712655602
"spectra2007",2681,0.0475911478260869
"spectra2008",2682,0.0476192892132505
"spectra2009",2683,0.0476518043153527
"spectra2010",2684,0.0476840978423237
"spectra2011",2685,0.0477177207053942
"spectra2012",2686,0.0477655660995851
"spectra2013",2687,0.0478257912033195
"spectra2014",2688,0.047877672219917
"spectra2015",2689,0.0479147831120332
"spectra2016",2690,0.0479524551966874
"spectra2017",2691,0.0479937354356847
"spectra2018",2692,0.0480206830290456
"spectra2019",2693,0.0480291137344398
"spectra2020",2694,0.0480372228571429
"spectra2021",2695,0.0480557112448133
"spectra2022",2696,0.0480770844813278
"spectra2023",2697,0.0481004405186722
"spectra2024",2698,0.0481342453112033
"spectra2025",2699,0.0481753033609959
"spectra2026",2700,0.0482146143153527
"spectra2027",2701,0.048256439626556
"spectra2028",2702,0.048305801242236
"spectra2029",2703,0.0483499164522822
"spectra2030",2704,0.048376921846473
"spectra2031",2705,0.0483989765975104
"spectra2032",2706,0.0484325942857143
"spectra2033",2707,0.0484717141078838
"spectra2034",2708,0.0485022158921162
"spectra2035",2709,0.0485265410373444
"spectra2036",2710,0.0485541560995851
"spectra2037",2711,0.0485845963278008
"spectra2038",2712,0.0486174600622407
"spectra2039",2713,0.0486558769087137
"spectra2040",2714,0.0486943104968944
"spectra2041",2715,0.0487240014107884
"spectra2042",2716,0.0487536803319502
"spectra2043",2717,0.0487982891701245
"spectra2044",2718,0.0488505289855072
"spectra2045",2719,0.0488913314078675
"spectra2046",2720,0.0489222773443983
"spectra2047",2721,0.0489584956016597
"spectra2048",2722,0.0489980824481328
"spectra2049",2723,0.0490310930290456
"spectra2050",2724,0.0490683232780083
"spectra2051",2725,0.0491248761410788
"spectra2052",2726,0.0491911741908714
"spectra2053",2727,0.0492492054771784
"spectra2054",2728,0.0493008441078838
"spectra2055",2729,0.0493522873443983
"spectra2056",2730,0.0493940440871369
"spectra2057",2731,0.0494218804347826
"spectra2058",2732,0.0494556451452282
"spectra2059",2733,0.0495115617012448
"spectra2060",2734,0.0495755514107884
"spectra2061",2735,0.0496277776811594
"spectra2062",2736,0.0496722487759336
"spectra2063",2737,0.0497224568879668
"spectra2064",2738,0.0497771034024896
"spectra2065",2739,0.0498291482987552
"spectra2066",2740,0.049878085560166
"spectra2067",2741,0.0499241040248963
"spectra2068",2742,0.0499689603319502
"spectra2069",2743,0.050022531884058
"spectra2070",2744,0.0500890963692946
"spectra2071",2745,0.0501540194605809
"spectra2072",2746,0.0502039176348548
"spectra2073",2747,0.0502503518012422
"spectra2074",2748,0.0503092672670808
"spectra2075",2749,0.0503731215352697
"spectra2076",2750,0.0504267076763485
"spectra2077",2751,0.0504756672614108
"spectra2078",2752,0.0505310798962656
"spectra2079",2753,0.0505860076141079
"spectra2080",2754,0.0506310162033195
"spectra2081",2755,0.0506731451037344
"spectra2082",2756,0.0507198405394191
"spectra2083",2757,0.0507653523236514
"spectra2084",2758,0.0508073463070539
"spectra2085",2759,0.0508561829460581
"spectra2086",2760,0.0509145676811594
"spectra2087",2761,0.0509717367219917
"spectra2088",2762,0.0510238351659751
"spectra2089",2763,0.0510790840041494
"spectra2090",2764,0.0511359829045643
"spectra2091",2765,0.0511832063485477
"spectra2092",2766,0.0512219143153527
"spectra2093",2767,0.0512633719087137
"spectra2094",2768,0.0513104126763485
"spectra2095",2769,0.0513646937759336
"spectra2096",2770,0.0514374738381743
"spectra2097",2771,0.0515318301244813
"spectra2098",2772,0.051626127184265
"spectra2099",2773,0.0517011757676349
"spectra2100",2774,0.0517659871784232
"spectra2101",2775,0.0518360704979253
"spectra2102",2776,0.0519038361076605
"spectra2103",2777,0.0519590700207469
"spectra2104",2778,0.0520127956431535
"spectra2105",2779,0.0520790725726141
"spectra2106",2780,0.0521524543775933
"spectra2107",2781,0.0522235782157676
"spectra2108",2782,0.0522943311618257
"spectra2109",2783,0.0523655855186722
"spectra2110",2784,0.0524334386307054
"spectra2111",2785,0.0525032630290457
"spectra2112",2786,0.0525852534439834
"spectra2113",2787,0.0526710631742738
"spectra2114",2788,0.0527427249170124
"spectra2115",2789,0.0528019338095238
"spectra2116",2790,0.0528668284647303
"spectra2117",2791,0.0529406597925311
"spectra2118",2792,0.0530138668049792
"spectra2119",2793,0.053089537406639
"spectra2120",2794,0.0531764173443983
"spectra2121",2795,0.0532709383609958
"spectra2122",2796,0.0533693026763485
"spectra2123",2797,0.0534791568879668
"spectra2124",2798,0.053600956099585
"spectra2125",2799,0.0537178665975104
"spectra2126",2800,0.0538246870954357
"spectra2127",2801,0.0539399373291925
"spectra2128",2802,0.0540710173443983
"spectra2129",2803,0.0541959484854772
"spectra2130",2804,0.0543027999377593
"spectra2131",2805,0.0544149853941909
"spectra2132",2806,0.0545525231950207
"spectra2133",2807,0.0547048483817427
"spectra2134",2808,0.0548586946058091
"spectra2135",2809,0.055017911954262
"spectra2136",2810,0.0551841581120332
"spectra2137",2811,0.0553474185062241
"spectra2138",2812,0.055508692593361
"spectra2139",2813,0.0556848796887967
"spectra2140",2814,0.0558833483817427
"spectra2141",2815,0.0560983898755187
"spectra2142",2816,0.0563274057261411
"spectra2143",2817,0.0565674302074689
"spectra2144",2818,0.0567992333195021
"spectra2145",2819,0.0570082134647303
"spectra2146",2820,0.0572101362655602
"spectra2147",2821,0.0574292492531121
"spectra2148",2822,0.0576640114522822
"spectra2149",2823,0.0579005225726141
"spectra2150",2824,0.0581374393775934
"spectra2151",2825,0.0583785925726141
"spectra2152",2826,0.0586149405394191
"spectra2153",2827,0.0588404268257262
"spectra2154",2828,0.0590650853941908
"spectra2155",2829,0.0593028187759336
"spectra2156",2830,0.0595570120703934
"spectra2157",2831,0.0598330771784233
"spectra2158",2832,0.0601392985892116
"spectra2159",2833,0.0604688306224066
"spectra2160",2834,0.0608041058921163
"spectra2161",2835,0.0611464778630705
"spectra2162",2836,0.0615171503112033
"spectra2163",2837,0.0619337028423236
"spectra2164",2838,0.0624026124324325
"spectra2165",2839,0.0629293192531119
"spectra2166",2840,0.0635105051452282
"spectra2167",2841,0.0641228046887967
"spectra2168",2842,0.0647442825311203
"spectra2169",2843,0.0653824404771783
"spectra2170",2844,0.0660680715560166
"spectra2171",2845,0.0668283379253112
"spectra2172",2846,0.0676821075518673
"spectra2173",2847,0.0686337528215767
"spectra2174",2848,0.0696529790041494
"spectra2175",2849,0.0706687134439834
"spectra2176",2850,0.0716167771784233
"spectra2177",2851,0.0724667980082987
"spectra2178",2852,0.0732119654979253
"spectra2179",2853,0.0738566719087137
"spectra2180",2854,0.0744376428630706
"spectra2181",2855,0.0750113966804979
"spectra2182",2856,0.0756119524481328
"spectra2183",2857,0.0762321963485478
"spectra2184",2858,0.0768609591701246
"spectra2185",2859,0.0775010365767635
"spectra2186",2860,0.0781545559543569
"spectra2187",2861,0.0788171434439835
"spectra2188",2862,0.0794986982780083
"spectra2189",2863,0.0802156290456432
"spectra2190",2864,0.0809681668464731
"spectra2191",2865,0.0817372055186723
"spectra2192",2866,0.0825088336514521
"spectra2193",2867,0.0832717369230769
"spectra2194",2868,0.0840053458298756
"spectra2195",2869,0.0846903875518671
"spectra2196",2870,0.0853153169087136
"spectra2197",2871,0.0858592044190871
"spectra2198",2872,0.0862780612033196
"spectra2199",2873,0.086539413692946
"spectra2200",2874,0.0866351490871369
"spectra2201",2875,0.0865649409543569
"spectra2202",2876,0.0863268633195022
"spectra2203",2877,0.0859409604149378
"spectra2204",2878,0.085464215746888
"spectra2205",2879,0.0849666498340249
"spectra2206",2880,0.0845109970124482
"spectra2207",2881,0.0841493168464731
"spectra2208",2882,0.0839166590871369
"spectra2209",2883,0.0838176382987552
"spectra2210",2884,0.0838498246887967
"spectra2211",2885,0.0840338107676348
"spectra2212",2886,0.0843962718049792
"spectra2213",2887,0.0849286831327801
"spectra2214",2888,0.0855954329875518
"spectra2215",2889,0.0863617405809128
"spectra2216",2890,0.0871893504979253
"spectra2217",2891,0.0880304719502075
"spectra2218",2892,0.0888419472614107
"spectra2219",2893,0.0895977749377593
"spectra2220",2894,0.0902608355809129
"spectra2221",2895,0.0907771647925312
"spectra2222",2896,0.091111330956341
"spectra2223",2897,0.091274149253112
"spectra2224",2898,0.0912975427385892
"spectra2225",2899,0.0912055511203319
"spectra2226",2900,0.0910367141200828
"spectra2227",2901,0.0908480745643153
"spectra2228",2902,0.0906892900622406
"spectra2229",2903,0.0905912120124481
"spectra2230",2904,0.090580842593361
"spectra2231",2905,0.0906812490041494
"spectra2232",2906,0.0908936538174274
"spectra2233",2907,0.09120927
"spectra2234",2908,0.0916379653941908
"spectra2235",2909,0.092197822614108
"spectra2236",2910,0.0928887658091288
"spectra2237",2911,0.0936966064937758
"spectra2238",2912,0.0946229016770185
"spectra2239",2913,0.0956656675933612
"spectra2240",2914,0.0967890236099583
"spectra2241",2915,0.097929985145228
"spectra2242",2916,0.0990362726141078
"spectra2243",2917,0.100069350643154
"spectra2244",2918,0.101002741286307
"spectra2245",2919,0.10182278340249
"spectra2246",2920,0.102527699377593
"spectra2247",2921,0.103105398340249
"spectra2248",2922,0.103548887966805
"spectra2249",2923,0.103892618672199
"spectra2250",2924,0.104199650207469
"spectra2251",2925,0.104498208316008
"spectra2252",2926,0.104774747095436
"spectra2253",2927,0.105038024896266
"spectra2254",2928,0.105324789211618
"spectra2255",2929,0.105642657142857
"spectra2256",2930,0.105962919502075
"spectra2257",2931,0.106279778008299
"spectra2258",2932,0.106625539419087
"spectra2259",2933,0.107018481742739
"spectra2260",2934,0.107440431742739
"spectra2261",2935,0.107879839834025
"spectra2262",2936,0.108347331327801
"spectra2263",2937,0.108846566390042
"spectra2264",2938,0.109366968879668
"spectra2265",2939,0.109916124481328
"spectra2266",2940,0.110513885892116
"spectra2267",2941,0.111152690476191
"spectra2268",2942,0.111796000207469
"spectra2269",2943,0.112410950622407
"spectra2270",2944,0.112977173029046
"spectra2271",2945,0.113476206639004
"spectra2272",2946,0.113892887966805
"spectra2273",2947,0.114219700829876
"spectra2274",2948,0.114440803319502
"spectra2275",2949,0.114530334024896
"spectra2276",2950,0.114480745643154
"spectra2277",2951,0.114315900414938
"spectra2278",2952,0.114062075726141
"spectra2279",2953,0.113724144927536
"spectra2280",2954,0.113302793374741
"spectra2281",2955,0.112798812448133
"spectra2282",2956,0.112198484232365
"spectra2283",2957,0.111480557261411
"spectra2284",2958,0.110635884679089
"spectra2285",2959,0.109660341493776
"spectra2286",2960,0.108530602697096
"spectra2287",2961,0.107213867012448
"spectra2288",2962,0.105698781120332
"spectra2289",2963,0.103997649792531
"spectra2290",2964,0.102114118257262
"spectra2291",2965,0.100058033609959
"spectra2292",2966,0.097863583726708
"spectra2293",2967,0.0955956060788384
"spectra2294",2968,0.0933087885062242
"spectra2295",2969,0.0910426034854772
"spectra2296",2970,0.0888094533333333
"spectra2297",2971,0.0866040545643155
"spectra2298",2972,0.0844343983817428
"spectra2299",2973,0.0823475952697094
"spectra2300",2974,0.0803886258091284
"spectra2301",2975,0.0785573691286308
"spectra2302",2976,0.0768192002697095
"spectra2303",2977,0.075167007759336
"spectra2304",2978,0.0736143471991699
"spectra2305",2979,0.07216065
"spectra2306",2980,0.0707881421576763
"spectra2307",2981,0.0694960421576762
"spectra2308",2982,0.0682921257142856
"spectra2309",2983,0.0671703167701865
"spectra2310",2984,0.0661241132572613
"spectra2311",2985,0.0651539254564314
"spectra2312",2986,0.0642468446680498
"spectra2313",2987,0.0633674288405797
"spectra2314",2988,0.0625005017842322
"spectra2315",2989,0.0616749586307052
"spectra2316",2990,0.0609169280912865
"spectra2317",2991,0.0602103817842325
"spectra2318",2992,0.0595290892116181
"spectra2319",2993,0.0588677879045645
"spectra2320",2994,0.0582260580082989
"spectra2321",2995,0.0575879223188406
"spectra2322",2996,0.0569480724066389
"spectra2323",2997,0.0563241677593362
"spectra2324",2998,0.0557312429875519
"spectra2325",2999,0.0551680102484472
"spectra2326",3000,0.0546355829253113
"spectra2327",3001,0.0541395242323652
"spectra2328",3002,0.0536710689211619
"spectra2329",3003,0.0532168497925311
"spectra2330",3004,0.0527863677178424
"spectra2331",3005,0.0523958866390042
"spectra2332",3006,0.052038910746888
"spectra2333",3007,0.0516979726086957
"spectra2334",3008,0.0513800306846473
"spectra2335",3009,0.0511023865767635
"spectra2336",3010,0.0508627948547718
"spectra2337",3011,0.0506503720703934
"spectra2338",3012,0.0504703553623188
"spectra2339",3013,0.0503305810373444
"spectra2340",3014,0.0502186776763485
"spectra2341",3015,0.0501194206639004
"spectra2342",3016,0.0500346685714286
"spectra2343",3017,0.0499684895643154
"spectra2344",3018,0.0499110496473029
"spectra2345",3019,0.0498549396680498
"spectra2346",3020,0.0498086708695652
"spectra2347",3021,0.0497838096680498
"spectra2348",3022,0.0497841795850622
"spectra2349",3023,0.0498111371369295
"spectra2350",3024,0.0498555277846791
"spectra2351",3025,0.0498882532572614
"spectra2352",3026,0.0498868681950207
"spectra2353",3027,0.0498687317427386
"spectra2354",3028,0.0498746837681159
"spectra2355",3029,0.049925081120332
"spectra2356",3030,0.0500114332780083
"spectra2357",3031,0.0501173998755187
"spectra2358",3032,0.0502266856431535
"spectra2359",3033,0.0503209767012448
"spectra2360",3034,0.0503965783195021
"spectra2361",3035,0.0504691614937759
"spectra2362",3036,0.0505487695652174
"spectra2363",3037,0.0506317260995851
"spectra2364",3038,0.0507207484232365
"spectra2365",3039,0.0508287347717842
"spectra2366",3040,0.0509537499792961
"spectra2367",3041,0.0510774141078838
"spectra2368",3042,0.0511958034854772
"spectra2369",3043,0.0513274320539419
"spectra2370",3044,0.0514850339419087
"spectra2371",3045,0.0516669065975103
"spectra2372",3046,0.051876548879668
"spectra2373",3047,0.052118519626556
"spectra2374",3048,0.0523735498550725
"spectra2375",3049,0.0526118077846791
"spectra2376",3050,0.0528232093983402
"spectra2377",3051,0.0530093139004149
"spectra2378",3052,0.0531550502697095
"spectra2379",3053,0.0532470145962733
"spectra2380",3054,0.0533055689211618
"spectra2381",3055,0.0533683200414938
"spectra2382",3056,0.0534469964315353
"spectra2383",3057,0.0535271939130435
"spectra2384",3058,0.0536018900622407
"spectra2385",3059,0.0536801049170125
"spectra2386",3060,0.0537690101452282
"spectra2387",3061,0.0538708080952381
"spectra2388",3062,0.0539877061410788
"spectra2389",3063,0.0541174766390042
"spectra2390",3064,0.0542508346887967
"spectra2391",3065,0.054381210952381
"spectra2392",3066,0.0545040521991701
"spectra2393",3067,0.0546085937551867
"spectra2394",3068,0.0546883143360996
"spectra2395",3069,0.0547546731677019
"spectra2396",3070,0.0548216636514523
"spectra2397",3071,0.0548828233195021
"spectra2398",3072,0.054927146846473
"spectra2399",3073,0.0549670598755187
"spectra2400",3074,0.0550300813485477
"spectra2401",3075,0.0551285356846473
"spectra2402",3076,0.0552600033609958
"spectra2403",3077,0.0554182316563147
"spectra2404",3078,0.0555832571014493
"spectra2405",3079,0.0557210595020747
"spectra2406",3080,0.0558156351452282
"spectra2407",3081,0.05588576593361
"spectra2408",3082,0.0559556151138716
"spectra2409",3083,0.0560305228838174
"spectra2410",3084,0.0561078850622407
"spectra2411",3085,0.0561903027593361
"spectra2412",3086,0.0562750695031056
"spectra2413",3087,0.0563545512033195
"spectra2414",3088,0.0564332066390041
"spectra2415",3089,0.0565249321576763
"spectra2416",3090,0.0566334914906832
"spectra2417",3091,0.0567575370124481
"spectra2418",3092,0.0569031735477178
"spectra2419",3093,0.0570670730290456
"spectra2420",3094,0.0572252555279503
"spectra2421",3095,0.0573626534854772
"spectra2422",3096,0.0574992312863071
"spectra2423",3097,0.0576569600414938
"spectra2424",3098,0.0578254833954451
"spectra2425",3099,0.0579849989211618
"spectra2426",3100,0.0581382334854772
"spectra2427",3101,0.0582900799377593
"spectra2428",3102,0.0584232394409938
"spectra2429",3103,0.0585305715352697
"spectra2430",3104,0.0586356893775934
"spectra2431",3105,0.0587526494605809
"spectra2432",3106,0.0588597183229814
"spectra2433",3107,0.0589372775155279
"spectra2434",3108,0.0590014228423237
"spectra2435",3109,0.0590791031327801
"spectra2436",3110,0.0591788076763485
"spectra2437",3111,0.0593007127329193
"spectra2438",3112,0.0594462792531121
"spectra2439",3113,0.0596005986721992
"spectra2440",3114,0.0597399267634855
"spectra2441",3115,0.0598669504356847
"spectra2442",3116,0.0600066617427386
"spectra2443",3117,0.0601641215767635
"spectra2444",3118,0.0603223526970954
"spectra2445",3119,0.0604757181987578
"spectra2446",3120,0.0606337757261411
"spectra2447",3121,0.0607994588381742
"spectra2448",3122,0.0609752355186722
"spectra2449",3123,0.0611769562111802
"spectra2450",3124,0.0614067119917012
"spectra2451",3125,0.061625048692946
"spectra2452",3126,0.0617879054356846
"spectra2453",3127,0.0618936127329192
"spectra2454",3128,0.0619719573443983
"spectra2455",3129,0.062047299626556
"spectra2456",3130,0.0621382863485477
"spectra2457",3131,0.0622680075983437
"spectra2458",3132,0.0624389818879668
"spectra2459",3133,0.0626213440871369
"spectra2460",3134,0.06278651
"spectra2461",3135,0.0629346636231884
"spectra2462",3136,0.0630752403319502
"spectra2463",3137,0.0632086565975104
"spectra2464",3138,0.0633410915352697
"spectra2465",3139,0.0634890165217391
"spectra2466",3140,0.0636575533540373
"spectra2467",3141,0.0638367042738589
"spectra2468",3142,0.0640209239626556
"spectra2469",3143,0.0642079840871369
"spectra2470",3144,0.0643860339834025
"spectra2471",3145,0.0645505350207469
"spectra2472",3146,0.064723050746888
"spectra2473",3147,0.064922923900415
"spectra2474",3148,0.0651310515527951
"spectra2475",3149,0.0653128012863071
"spectra2476",3150,0.0654646875311203
"spectra2477",3151,0.0656130660788382
"spectra2478",3152,0.0657762629399586
"spectra2479",3153,0.0659551421576764
"spectra2480",3154,0.0661447590456432
"spectra2481",3155,0.0663337697925311
"spectra2482",3156,0.0665067505809129
"spectra2483",3157,0.0666664589626556
"spectra2484",3158,0.0668355373029046
"spectra2485",3159,0.0670260548547718
"spectra2486",3160,0.0672247785714286
"spectra2487",3161,0.0674107604149378
"spectra2488",3162,0.0675743797510373
"spectra2489",3163,0.0677198725311203
"spectra2490",3164,0.0678677765217392
"spectra2491",3165,0.0680482321161825
"spectra2492",3166,0.0682687822821576
"spectra2493",3167,0.0684996080912863
"spectra2494",3168,0.0687080730769231
"spectra2495",3169,0.0688969252282157
"spectra2496",3170,0.0690818636514523
"spectra2497",3171,0.0692652411203319
"spectra2498",3172,0.0694510038589212
"spectra2499",3173,0.0696545506639004
"spectra2500",3174,0.0698730337759336
"spectra2501",3175,0.070075435746888
"spectra2502",3176,0.0702460285892116
"spectra2503",3177,0.0704081090062112
"spectra2504",3178,0.0705851246887967
"spectra2505",3179,0.0707697836929461
"spectra2506",3180,0.0709528236099585
"spectra2507",3181,0.0711445994202898
"spectra2508",3182,0.0713479322406639
"spectra2509",3183,0.0715388980082988
"spectra2510",3184,0.0717048661618257
"spectra2511",3185,0.0718644986307054
"spectra2512",3186,0.0720438191701245
"spectra2513",3187,0.0722521080497926
"spectra2514",3188,0.0724817423236515
"spectra2515",3189,0.0727072715942029
"spectra2516",3190,0.0728952104979253
"spectra2517",3191,0.0730419786514523
"spectra2518",3192,0.0731873517219917
"spectra2519",3193,0.0733632896273292
"spectra2520",3194,0.0735530898340249
"spectra2521",3195,0.0737287175103735
"spectra2522",3196,0.0739020187551867
"spectra2523",3197,0.0740939679209979
"spectra2524",3198,0.0742890340456432
"spectra2525",3199,0.0744608097925311
"spectra2526",3200,0.0746134669709543
"spectra2527",3201,0.0747631186514523
"spectra2528",3202,0.0749087996680498
"spectra2529",3203,0.0750527497510373
"spectra2530",3204,0.0752159312033195
"spectra2531",3205,0.0754094548962655
"spectra2532",3206,0.0756144555072463
"spectra2533",3207,0.0758129692738589
"spectra2534",3208,0.0760066442323651
"spectra2535",3209,0.0761958474896265
"spectra2536",3210,0.0763698545228215
"spectra2537",3211,0.0765339304149377
"spectra2538",3212,0.076701516846473
"spectra2539",3213,0.076864555186722
"spectra2540",3214,0.0770047088589211
"spectra2541",3215,0.0771347278215768
"spectra2542",3216,0.077285231846473
"spectra2543",3217,0.077456327780083
"spectra2544",3218,0.0776218115113872
"spectra2545",3219,0.0777780413278008
"spectra2546",3220,0.0779488005394191
"spectra2547",3221,0.0781423783817427
"spectra2548",3222,0.0783346414937759
"spectra2549",3223,0.0784996542116183
"spectra2550",3224,0.078632050186722
"spectra2551",3225,0.0787480095435685
"spectra2552",3226,0.0788787643243243
"spectra2553",3227,0.0790459663485477
"spectra2554",3228,0.0792310290456432
"spectra2555",3229,0.0793911178008299
"spectra2556",3230,0.0795098455186722
"spectra2557",3231,0.0796092015767635
"spectra2558",3232,0.0797088924273859
"spectra2559",3233,0.0798092257676349
"spectra2560",3234,0.079916520186722
"spectra2561",3235,0.0800496325465839
"spectra2562",3236,0.0802121241908714
"spectra2563",3237,0.0803865934439834
"spectra2564",3238,0.0805602522406639
"spectra2565",3239,0.0807303005394191
"spectra2566",3240,0.0808918248755187
"spectra2567",3241,0.0810452016182572
"spectra2568",3242,0.0812019901037344
"spectra2569",3243,0.0813622975103735
"spectra2570",3244,0.0815059107883817
"spectra2571",3245,0.0816237264315352
"spectra2572",3246,0.0817354816182572
"spectra2573",3247,0.0818542424223603
"spectra2574",3248,0.0819673626556016
"spectra2575",3249,0.0820686782780083
"spectra2576",3250,0.0821742077178423
"spectra2577",3251,0.082283732033195
"spectra2578",3252,0.0823772652697095
"spectra2579",3253,0.0824601948547718
"spectra2580",3254,0.0825689287136929
"spectra2581",3255,0.0827133217463617
"spectra2582",3256,0.0828588784647303
"spectra2583",3257,0.0829815751659751
"spectra2584",3258,0.083095791659751
"spectra2585",3259,0.0832143982987552
"spectra2586",3260,0.0833250593360996
"spectra2587",3261,0.0834238556431535
"spectra2588",3262,0.0835295693775934
"spectra2589",3263,0.0836494127385892
"spectra2590",3264,0.0837615193153527
"spectra2591",3265,0.0838481979460581
"spectra2592",3266,0.0839188608921162
"spectra2593",3267,0.083995922219917
"spectra2594",3268,0.0840919079253112
"spectra2595",3269,0.0842004026556017
"spectra2596",3270,0.0842989906224066
"spectra2597",3271,0.0843747418257261
"spectra2598",3272,0.0844492048962656
"spectra2599",3273,0.0845560323858921
"spectra2600",3274,0.0846910395435685
"spectra2601",3275,0.0848129636307054
"spectra2602",3276,0.0849008075518672
"spectra2603",3277,0.0849708281742739
"spectra2604",3278,0.0850360674688797
"spectra2605",3279,0.0850934579253112
"spectra2606",3280,0.0851503425311203
"spectra2607",3281,0.085223945
"spectra2608",3282,0.0853142447717842
"spectra2609",3283,0.0854098467842323
"spectra2610",3284,0.0855114107900208
"spectra2611",3285,0.0856157359751038
"spectra2612",3286,0.0856917887136929
"spectra2613",3287,0.0857145592116183
"spectra2614",3288,0.0857094637344398
"spectra2615",3289,0.0857262025311203
"spectra2616",3290,0.0857802146887967
"spectra2617",3291,0.0858549264522821
"spectra2618",3292,0.08594145406639
"spectra2619",3293,0.0860350347302904
"spectra2620",3294,0.086115808340249
"spectra2621",3295,0.0861705260165975
"spectra2622",3296,0.0862091800414938
"spectra2623",3297,0.0862409689834025
"spectra2624",3298,0.0862568145435685
"spectra2625",3299,0.0862551757261411
"spectra2626",3300,0.0862584996887967
"spectra2627",3301,0.0862863894190871
"spectra2628",3302,0.0863369717012448
"spectra2629",3303,0.0864062095850622
"spectra2630",3304,0.0864910692116183
"spectra2631",3305,0.0865702460165975
"spectra2632",3306,0.0866175786721992
"spectra2633",3307,0.0866329486514523
"spectra2634",3308,0.0866383430082988
"spectra2635",3309,0.0866448132365145
"spectra2636",3310,0.0866509014937759
"spectra2637",3311,0.0866616258506224
"spectra2638",3312,0.0866798807883817
"spectra2639",3313,0.0866930051143451
"spectra2640",3314,0.0866943238796681
"spectra2641",3315,0.0867017239834025
"spectra2642",3316,0.08673227406639
"spectra2643",3317,0.086777958115942
"spectra2644",3318,0.0868256211618257
"spectra2645",3319,0.0868767174688797
"spectra2646",3320,0.0869287044813278
"spectra2647",3321,0.0869699713692946
"spectra2648",3322,0.0869995795435685
"spectra2649",3323,0.0870237308298755
"spectra2650",3324,0.0870310822406639
"spectra2651",3325,0.0870054339211618
"spectra2652",3326,0.086959547219917
"spectra2653",3327,0.086925052406639
"spectra2654",3328,0.0869119413278008
"spectra2655",3329,0.0869129246473029
"spectra2656",3330,0.0869300397925311
"spectra2657",3331,0.0869568435269709
"spectra2658",3332,0.08695844
"spectra2659",3333,0.0869149922821577
"spectra2660",3334,0.0868618161825726
"spectra2661",3335,0.086841921286307
"spectra2662",3336,0.0868493286307054
"spectra2663",3337,0.0868513570954357
"spectra2664",3338,0.0868372526556017
"spectra2665",3339,0.0868075569917012
"spectra2666",3340,0.0867527989626556
"spectra2667",3341,0.0866801703941909
"spectra2668",3342,0.0866287504989605
"spectra2669",3343,0.0866209252282158
"spectra2670",3344,0.0866342836099585
"spectra2671",3345,0.0866447736929461
"spectra2672",3346,0.0866585542443064
"spectra2673",3347,0.086674821120332
"spectra2674",3348,0.0866694149585062
"spectra2675",3349,0.0866316380497925
"spectra2676",3350,0.0865793534232365
"spectra2677",3351,0.0865244188381743
"spectra2678",3352,0.0864612630290456
"spectra2679",3353,0.0863932155186722
"spectra2680",3354,0.0863332563900415
"spectra2681",3355,0.0862839459958506
"spectra2682",3356,0.0862445009128631
"spectra2683",3357,0.0862247923029046
"spectra2684",3358,0.0862156157763975
"spectra2685",3359,0.0861752322821577
"spectra2686",3360,0.0860856054771784
"spectra2687",3361,0.0859889127385892
"spectra2688",3362,0.0859318391701245
"spectra2689",3363,0.0859056452904564
"spectra2690",3364,0.0858749441701245
"spectra2691",3365,0.0858301847717842
"spectra2692",3366,0.0857763873858921
"spectra2693",3367,0.085707492406639
"spectra2694",3368,0.085621229626556
"spectra2695",3369,0.085530407966805
"spectra2696",3370,0.0854404612215321
"spectra2697",3371,0.0853480277385892
"spectra2698",3372,0.0852653267219917
"spectra2699",3373,0.0852033637966805
"spectra2700",3374,0.0851401219294606
"spectra2701",3375,0.0850515464315353
"spectra2702",3376,0.0849558253112033
"spectra2703",3377,0.0848796363070539
"spectra2704",3378,0.084803798340249
"spectra2705",3379,0.0846990767567568
"spectra2706",3380,0.084591243526971
"spectra2707",3381,0.0845278456224066
"spectra2708",3382,0.084502231846473
"spectra2709",3383,0.0844679004771784
"spectra2710",3384,0.0844006792946058
"spectra2711",3385,0.0842953197925311
"spectra2712",3386,0.0841387191701245
"spectra2713",3387,0.0839476040165631
"spectra2714",3388,0.0837894600207469
"spectra2715",3389,0.0837131906224066
"spectra2716",3390,0.0836881346473029
"spectra2717",3391,0.0836512352697095
"spectra2718",3392,0.0835750645228216
"spectra2719",3393,0.083461377966805
"spectra2720",3394,0.0833150631120332
"spectra2721",3395,0.0831577456431535
"spectra2722",3396,0.0830281154564315
"spectra2723",3397,0.0829401647302904
"spectra2724",3398,0.0828777663900415
"spectra2725",3399,0.08283424
"spectra2726",3400,0.0828098719502075
"spectra2727",3401,0.0827734923236514
"spectra2728",3402,0.0826892145643153
"spectra2729",3403,0.0825755560580913
"spectra2730",3404,0.0824850488381743
"spectra2731",3405,0.0824288993983402
"spectra2732",3406,0.0823770493983403
"spectra2733",3407,0.0823120972821577
"spectra2734",3408,0.0822309633679834
"spectra2735",3409,0.0821175736514523
"spectra2736",3410,0.0819658387966805
"spectra2737",3411,0.0818119195435685
"spectra2738",3412,0.081683101242236
"spectra2739",3413,0.0815573877178424
"spectra2740",3414,0.0814026213485477
"spectra2741",3415,0.0812253622821577
"spectra2742",3416,0.0810458123188406
"spectra2743",3417,0.0808628374688797
"spectra2744",3418,0.0806729019917013
"spectra2745",3419,0.0804875998755187
"spectra2746",3420,0.0803060699585062
"spectra2747",3421,0.0801112203941909
"spectra2748",3422,0.0799119301659751
"spectra2749",3423,0.0797437434232365
"spectra2750",3424,0.0796121866666667
"spectra2751",3425,0.079486067966805
"spectra2752",3426,0.0793512660165975
"spectra2753",3427,0.0792157311618257
"spectra2754",3428,0.0790655639751553
"spectra2755",3429,0.0788757916182573
"spectra2756",3430,0.0786643366182573
"spectra2757",3431,0.0784788062655602
"spectra2758",3432,0.0783297178215767
"spectra2759",3433,0.0781834727385892
"spectra2760",3434,0.078017287219917
"spectra2761",3435,0.0778365642738589
"spectra2762",3436,0.0776418690871369
"spectra2763",3437,0.0774271702079003
"spectra2764",3438,0.0772026884232365
"spectra2765",3439,0.0769805970124481
"spectra2766",3440,0.0767528006016597
"spectra2767",3441,0.0765159546376812
"spectra2768",3442,0.0762939070539419
"spectra2769",3443,0.0761059577593361
"spectra2770",3444,0.0759264674273859
"spectra2771",3445,0.0757031871428571
"spectra2772",3446,0.0754094212240663
"spectra2773",3447,0.0750717480705395
"spectra2774",3448,0.0747563764107884
"spectra2775",3449,0.0745164823443984
"spectra2776",3450,0.0743483963070539
"spectra2777",3451,0.0742000170124482
"spectra2778",3452,0.0740247895020747
"spectra2779",3453,0.0738208648033126
"spectra2780",3454,0.0736050508091287
"spectra2781",3455,0.0733816712448133
"spectra2782",3456,0.0731582132572614
"spectra2783",3457,0.0729527481573499
"spectra2784",3458,0.0727553163900415
"spectra2785",3459,0.072511523900415
"spectra2786",3460,0.0721848903319502
"spectra2787",3461,0.0718156254771784
"spectra2788",3462,0.0714892174896266
"spectra2789",3463,0.0712518150622407
"spectra2790",3464,0.071085751659751
"spectra2791",3465,0.0709475713043478
"spectra2792",3466,0.0708029821161826
"spectra2793",3467,0.0706315097510373
"spectra2794",3468,0.0704264539004149
"spectra2795",3469,0.0701902928985507
"spectra2796",3470,0.0699311043271221
"spectra2797",3471,0.069665965
"spectra2798",3472,0.069415378506224
"spectra2799",3473,0.0691861989419087
"spectra2800",3474,0.0689729233333333
"spectra2801",3475,0.068782110373444
"spectra2802",3476,0.0686279547717842
"spectra2803",3477,0.0684929369709543
"spectra2804",3478,0.0683262517184265
"spectra2805",3479,0.0681005134024896
"spectra2806",3480,0.0678434610373444
"spectra2807",3481,0.0675985141908713
"spectra2808",3482,0.0673795960869565
"spectra2809",3483,0.0671835028215767
"spectra2810",3484,0.0670084793360996
"spectra2811",3485,0.0668415634439834
"spectra2812",3486,0.0666563141614907
"spectra2813",3487,0.0664411562033195
"spectra2814",3488,0.066214595912863
"spectra2815",3489,0.0660021009128631
"spectra2816",3490,0.0658156941701245
"spectra2817",3491,0.0656543586307054
"spectra2818",3492,0.0655027480912863
"spectra2819",3493,0.0653384826970955
"spectra2820",3494,0.0651576825672878
"spectra2821",3495,0.0649793707883817
"spectra2822",3496,0.0648109003112033
"spectra2823",3497,0.0646316502282158
"spectra2824",3498,0.064430159068323
"spectra2825",3499,0.064227389689441
"spectra2826",3500,0.0640396722406639
"spectra2827",3501,0.0638459293775934
"spectra2828",3502,0.0636189300829876
"spectra2829",3503,0.0633736021739131
"spectra2830",3504,0.0631571173443984
"spectra2831",3505,0.0629970277593361
"spectra2832",3506,0.0628692962655602
"spectra2833",3507,0.0627143243892339
"spectra2834",3508,0.0624838699170125
"spectra2835",3509,0.0621956334854772
"spectra2836",3510,0.061932534439834
"spectra2837",3511,0.0617481270807453
"spectra2838",3512,0.0616093856016598
"spectra2839",3513,0.0614574645850622
"spectra2840",3514,0.0612766292738589
"spectra2841",3515,0.0610777839751553
"spectra2842",3516,0.0608606929045643
"spectra2843",3517,0.0606309886721992
"spectra2844",3518,0.0604171659751037
"spectra2845",3519,0.0602264126708074
"spectra2846",3520,0.0600214649377593
"spectra2847",3521,0.0597820807883817
"spectra2848",3522,0.0595456930290456
"spectra2849",3523,0.0593521340372671
"spectra2850",3524,0.0591829893360996
"spectra2851",3525,0.0589973899170124
"spectra2852",3526,0.0587932165145228
"spectra2853",3527,0.0585882186335404
"spectra2854",3528,0.0583848692132505
"spectra2855",3529,0.058180160539419
"spectra2856",3530,0.0579840020124482
"spectra2857",3531,0.0578017747095436
"spectra2858",3532,0.0576237114522821
"spectra2859",3533,0.0574345060165976
"spectra2860",3534,0.0572200360580913
"spectra2861",3535,0.0569784553526971
"spectra2862",3536,0.0567455462111801
"spectra2863",3537,0.0565703113485477
"spectra2864",3538,0.056445282966805
"spectra2865",3539,0.0563050348962656
"spectra2866",3540,0.0561093504761905
"spectra2867",3541,0.0558831944398341
"spectra2868",3542,0.0556584882572614
"spectra2869",3543,0.0554241033609959
"spectra2870",3544,0.0551615267908903
"spectra2871",3545,0.054889439273859
"spectra2872",3546,0.0546376739419087
"spectra2873",3547,0.0544117438381743
"spectra2874",3548,0.0542179452173913
"spectra2875",3549,0.0540541428215768
"spectra2876",3550,0.0538796502904564
"spectra2877",3551,0.0536580426556016
"spectra2878",3552,0.0534285032298137
"spectra2879",3553,0.0532587612863071
"spectra2880",3554,0.0531292450207469
"spectra2881",3555,0.0529637167634855
"spectra2882",3556,0.0527496709937888
"spectra2883",3557,0.0525372489855072
"spectra2884",3558,0.0523392099585062
"spectra2885",3559,0.0521095691701245
"spectra2886",3560,0.0518424491701244
"spectra2887",3561,0.0515975164315353
"spectra2888",3562,0.0514026107053942
"spectra2889",3563,0.0512182656016597
"spectra2890",3564,0.0510005637759336
"spectra2891",3565,0.050745817204969
"spectra2892",3566,0.0504799663485477
"spectra2893",3567,0.0502295707053941
"spectra2894",3568,0.0500114487551868
"spectra2895",3569,0.0498417698757764
"spectra2896",3570,0.0497149383817427
"spectra2897",3571,0.0496021099792531
"spectra2898",3572,0.0494691694605809
"spectra2899",3573,0.0492816433609958
"spectra2900",3574,0.0490311851452282
"spectra2901",3575,0.048761712780083
"spectra2902",3576,0.0485353442323652
"spectra2903",3577,0.0483626567494824
"spectra2904",3578,0.0482040970124482
"spectra2905",3579,0.0480352780497926
"spectra2906",3580,0.0478696353941909
"spectra2907",3581,0.047723927515528
"spectra2908",3582,0.0476003878008299
"spectra2909",3583,0.0474973175103735
"spectra2910",3584,0.047399752033195
"spectra2911",3585,0.0472731882608696
"spectra2912",3586,0.0471140901659751
"spectra2913",3587,0.0469924983195021
"spectra2914",3588,0.0469272369294606
"spectra2915",3589,0.0468355625311203
"spectra2916",3590,0.0466836502489627
"spectra2917",3591,0.0465105966390042
"spectra2918",3592,0.0463554754771784
"spectra2919",3593,0.0462273474273859
"spectra2920",3594,0.0461167979296066
"spectra2921",3595,0.0460081017219917
"spectra2922",3596,0.0458851874896265
"spectra2923",3597,0.0457458987344398
"spectra2924",3598,0.0456153583436853
"spectra2925",3599,0.0455168897095436
"spectra2926",3600,0.045430199253112
"spectra2927",3601,0.0453170504979253
"spectra2928",3602,0.045190871659751
"spectra2929",3603,0.0450918073443983
"spectra2930",3604,0.0450112297095436
"spectra2931",3605,0.0449035455394191
"spectra2932",3606,0.0447582085714286
"spectra2933",3607,0.0446203551452282
"spectra2934",3608,0.0445239076763485
"spectra2935",3609,0.0444362556846473
"spectra2936",3610,0.0443252562318841
"spectra2937",3611,0.0442052652904564
"spectra2938",3612,0.0440976215352697
"spectra2939",3613,0.0440137591701245
"spectra2940",3614,0.043949197027027
"spectra2941",3615,0.043895560746888
"spectra2942",3616,0.043837954439834
"spectra2943",3617,0.0437646595850623
"spectra2944",3618,0.0436886133195021
"spectra2945",3619,0.0436220781950207
"spectra2946",3620,0.043546799439834
"spectra2947",3621,0.0434668792946058
"spectra2948",3622,0.0434038000414938
"spectra2949",3623,0.0433498349689441
"spectra2950",3624,0.0432964118257261
"spectra2951",3625,0.0432687732780083
"spectra2952",3626,0.04327795
"spectra2953",3627,0.0432607724273859
"spectra2954",3628,0.0431644881742739
"spectra2955",3629,0.0430138897095436
"spectra2956",3630,0.0428314904356846
"spectra2957",3631,0.0426642747717842
"spectra2958",3632,0.0425231869709544
"spectra2959",3633,0.0424059322406639
"spectra2960",3634,0.042325772406639
"spectra2961",3635,0.04226563
"spectra2962",3636,0.0421920308506224
"spectra2963",3637,0.0420983901244813
"spectra2964",3638,0.0419970885477178
"spectra2965",3639,0.0418893011180124
"spectra2966",3640,0.0417798969294606
"spectra2967",3641,0.0416951364315353
"spectra2968",3642,0.0416441929045643
"spectra2969",3643,0.0415869935758836
"spectra2970",3644,0.0414832217219917
"spectra2971",3645,0.0413310332157676
"spectra2972",3646,0.0411519329668049
"spectra2973",3647,0.0409650089834025
"spectra2974",3648,0.0407924148962655
"spectra2975",3649,0.0407003202904564
"spectra2976",3650,0.0407370019087137
"spectra2977",3651,0.0408044131950207
"spectra2978",3652,0.0408242272463768
"spectra2979",3653,0.0408097873029046
"spectra2980",3654,0.040767778153527
"spectra2981",3655,0.0406949573443984
"spectra2982",3656,0.0406110651452282
"spectra2983",3657,0.040517549087137
"spectra2984",3658,0.0404194073858921
"spectra2985",3659,0.0403423688381743
"spectra2986",3660,0.04030251593361
"spectra2987",3661,0.0402869682157676
"spectra2988",3662,0.0402608364107884
"spectra2989",3663,0.0402081221369295
"spectra2990",3664,0.0401530280124224
"spectra2991",3665,0.0401218421161826
"spectra2992",3666,0.0401052178838174
"spectra2993",3667,0.0400731095435685
"spectra2994",3668,0.04002333593361
"spectra2995",3669,0.0400084911410788
"spectra2996",3670,0.0400324281950208
"spectra2997",3671,0.0399988753941909
"spectra2998",3672,0.0399181291060291
"spectra2999",3673,0.0398288682572614
"spectra3000",3674,0.0397330041078838
"spectra3001",3675,0.0397233225311203
"spectra3002",3676,0.0397582514107884
"spectra3003",3677,0.0397212334024896
"spectra3004",3678,0.0396863713485477
"spectra3005",3679,0.0396983271784232
"spectra3006",3680,0.0397290980705394
"spectra3007",3681,0.0397414565145228
"spectra3008",3682,0.0397344746058091
"spectra3009",3683,0.0397277865975104
"spectra3010",3684,0.0397367772614108
"spectra3011",3685,0.0397605876141079
"spectra3012",3686,0.0397767817634855
"spectra3013",3687,0.0397659283195021
"spectra3014",3688,0.0397487637759336
"spectra3015",3689,0.0397442107883817
"spectra3016",3690,0.0397225820746888
"spectra3017",3691,0.0396777904149377
"spectra3018",3692,0.0396302220746888
"spectra3019",3693,0.0396023354037267
"spectra3020",3694,0.0396107087759336
"spectra3021",3695,0.0396460837966805
"spectra3022",3696,0.0396755673443983
"spectra3023",3697,0.0396760073858921
"spectra3024",3698,0.0396518329875519
"spectra3025",3699,0.0396073853526971
"spectra3026",3700,0.039539760746888
"spectra3027",3701,0.0394765689419087
"spectra3028",3702,0.0394610608921162
"spectra3029",3703,0.0394927793775934
"spectra3030",3704,0.0395399313900415
"spectra3031",3705,0.0395826967494824
"spectra3032",3706,0.0396142041908714
"spectra3033",3707,0.0396188636099585
"spectra3034",3708,0.0395813065560166
"spectra3035",3709,0.0395233844906445
"spectra3036",3710,0.0394947846680498
"spectra3037",3711,0.0394939358298755
"spectra3038",3712,0.039443673340249
"spectra3039",3713,0.0393366161825726
"spectra3040",3714,0.0392598087966805
"spectra3041",3715,0.0392595380082988
"spectra3042",3716,0.0393174562240664
"spectra3043",3717,0.0394053226556017
"spectra3044",3718,0.0395033810373444
"spectra3045",3719,0.0395875512863071
"spectra3046",3720,0.0396483955809129
"spectra3047",3721,0.0397161433195021
"spectra3048",3722,0.0398089744813278
"spectra3049",3723,0.0398788089211618
"spectra3050",3724,0.0398848965145228
"spectra3051",3725,0.0398717002904564
"spectra3052",3726,0.039900869439834
"spectra3053",3727,0.0399484037344398
"spectra3054",3728,0.0399562680082988
"spectra3055",3729,0.0399252717634855
"spectra3056",3730,0.0398733356846473
"spectra3057",3731,0.0398000412033195
"spectra3058",3732,0.0397117815352697
"spectra3059",3733,0.0396441620746888
"spectra3060",3734,0.0396505773029046
"spectra3061",3735,0.0397434076556017
"spectra3062",3736,0.0397927054564315
"spectra3063",3737,0.0396985855809129
"spectra3064",3738,0.0395596776923077
"spectra3065",3739,0.0394891453526971
"spectra3066",3740,0.0395266313692946
"spectra3067",3741,0.0396530993360996
"spectra3068",3742,0.0397846429045643
"spectra3069",3743,0.0398177991701245
"spectra3070",3744,0.0397613423029046
"spectra3071",3745,0.0396782122406639
"spectra3072",3746,0.0396106129045643
"spectra3073",3747,0.0396058643568465
"spectra3074",3748,0.039633142033195
"spectra3075",3749,0.0396656581327801
"spectra3076",3750,0.0397135424896266
"spectra3077",3751,0.0397573176970954
"spectra3078",3752,0.0397476165145228
"spectra3079",3753,0.0396704068257261
"spectra3080",3754,0.0395708240041494
"spectra3081",3755,0.0394894517012448
"spectra3082",3756,0.0394295366804979
"spectra3083",3757,0.0393875137344398
"spectra3084",3758,0.0393823028215768
"spectra3085",3759,0.0394394973236514
"spectra3086",3760,0.0395341252282158
"spectra3087",3761,0.0395910337344398
"spectra3088",3762,0.0395849201659751
"spectra3089",3763,0.0395446941078838
"spectra3090",3764,0.0395057769294606
"spectra3091",3765,0.0394966139834025
"spectra3092",3766,0.0395093128630705
"spectra3093",3767,0.0395182243243243
"spectra3094",3768,0.0395205804771784
"spectra3095",3769,0.039533156120332
"spectra3096",3770,0.0395593353112033
"spectra3097",3771,0.0395683611825726
"spectra3098",3772,0.0395570564315353
"spectra3099",3773,0.0395546994190871
"spectra3100",3774,0.0395868890871369
"spectra3101",3775,0.0396453875362319
"spectra3102",3776,0.0396817331950207
"spectra3103",3777,0.0396612753941909
"spectra3104",3778,0.0396168332365145
"spectra3105",3779,0.0396145988589212
"spectra3106",3780,0.0396412150622407
"spectra3107",3781,0.0396346384647303
"spectra3108",3782,0.039599573153527
"spectra3109",3783,0.0395860836929461
"spectra3110",3784,0.0396181493568465
"spectra3111",3785,0.0396585368672199
"spectra3112",3786,0.0396575482572614
"spectra3113",3787,0.0396271184232365
"spectra3114",3788,0.0396087449377593
"spectra3115",3789,0.0396257362240664
"spectra3116",3790,0.0396705960580913
"spectra3117",3791,0.0397192263070539
"spectra3118",3792,0.0397487973858921
"spectra3119",3793,0.0397497987136929
"spectra3120",3794,0.0397246002489627
"spectra3121",3795,0.0396863929045643
"spectra3122",3796,0.0396670188796681
"spectra3123",3797,0.0396825712863071
"spectra3124",3798,0.0397199505394191
"spectra3125",3799,0.03974405593361
"spectra3126",3800,0.0397409765488565
"spectra3127",3801,0.0397903250207469
"spectra3128",3802,0.0398872230705394
"spectra3129",3803,0.0399181387136929
"spectra3130",3804,0.0398902702484472
"spectra3131",3805,0.0398249985062241
"spectra3132",3806,0.0397588580912863
"spectra3133",3807,0.0397428568879668
"spectra3134",3808,0.0397456304564315
"spectra3135",3809,0.0397487763485477
"spectra3136",3810,0.0397653100414938
"spectra3137",3811,0.0397925521161826
"spectra3138",3812,0.0398188693983402
"spectra3139",3813,0.0398350082572614
"spectra3140",3814,0.0398328685892116
"spectra3141",3815,0.0398386330705394
"spectra3142",3816,0.0398619866666667
"spectra3143",3817,0.0398410992946058
"spectra3144",3818,0.039774626099585
"spectra3145",3819,0.0396866359958506
"spectra3146",3820,0.0396359641701245
"spectra3147",3821,0.0397098026141079
"spectra3148",3822,0.0398015335684647
"spectra3149",3823,0.0398195064315353
"spectra3150",3824,0.0398016186307054
"spectra3151",3825,0.0397799629253112
"spectra3152",3826,0.0397865051037344
"spectra3153",3827,0.0398289857261411
"spectra3154",3828,0.0398776383195021
"spectra3155",3829,0.0399088357971015
"spectra3156",3830,0.0399272973443983
"spectra3157",3831,0.0399509526556017
"spectra3158",3832,0.0399769528630705
"spectra3159",3833,0.0399809334989648
"spectra3160",3834,0.039961895373444
"spectra3161",3835,0.0399426699792531
"spectra3162",3836,0.0399400722821577
"spectra3163",3837,0.0399568215352697
"spectra3164",3838,0.039989766846473
"spectra3165",3839,0.0400201051037344
"spectra3166",3840,0.0400193990871369
"spectra3167",3841,0.0399823719087137
"spectra3168",3842,0.0399350656431535
"spectra3169",3843,0.0399251914522822
"spectra3170",3844,0.0399674498340249
"spectra3171",3845,0.0400145553623188
"spectra3172",3846,0.0400277334854772
"spectra3173",3847,0.0400230519087137
"spectra3174",3848,0.0400390624896266
"spectra3175",3849,0.0400885276348548
"spectra3176",3850,0.0401442963278008
"spectra3177",3851,0.0401632945643154
"spectra3178",3852,0.0401679546058091
"spectra3179",3853,0.0402452497302904
"spectra3180",3854,0.0402303631950207
"spectra3181",3855,0.0400779176763485
"spectra3182",3856,0.0399957931950208
"spectra3183",3857,0.040025482795031
"spectra3184",3858,0.0400976755279503
"spectra3185",3859,0.0401513971991701
"spectra3186",3860,0.0401750778838174
"spectra3187",3861,0.040185742033195
"spectra3188",3862,0.0401992734782609
"spectra3189",3863,0.0402261286307054
"spectra3190",3864,0.0402741675518672
"spectra3191",3865,0.0403154799585062
"spectra3192",3866,0.0403126514937759
"spectra3193",3867,0.0402693462033195
"spectra3194",3868,0.0401909821784232
"spectra3195",3869,0.0401250817427386
"spectra3196",3870,0.04012077
"spectra3197",3871,0.0401042831950208
"spectra3198",3872,0.0400648813278008
"spectra3199",3873,0.0400535740248963
"spectra3200",3874,0.0401135063975155
"spectra3201",3875,0.0402057569502075
"spectra3202",3876,0.0402655333195021
"spectra3203",3877,0.0402797142116183
"spectra3204",3878,0.0402665345228216
"spectra3205",3879,0.040260591120332
"spectra3206",3880,0.0402762116182573
"spectra3207",3881,0.0402604118672199
"spectra3208",3882,0.0402006205809129
"spectra3209",3883,0.040153292966805
"spectra3210",3884,0.0401556474273859
"spectra3211",3885,0.0402368254771784
"spectra3212",3886,0.0403500804761905
"spectra3213",3887,0.0404054336231884
"spectra3214",3888,0.0403940921576763
"spectra3215",3889,0.0403282180082987
"spectra3216",3890,0.0402397658921162
"spectra3217",3891,0.0402079953416149
"spectra3218",3892,0.0402537513485477
"spectra3219",3893,0.0403150197510374
"spectra3220",3894,0.0403537075311203
"spectra3221",3895,0.0403704533817427
"spectra3222",3896,0.0403745747302904
"spectra3223",3897,0.0403717767634855
"spectra3224",3898,0.0403711808298755
"spectra3225",3899,0.0403875404140787
"spectra3226",3900,0.0404244595643154
"spectra3227",3901,0.0404653365975104
"spectra3228",3902,0.0404840643360996
"spectra3229",3903,0.0404711059627329
"spectra3230",3904,0.0404495330705394
"spectra3231",3905,0.0404515934024896
"spectra3232",3906,0.0404843467634855
"spectra3233",3907,0.0405254820746888
"spectra3234",3908,0.0405487107261411
"spectra3235",3909,0.0405492626970954
"spectra3236",3910,0.0405404907883817
"spectra3237",3911,0.04053488
"spectra3238",3912,0.0405349191286307
"spectra3239",3913,0.0405372126141079
"spectra3240",3914,0.0405342341908714
"spectra3241",3915,0.0405255854451346
"spectra3242",3916,0.0405295911594203
"spectra3243",3917,0.0405597840456432
"spectra3244",3918,0.0405969631742739
"spectra3245",3919,0.0406171223858921
"spectra3246",3920,0.0406192376190476
"spectra3247",3921,0.0406127426556017
"spectra3248",3922,0.0406031408298755
"spectra3249",3923,0.0406008868879668
"spectra3250",3924,0.040626775320911
"spectra3251",3925,0.0406698079045643
"spectra3252",3926,0.040684738526971
"spectra3253",3927,0.0406585917634855
"spectra3254",3928,0.040618261863354
"spectra3255",3929,0.0405901775103734
"spectra3256",3930,0.0405727692946058
"spectra3257",3931,0.040563531659751
"spectra3258",3932,0.0405860668115942
"spectra3259",3933,0.0406524989004149
"spectra3260",3934,0.0407303570746888
"spectra3261",3935,0.040784943526971
"spectra3262",3936,0.0408157335684647
"spectra3263",3937,0.0408341113692946
"spectra3264",3938,0.0408314097925311
"spectra3265",3939,0.0407918206639004
"spectra3266",3940,0.0407241400621118
"spectra3267",3941,0.0406625887759336
"spectra3268",3942,0.04063907
"spectra3269",3943,0.0406506642116183
"spectra3270",3944,0.0406630175155279
"spectra3271",3945,0.0406534426086956
"spectra3272",3946,0.0406298025726141
"spectra3273",3947,0.0406228113278008
"spectra3274",3948,0.0406549312863071
"spectra3275",3949,0.0407089550310559
"spectra3276",3950,0.0407496002074689
"spectra3277",3951,0.040766516473029
"spectra3278",3952,0.0407699696680498
"spectra3279",3953,0.0407672208695652
"spectra3280",3954,0.0407657774273859
"spectra3281",3955,0.0407759330290456
"spectra3282",3956,0.0407952026970954
"spectra3283",3957,0.04080494
"spectra3284",3958,0.0407953269709544
"spectra3285",3959,0.0407801619502075
"spectra3286",3960,0.0407753588796681
"spectra3287",3961,0.0407791167080745
"spectra3288",3962,0.040783861659751
"spectra3289",3963,0.04079006
"spectra3290",3964,0.04080174406639
"spectra3291",3965,0.0408204379503106
"spectra3292",3966,0.0408482675103734
"spectra3293",3967,0.040878742593361
"spectra3294",3968,0.0408908027593361
"spectra3295",3969,0.0408710571221532
"spectra3296",3970,0.0408401329460581
"spectra3297",3971,0.0408296373029046
"spectra3298",3972,0.0408424487551867
"spectra3299",3973,0.0408594293581781
"spectra3300",3974,0.0408752392960663
"spectra3301",3975,0.0408966506639004
"spectra3302",3976,0.0409161713692946
"spectra3303",3977,0.0409192508091286
"spectra3304",3978,0.0409146189211618
"spectra3305",3979,0.0409231813278008
"spectra3306",3980,0.0409442022406639
"spectra3307",3981,0.0409549532365145
"spectra3308",3982,0.0409427444720497
"spectra3309",3983,0.0409191184439834
"spectra3310",3984,0.0409085810995851
"spectra3311",3985,0.0409328205809129
"spectra3312",3986,0.0409945342443064
"spectra3313",3987,0.0410652234024896
"spectra3314",3988,0.0411025406224066
"spectra3315",3989,0.0410920332365145
"spectra3316",3990,0.0410601852074689
"spectra3317",3991,0.0410418762655602
"spectra3318",3992,0.0410463164937759
"spectra3319",3993,0.0410651789626556
"spectra3320",3994,0.0410893353830228
"spectra3321",3995,0.0411103880497925
"spectra3322",3996,0.0411214292946058
"spectra3323",3997,0.0411232001659751
"spectra3324",3998,0.0411190190062112
"spectra3325",3999,0.0411074315975104
"spectra3326",4000,0.0410929332572614
