"","wavenumber","spectra"
"spectra1",675,0.0840722305538271
"spectra2",676,0.0850841357809583
"spectra3",677,0.085941371659751
"spectra4",678,0.0866252312466294
"spectra5",679,0.0871655495519602
"spectra6",680,0.0875860034502075
"spectra7",681,0.0878485481518357
"spectra8",682,0.0879324484256378
"spectra9",683,0.087893972406639
"spectra10",684,0.087784512095001
"spectra11",685,0.0875883143061605
"spectra12",686,0.0873010418215768
"spectra13",687,0.0869907256544285
"spectra14",688,0.0867179067689755
"spectra15",689,0.0864448870261302
"spectra16",690,0.0860948434536403
"spectra17",691,0.0856376186084612
"spectra18",692,0.085071486654915
"spectra19",693,0.0843898531922837
"spectra20",694,0.0836081882662795
"spectra21",695,0.0827591726835338
"spectra22",696,0.0818373797987969
"spectra23",697,0.0808053897241808
"spectra24",698,0.0796600637536292
"spectra25",699,0.0784131522775358
"spectra26",700,0.0770076955246785
"spectra27",701,0.0753604272412362
"spectra28",702,0.0735065728023232
"spectra29",703,0.0716203039232365
"spectra30",704,0.069834475289359
"spectra31",705,0.0681544286641775
"spectra32",706,0.0665363745850622
"spectra33",707,0.0649938880584941
"spectra34",708,0.0636116417299315
"spectra35",709,0.062503704153527
"spectra36",710,0.0617311916324414
"spectra37",711,0.0611577994067621
"spectra38",712,0.0603870336182573
"spectra39",713,0.0589806179589297
"spectra40",714,0.0568347877867663
"spectra41",715,0.0543043195956035
"spectra42",716,0.0519096405828666
"spectra43",717,0.0499367737868105
"spectra44",718,0.048358530435504
"spectra45",719,0.04700843869944
"spectra46",720,0.0457559201762754
"spectra47",721,0.0445451367731232
"spectra48",722,0.0433643169197262
"spectra49",723,0.0422360755288262
"spectra50",724,0.0412117137163003
"spectra51",725,0.0403380315079859
"spectra52",726,0.0396297171754459
"spectra53",727,0.039061985132725
"spectra54",728,0.0385812698651732
"spectra55",729,0.0381199482240664
"spectra56",730,0.0375964516386642
"spectra57",731,0.0369237856440572
"spectra58",732,0.0360697615829875
"spectra59",733,0.0351250435137938
"spectra60",734,0.0342574037585563
"spectra61",735,0.033574037593361
"spectra62",736,0.0330522876477909
"spectra63",737,0.0326122199834059
"spectra64",738,0.0322130143423237
"spectra65",739,0.0318589849076955
"spectra66",740,0.0315603890603609
"spectra67",741,0.0313239257593361
"spectra68",742,0.0311481643725368
"spectra69",743,0.0309999869017005
"spectra70",744,0.030831710398175
"spectra71",745,0.0306409246733043
"spectra72",746,0.0304765972086271
"spectra73",747,0.030371721099129
"spectra74",748,0.0302971014291641
"spectra75",749,0.0302027652239735
"spectra76",750,0.0300786633036085
"spectra77",751,0.0299591883717071
"spectra78",752,0.0298785815553712
"spectra79",753,0.0298290224305268
"spectra80",754,0.0297589075980087
"spectra81",755,0.0296226568672199
"spectra82",756,0.0294402696888612
"spectra83",757,0.0292790838083385
"spectra84",758,0.0291713562738589
"spectra85",759,0.0290915682327318
"spectra86",760,0.0290171416262186
"spectra87",761,0.0289619077489627
"spectra88",762,0.0289424778863306
"spectra89",763,0.0289008522899813
"spectra90",764,0.0287763658506224
"spectra91",765,0.0285839578344742
"spectra92",766,0.0283835852022402
"spectra93",767,0.0282145020954357
"spectra94",768,0.0280910489794648
"spectra95",769,0.0280060806511821
"spectra96",770,0.0279110562173372
"spectra97",771,0.0277554876809791
"spectra98",772,0.0275556644110328
"spectra99",773,0.0273750804458731
"spectra100",774,0.0272338835677245
"spectra101",775,0.027097539601825
"spectra102",776,0.0269498025756947
"spectra103",777,0.0268183510703174
"spectra104",778,0.0267233628556615
"spectra105",779,0.026657330217752
"spectra106",780,0.0266123244969923
"spectra107",781,0.0265800410535048
"spectra108",782,0.0265315745675171
"spectra109",783,0.0264431604210745
"spectra110",784,0.0263369443443983
"spectra111",785,0.0262552505310102
"spectra112",786,0.02622141869944
"spectra113",787,0.0262392737676349
"spectra114",788,0.0262979367869737
"spectra115",789,0.0263550360319436
"spectra116",790,0.0263597199917012
"spectra117",791,0.0263122551337897
"spectra118",792,0.0262650394316532
"spectra119",793,0.0262545914107884
"spectra120",794,0.0262796902323169
"spectra121",795,0.0263431711014312
"spectra122",796,0.0264603635815015
"spectra123",797,0.0266108379402614
"spectra124",798,0.0267464464122771
"spectra125",799,0.0268463285939444
"spectra126",800,0.0269168978904792
"spectra127",801,0.0269619081107424
"spectra128",802,0.0269965952530071
"spectra129",803,0.0270597640738436
"spectra130",804,0.0271637357569473
"spectra131",805,0.0272677870924927
"spectra132",806,0.0273451292491184
"spectra133",807,0.0274288147760265
"spectra134",808,0.0275500914309415
"spectra135",809,0.0276883320099564
"spectra136",810,0.0278266944647303
"spectra137",811,0.0279977710682431
"spectra138",812,0.0282268278805475
"spectra139",813,0.0285003606305746
"spectra140",814,0.028816191829496
"spectra141",815,0.0292049458461219
"spectra142",816,0.0296772794046878
"spectra143",817,0.0302091006264261
"spectra144",818,0.0307949878307756
"spectra145",819,0.0314599593154947
"spectra146",820,0.0322159267351172
"spectra147",821,0.0330611897262547
"spectra148",822,0.0340178121053723
"spectra149",823,0.0351070882140635
"spectra150",824,0.0362960487554449
"spectra151",825,0.0375336630304916
"spectra152",826,0.038789062383323
"spectra153",827,0.040006964606928
"spectra154",828,0.0410930893652769
"spectra155",829,0.0420044085563161
"spectra156",830,0.0427859467268202
"spectra157",831,0.0434667832254719
"spectra158",832,0.0439892257311761
"spectra159",833,0.044294880304916
"spectra160",834,0.0444025627483924
"spectra161",835,0.0443659347044182
"spectra162",836,0.0442340726799419
"spectra163",837,0.0440808949159925
"spectra164",838,0.043972337729158
"spectra165",839,0.0438830941858536
"spectra166",840,0.0437354265110973
"spectra167",841,0.0435260456366653
"spectra168",842,0.0433362606471686
"spectra169",843,0.0432304552063887
"spectra170",844,0.0432290782061385
"spectra171",845,0.0433497711906244
"spectra172",846,0.0435659245488488
"spectra173",847,0.043738700676068
"spectra174",848,0.0437195729765609
"spectra175",849,0.0435216718730554
"spectra176",850,0.0433049243995022
"spectra177",851,0.0431879458307405
"spectra178",852,0.0431730152665422
"spectra179",853,0.0432387835615018
"spectra180",854,0.0433952597407177
"spectra181",855,0.0436441881207218
"spectra182",856,0.0439434497573118
"spectra183",857,0.0442215269031321
"spectra184",858,0.0444180250694877
"spectra185",859,0.0445405250362995
"spectra186",860,0.0446824406845053
"spectra187",861,0.0449431006969508
"spectra188",862,0.045337519076955
"spectra189",863,0.0458437498983613
"spectra190",864,0.0465074037038573
"spectra191",865,0.0474070258929683
"spectra192",866,0.0485787993507571
"spectra193",867,0.0501076634321858
"spectra194",868,0.0522844323127982
"spectra195",869,0.0555221303671438
"spectra196",870,0.0600361696059724
"spectra197",871,0.0656311583239994
"spectra198",872,0.0717280271956028
"spectra199",873,0.0774925168415593
"spectra200",874,0.0819914002924703
"spectra201",875,0.0844025301120099
"spectra202",876,0.0842004872874326
"spectra203",877,0.081224545673097
"spectra204",878,0.0759496608276294
"spectra205",879,0.0694287153018047
"spectra206",880,0.0629270932752542
"spectra207",881,0.0573635842065962
"spectra208",882,0.0530464350923045
"spectra209",883,0.0498184857000622
"spectra210",884,0.0473858365753993
"spectra211",885,0.045542125890894
"spectra212",886,0.044210816878241
"spectra213",887,0.0433762887367766
"spectra214",888,0.042984797479776
"spectra215",889,0.0429089915722879
"spectra216",890,0.0430061994608047
"spectra217",891,0.0431858368865381
"spectra218",892,0.0434040842563783
"spectra219",893,0.0436310118291166
"spectra220",894,0.0438647627712093
"spectra221",895,0.0441293652229828
"spectra222",896,0.0444187818788884
"spectra223",897,0.0446905837087741
"spectra224",898,0.0449429265795478
"spectra225",899,0.0452326422355869
"spectra226",900,0.0455820892843808
"spectra227",901,0.0459380715868077
"spectra228",902,0.0462659319888013
"spectra229",903,0.0466127764571666
"spectra230",904,0.0470367568409044
"spectra231",905,0.047533641725783
"spectra232",906,0.0480830944492844
"spectra233",907,0.048685118502696
"spectra234",908,0.0493283693445343
"spectra235",909,0.0499857671126322
"spectra236",910,0.0506594789236831
"spectra237",911,0.0513725050217797
"spectra238",912,0.0521191091908714
"spectra239",913,0.0528710072204937
"spectra240",914,0.0536175505517528
"spectra241",915,0.0543439544315353
"spectra242",916,0.0550044763845675
"spectra243",917,0.0555775870738283
"spectra244",918,0.0561094192409789
"spectra245",919,0.056636657479776
"spectra246",920,0.057123232451265
"spectra247",921,0.0575311386851929
"spectra248",922,0.0578852380439743
"spectra249",923,0.0582239782227292
"spectra250",924,0.0585446678100373
"spectra251",925,0.0588368061605476
"spectra252",926,0.0591054848444629
"spectra253",927,0.0593378046329324
"spectra254",928,0.0595152315598424
"spectra255",929,0.059679570881377
"spectra256",930,0.059909649396516
"spectra257",931,0.060218486372122
"spectra258",932,0.0605444014730291
"spectra259",933,0.060862941107654
"spectra260",934,0.0612094073055383
"spectra261",935,0.0616067535477179
"spectra262",936,0.0620482094835097
"spectra263",937,0.0625392516220701
"spectra264",938,0.0630909271286307
"spectra265",939,0.0636841989421282
"spectra266",940,0.0642939657602157
"spectra267",941,0.0649233650912863
"spectra268",942,0.0655698158079237
"spectra269",943,0.066199486316117
"spectra270",944,0.0667975521526338
"spectra271",945,0.0673943078012861
"spectra272",946,0.0680024215968478
"spectra273",947,0.068600156992949
"spectra274",948,0.0691966472184194
"spectra275",949,0.0698371846868519
"spectra276",950,0.0705279127457487
"spectra277",951,0.071236491949803
"spectra278",952,0.0719734679427624
"spectra279",953,0.0727892278950643
"spectra280",954,0.0736841349408836
"spectra281",955,0.0746063744919121
"spectra282",956,0.0755351833015346
"spectra283",957,0.0764852985936528
"spectra284",958,0.0774396000165975
"spectra285",959,0.078362930120307
"spectra286",960,0.0792534659883841
"spectra287",961,0.0800987712531121
"spectra288",962,0.0808292451151214
"spectra289",963,0.081382933675586
"spectra290",964,0.0817650809439834
"spectra291",965,0.0819814251732006
"spectra292",966,0.0819852591910392
"spectra293",967,0.0817426559875519
"spectra294",968,0.0812715026571251
"spectra295",969,0.080565746805642
"spectra296",970,0.0795730641556017
"spectra297",971,0.0782923808960797
"spectra298",972,0.0768114333596019
"spectra299",973,0.0751970608253837
"spectra300",974,0.0734535656336859
"spectra301",975,0.0716054508710079
"spectra302",976,0.0697208911364579
"spectra303",977,0.0678412286123211
"spectra304",978,0.0659688959560349
"spectra305",979,0.0641307790875156
"spectra306",980,0.0623797324579963
"spectra307",981,0.0607292498569059
"spectra308",982,0.0591519863604314
"spectra309",983,0.0576425148205767
"spectra310",984,0.05622522589382
"spectra311",985,0.0549115806160548
"spectra312",986,0.0536957890665837
"spectra313",987,0.0525902173174274
"spectra314",988,0.0516035462767061
"spectra315",989,0.0507147398942128
"spectra316",990,0.049904643692946
"spectra317",991,0.0491873129993777
"spectra318",992,0.0485731660443891
"spectra319",993,0.0480329767116182
"spectra320",994,0.0475328227878034
"spectra321",995,0.0470716133997096
"spectra322",996,0.0466547395103734
"spectra323",997,0.0462662430699025
"spectra324",998,0.0459015417772709
"spectra325",999,0.0455849953048528
"spectra326",1000,0.0453246242548776
"spectra327",1001,0.0450889213043478
"spectra328",1002,0.0448525383609959
"spectra329",1003,0.044626688340249
"spectra330",1004,0.0444324903112033
"spectra331",1005,0.0442732952380952
"spectra332",1006,0.0441453752282158
"spectra333",1007,0.0440447604149378
"spectra334",1008,0.0439590280497925
"spectra335",1009,0.0438754868879668
"spectra336",1010,0.0437956837681159
"spectra337",1011,0.0437213947510373
"spectra338",1012,0.0436449805394191
"spectra339",1013,0.0435722975311203
"spectra340",1014,0.0435249642323651
"spectra341",1015,0.0435022395850622
"spectra342",1016,0.0434729869294606
"spectra343",1017,0.0434216299585062
"spectra344",1018,0.0433607028008299
"spectra345",1019,0.0432948654149378
"spectra346",1020,0.0432204914937759
"spectra347",1021,0.0431634680705394
"spectra348",1022,0.0431609402484472
"spectra349",1023,0.0431985158506224
"spectra350",1024,0.0432218785477178
"spectra351",1025,0.0432106549792531
"spectra352",1026,0.0431826949275362
"spectra353",1027,0.0431367873029046
"spectra354",1028,0.0430666879460581
"spectra355",1029,0.0430074340456432
"spectra356",1030,0.0429963007660455
"spectra357",1031,0.0430069953941909
"spectra358",1032,0.0429929845228216
"spectra359",1033,0.0429661469709544
"spectra360",1034,0.042967911242236
"spectra361",1035,0.0429916882780083
"spectra362",1036,0.0430058400829876
"spectra363",1037,0.0430217060580913
"spectra364",1038,0.0430697576763485
"spectra365",1039,0.0431333754771784
"spectra366",1040,0.0431759626141079
"spectra367",1041,0.0432047186721992
"spectra368",1042,0.0432505144813278
"spectra369",1043,0.0433185027593361
"spectra370",1044,0.0433988635684647
"spectra371",1045,0.0434908851037344
"spectra372",1046,0.0435922073443983
"spectra373",1047,0.0436988597095436
"spectra374",1048,0.0438289239419087
"spectra375",1049,0.0440044912033195
"spectra376",1050,0.0442102377178423
"spectra377",1051,0.0444167495652174
"spectra378",1052,0.0446334250622407
"spectra379",1053,0.0448732429460581
"spectra380",1054,0.045090792780083
"spectra381",1055,0.0452341172670807
"spectra382",1056,0.0453348454771784
"spectra383",1057,0.0454731786307054
"spectra384",1058,0.0456719405809129
"spectra385",1059,0.0458902953416149
"spectra386",1060,0.0460993804771784
"spectra387",1061,0.0463045706224067
"spectra388",1062,0.0465143971576763
"spectra389",1063,0.0467360962732919
"spectra390",1064,0.0469789945228216
"spectra391",1065,0.0472253843568465
"spectra392",1066,0.047436401286307
"spectra393",1067,0.0476148158091286
"spectra394",1068,0.0478045923651452
"spectra395",1069,0.0480209056846473
"spectra396",1070,0.0482388796058091
"spectra397",1071,0.0484582671784232
"spectra398",1072,0.0487090599585062
"spectra399",1073,0.0489918547717842
"spectra400",1074,0.0492767122406639
"spectra401",1075,0.0495649252697096
"spectra402",1076,0.0498800856639004
"spectra403",1077,0.0502104450622407
"spectra404",1078,0.0505250140248963
"spectra405",1079,0.0508380945643153
"spectra406",1080,0.0511855783817427
"spectra407",1081,0.0515627694190872
"spectra408",1082,0.0519449419917013
"spectra409",1083,0.0523332602074689
"spectra410",1084,0.0527300169979296
"spectra411",1085,0.0531220519294606
"spectra412",1086,0.0535290030912863
"spectra413",1087,0.0539983554149377
"spectra414",1088,0.0545131757142857
"spectra415",1089,0.0549777397095435
"spectra416",1090,0.0553360524896265
"spectra417",1091,0.0556277233195021
"spectra418",1092,0.0558901209543569
"spectra419",1093,0.0560916602074689
"spectra420",1094,0.0562067452282158
"spectra421",1095,0.0562528213070539
"spectra422",1096,0.0562256376556017
"spectra423",1097,0.0560800301659751
"spectra424",1098,0.0557972650622406
"spectra425",1099,0.0554044645228216
"spectra426",1100,0.05492032593361
"spectra427",1101,0.0543374362240664
"spectra428",1102,0.0536469381120331
"spectra429",1103,0.0528351462863071
"spectra430",1104,0.0518753797925312
"spectra431",1105,0.0507791063485477
"spectra432",1106,0.0496127509958508
"spectra433",1107,0.0484386757676349
"spectra434",1108,0.0472650147717842
"spectra435",1109,0.0461061549792531
"spectra436",1110,0.0450104347302905
"spectra437",1111,0.0440163853319502
"spectra438",1112,0.0431223049170124
"spectra439",1113,0.0423359877639752
"spectra440",1114,0.0416821728215768
"spectra441",1115,0.0411415274688797
"spectra442",1116,0.0406379001659751
"spectra443",1117,0.040113530310559
"spectra444",1118,0.0395623034439834
"spectra445",1119,0.0389837803112033
"spectra446",1120,0.0383631805809129
"spectra447",1121,0.0377124174273859
"spectra448",1122,0.0370540029875518
"spectra449",1123,0.0363777128630705
"spectra450",1124,0.0356570178838175
"spectra451",1125,0.0349070051452282
"spectra452",1126,0.0341718567012448
"spectra453",1127,0.0334665162033196
"spectra454",1128,0.0327868744813278
"spectra455",1129,0.0321446626556016
"spectra456",1130,0.0315523037344399
"spectra457",1131,0.0309921308298755
"spectra458",1132,0.0304573227385892
"spectra459",1133,0.0299882405175983
"spectra460",1134,0.0296190439419087
"spectra461",1135,0.0293239579253112
"spectra462",1136,0.0290633440456431
"spectra463",1137,0.0288394491286307
"spectra464",1138,0.0286725741493776
"spectra465",1139,0.0285567263900415
"spectra466",1140,0.0284785112033195
"spectra467",1141,0.0284428217427386
"spectra468",1142,0.0284502739130435
"spectra469",1143,0.028482810746888
"spectra470",1144,0.0285307625103734
"spectra471",1145,0.0285993601244813
"spectra472",1146,0.0286772203319502
"spectra473",1147,0.0287442627385892
"spectra474",1148,0.0288165086307054
"spectra475",1149,0.0289264480912863
"spectra476",1150,0.0290712259543569
"spectra477",1151,0.0292298959128631
"spectra478",1152,0.0294191283609958
"spectra479",1153,0.0296769341078838
"spectra480",1154,0.0300006577018633
"spectra481",1155,0.0303610353526971
"spectra482",1156,0.0307672319502075
"spectra483",1157,0.0312630161410789
"spectra484",1158,0.0318664509958506
"spectra485",1159,0.0325564865560166
"spectra486",1160,0.033315039813278
"spectra487",1161,0.0341203911410789
"spectra488",1162,0.0349278882608695
"spectra489",1163,0.0356887300829876
"spectra490",1164,0.0363788853112034
"spectra491",1165,0.0369846458921161
"spectra492",1166,0.037489741286307
"spectra493",1167,0.0378892516804979
"spectra494",1168,0.0381959135062241
"spectra495",1169,0.0384220414937759
"spectra496",1170,0.0385847404149378
"spectra497",1171,0.0387241848654244
"spectra498",1172,0.0388828817842324
"spectra499",1173,0.0390718132780083
"spectra500",1174,0.0392855344813278
"spectra501",1175,0.0395390769502074
"spectra502",1176,0.0398549156846473
"spectra503",1177,0.0402309751452282
"spectra504",1178,0.040658289273859
"spectra505",1179,0.0411444788381742
"spectra506",1180,0.0416963780082988
"spectra507",1181,0.0423026557261411
"spectra508",1182,0.0429664436099585
"spectra509",1183,0.043718159047619
"spectra510",1184,0.0445756636307054
"spectra511",1185,0.0455125462240665
"spectra512",1186,0.0464881754771784
"spectra513",1187,0.0474756683643892
"spectra514",1188,0.048445818340249
"spectra515",1189,0.0493796027385891
"spectra516",1190,0.0502864971784232
"spectra517",1191,0.0511790853416149
"spectra518",1192,0.052025212219917
"spectra519",1193,0.0527750820124481
"spectra520",1194,0.0534182710788382
"spectra521",1195,0.0539701273029046
"spectra522",1196,0.0544140663485477
"spectra523",1197,0.0547149039004149
"spectra524",1198,0.0548661439004149
"spectra525",1199,0.0548872551037344
"spectra526",1200,0.0547927482987552
"spectra527",1201,0.0546053284854772
"spectra528",1202,0.0543668678215767
"spectra529",1203,0.0540939932365146
"spectra530",1204,0.0537678839419087
"spectra531",1205,0.0533879869294606
"spectra532",1206,0.0529972099170124
"spectra533",1207,0.0526283876763486
"spectra534",1208,0.0522745232157676
"spectra535",1209,0.0519299795643153
"spectra536",1210,0.0516210552697096
"spectra537",1211,0.0513732642323651
"spectra538",1212,0.0511947160869565
"spectra539",1213,0.0511011967219917
"spectra540",1214,0.0511235934439834
"spectra541",1215,0.0512744485062241
"spectra542",1216,0.0515648613043478
"spectra543",1217,0.0520391845643153
"spectra544",1218,0.0527617904356847
"spectra545",1219,0.0537802478838175
"spectra546",1220,0.0551383652173912
"spectra547",1221,0.0568938901244813
"spectra548",1222,0.059072569834025
"spectra549",1223,0.0616186043153525
"spectra550",1224,0.0644229455601658
"spectra551",1225,0.0673629599377594
"spectra552",1226,0.0703102391908716
"spectra553",1227,0.0731208550414936
"spectra554",1228,0.0757089734782608
"spectra555",1229,0.0780753305394192
"spectra556",1230,0.0802555333609956
"spectra557",1231,0.0822819617842323
"spectra558",1232,0.0842020255279504
"spectra559",1233,0.0860523031950207
"spectra560",1234,0.0878128600207468
"spectra561",1235,0.0894295064315353
"spectra562",1236,0.0908770681742739
"spectra563",1237,0.0921430870954356
"spectra564",1238,0.0931909472614108
"spectra565",1239,0.0939894773443984
"spectra566",1240,0.0945742264315353
"spectra567",1241,0.0950016073651452
"spectra568",1242,0.0952888516182573
"spectra569",1243,0.0954324590871369
"spectra570",1244,0.0954597789419087
"spectra571",1245,0.0953972546887967
"spectra572",1246,0.0952390030290456
"spectra573",1247,0.0949868937344398
"spectra574",1248,0.0946754730705394
"spectra575",1249,0.0943230585714286
"spectra576",1250,0.0939041496058091
"spectra577",1251,0.0933996592323652
"spectra578",1252,0.0928245959751037
"spectra579",1253,0.092188057219917
"spectra580",1254,0.0914738344398341
"spectra581",1255,0.0906748990041494
"spectra582",1256,0.0897936371369294
"spectra583",1257,0.0887883047204969
"spectra584",1258,0.0875862650414939
"spectra585",1259,0.0861522967219917
"spectra586",1260,0.0845012779045642
"spectra587",1261,0.0826376845134575
"spectra588",1262,0.0805316202489627
"spectra589",1263,0.0781628873029045
"spectra590",1264,0.0755496183402487
"spectra591",1265,0.0727429239004151
"spectra592",1266,0.0698275223858921
"spectra593",1267,0.0668943741286305
"spectra594",1268,0.064022017095436
"spectra595",1269,0.0612465547717843
"spectra596",1270,0.0586034282572613
"spectra597",1271,0.0561431565145227
"spectra598",1272,0.0539202537759337
"spectra599",1273,0.0519446936929461
"spectra600",1274,0.0501979076970953
"spectra601",1275,0.0486592415145229
"spectra602",1276,0.0473173544605809
"spectra603",1277,0.0461463418672199
"spectra604",1278,0.045116560952381
"spectra605",1279,0.0442102633609959
"spectra606",1280,0.0434199809543568
"spectra607",1281,0.0427336848547717
"spectra608",1282,0.0421421684057971
"spectra609",1283,0.041645662219917
"spectra610",1284,0.0412439085269709
"spectra611",1285,0.040938897780083
"spectra612",1286,0.0407458426708075
"spectra613",1287,0.0406858347302905
"spectra614",1288,0.0407617808713693
"spectra615",1289,0.0409642265560166
"spectra616",1290,0.0412924220082816
"spectra617",1291,0.0417432473236515
"spectra618",1292,0.0422857865352697
"spectra619",1293,0.0428804181950207
"spectra620",1294,0.043515193340249
"spectra621",1295,0.0441959695850623
"spectra622",1296,0.0449086789626556
"spectra623",1297,0.04562279
"spectra624",1298,0.0463185233195021
"spectra625",1299,0.046980940912863
"spectra626",1300,0.0475978816804979
"spectra627",1301,0.0481777114315353
"spectra628",1302,0.048756223153527
"spectra629",1303,0.049355040373444
"spectra630",1304,0.0499623882987552
"spectra631",1305,0.0505588782157677
"spectra632",1306,0.0511492117427386
"spectra633",1307,0.0517489340786749
"spectra634",1308,0.0523728261410789
"spectra635",1309,0.0530319060995851
"spectra636",1310,0.0537272656016597
"spectra637",1311,0.0544499251966874
"spectra638",1312,0.0552091721161826
"spectra639",1313,0.0560479507053941
"spectra640",1314,0.0569943201659751
"spectra641",1315,0.0580246435610767
"spectra642",1316,0.0591048108506224
"spectra643",1317,0.0602387490248962
"spectra644",1318,0.061444253526971
"spectra645",1319,0.062698254720497
"spectra646",1320,0.0639446840248962
"spectra647",1321,0.06513411
"spectra648",1322,0.0662303036099586
"spectra649",1323,0.0671955126086956
"spectra650",1324,0.0679957387966805
"spectra651",1325,0.0686209962655602
"spectra652",1326,0.0690652337966805
"spectra653",1327,0.06931101406639
"spectra654",1328,0.0693459131120332
"spectra655",1329,0.0691746000829875
"spectra656",1330,0.0687944209543569
"spectra657",1331,0.0681818607053942
"spectra658",1332,0.0673262386307053
"spectra659",1333,0.0662371079668051
"spectra660",1334,0.0649118855809129
"spectra661",1335,0.0633286100207039
"spectra662",1336,0.0615133322406638
"spectra663",1337,0.0595281731120334
"spectra664",1338,0.0574083843983403
"spectra665",1339,0.0551911187551866
"spectra666",1340,0.053045524347826
"spectra667",1341,0.0511845554771785
"spectra668",1342,0.0496433989626556
"spectra669",1343,0.0483358019709543
"spectra670",1344,0.047239911283644
"spectra671",1345,0.0464075057676349
"spectra672",1346,0.0458566536099585
"spectra673",1347,0.0455478180497926
"spectra674",1348,0.0454457333609958
"spectra675",1349,0.0455159332987552
"spectra676",1350,0.0456780581327801
"spectra677",1351,0.045858363692946
"spectra678",1352,0.046026045300207
"spectra679",1353,0.0461596632365145
"spectra680",1354,0.0462232401659751
"spectra681",1355,0.046201920746888
"spectra682",1356,0.0461115898340249
"spectra683",1357,0.0459547377385892
"spectra684",1358,0.0457143656846473
"spectra685",1359,0.0453961863900415
"spectra686",1360,0.0450292847717842
"spectra687",1361,0.0446347206224067
"spectra688",1362,0.0442459472614108
"spectra689",1363,0.043944740373444
"spectra690",1364,0.0437630476190476
"spectra691",1365,0.043628493526971
"spectra692",1366,0.0434822409751037
"spectra693",1367,0.0433559187344398
"spectra694",1368,0.0433189318879668
"spectra695",1369,0.043384868447205
"spectra696",1370,0.0435089945228216
"spectra697",1371,0.0436555688381743
"spectra698",1372,0.0438266501659751
"spectra699",1373,0.0440682357142857
"spectra700",1374,0.0444531082780083
"spectra701",1375,0.0449628410580913
"spectra702",1376,0.0454454819709544
"spectra703",1377,0.0458093288381743
"spectra704",1378,0.0461025401244813
"spectra705",1379,0.0464005390871369
"spectra706",1380,0.0467076893360996
"spectra707",1381,0.0469907951966874
"spectra708",1382,0.047252377593361
"spectra709",1383,0.0475056307053942
"spectra710",1384,0.0477331703319502
"spectra711",1385,0.0479353639419087
"spectra712",1386,0.0481799559751037
"spectra713",1387,0.0485490155186722
"spectra714",1388,0.0490111786307054
"spectra715",1389,0.0494706139958592
"spectra716",1390,0.0499237928838174
"spectra717",1391,0.0504084352697096
"spectra718",1392,0.0509360612240663
"spectra719",1393,0.0515617713664596
"spectra720",1394,0.0524275141908714
"spectra721",1395,0.0535621130290456
"spectra722",1396,0.0547278766390041
"spectra723",1397,0.0557886528630706
"spectra724",1398,0.0569018311387165
"spectra725",1399,0.0582090485269709
"spectra726",1400,0.0595878810788382
"spectra727",1401,0.060858857966805
"spectra728",1402,0.0620731377178422
"spectra729",1403,0.0634659404149377
"spectra730",1404,0.0653030828215768
"spectra731",1405,0.0677004169709546
"spectra732",1406,0.070474312012448
"spectra733",1407,0.0733971048547718
"spectra734",1408,0.0764734990041496
"spectra735",1409,0.079859362966805
"spectra736",1410,0.0835869618633539
"spectra737",1411,0.0874735846058093
"spectra738",1412,0.0912955209543572
"spectra739",1413,0.0949474636099583
"spectra740",1414,0.0983471741493776
"spectra741",1415,0.101390368672199
"spectra742",1416,0.104127684439834
"spectra743",1417,0.106864559543568
"spectra744",1418,0.110075888612837
"spectra745",1419,0.113972917842324
"spectra746",1420,0.117887119087137
"spectra747",1421,0.121070352697095
"spectra748",1422,0.123629544927536
"spectra749",1423,0.125955638589211
"spectra750",1424,0.127958518257261
"spectra751",1425,0.128954524896266
"spectra752",1426,0.128507188174274
"spectra753",1427,0.126867873858921
"spectra754",1428,0.124524746887967
"spectra755",1429,0.12202714439834
"spectra756",1430,0.119999382608696
"spectra757",1431,0.118761769709544
"spectra758",1432,0.118104712033195
"spectra759",1433,0.11753287219917
"spectra760",1434,0.116542832572614
"spectra761",1435,0.114498314937759
"spectra762",1436,0.110591453941909
"spectra763",1437,0.105172037344399
"spectra764",1438,0.100086396929461
"spectra765",1439,0.0960614115942026
"spectra766",1440,0.0925444677593364
"spectra767",1441,0.0891256235062242
"spectra768",1442,0.0859214419709542
"spectra769",1443,0.0832495136099587
"spectra770",1444,0.0811739559336101
"spectra771",1445,0.0795270687966805
"spectra772",1446,0.0781272236099584
"spectra773",1447,0.076887810207469
"spectra774",1448,0.0758093482987552
"spectra775",1449,0.0749047510580912
"spectra776",1450,0.0741237497925311
"spectra777",1451,0.0733894480952381
"spectra778",1452,0.0726562670539419
"spectra779",1453,0.071956802033195
"spectra780",1454,0.0713635290041494
"spectra781",1455,0.0708178552697096
"spectra782",1456,0.0700626143153526
"spectra783",1457,0.0690340316182574
"spectra784",1458,0.0681773663692946
"spectra785",1459,0.0677006942857143
"spectra786",1460,0.0674370637344398
"spectra787",1461,0.0672101592531121
"spectra788",1462,0.0668880912033195
"spectra789",1463,0.0663596302074689
"spectra790",1464,0.0655630441701246
"spectra791",1465,0.0646191193568465
"spectra792",1466,0.0637759825518672
"spectra793",1467,0.0630938163692946
"spectra794",1468,0.0624795580952381
"spectra795",1469,0.0618770249792531
"spectra796",1470,0.0612717218257261
"spectra797",1471,0.0605941902489627
"spectra798",1472,0.0597315021784232
"spectra799",1473,0.0586919577178423
"spectra800",1474,0.0576046398547718
"spectra801",1475,0.0565117691286308
"spectra802",1476,0.0554409876763485
"spectra803",1477,0.0544838585892115
"spectra804",1478,0.0536656760580913
"spectra805",1479,0.0528860273029046
"spectra806",1480,0.0520576192546583
"spectra807",1481,0.0511900677800831
"spectra808",1482,0.0503441312240664
"spectra809",1483,0.0495350711203319
"spectra810",1484,0.0487334902484472
"spectra811",1485,0.0479129955186723
"spectra812",1486,0.0470472846887967
"spectra813",1487,0.0461285604979253
"spectra814",1488,0.0452021258178054
"spectra815",1489,0.0443514701244814
"spectra816",1490,0.0436294478215767
"spectra817",1491,0.0430319127800829
"spectra818",1492,0.0425175724273859
"spectra819",1493,0.0420388573858921
"spectra820",1494,0.0415392146473029
"spectra821",1495,0.0409388758506225
"spectra822",1496,0.0402173753112034
"spectra823",1497,0.0394675285269709
"spectra824",1498,0.038758658692946
"spectra825",1499,0.0381144129253112
"spectra826",1500,0.0375501873029046
"spectra827",1501,0.0370291822406639
"spectra828",1502,0.0365141275518673
"spectra829",1503,0.0360420449792531
"spectra830",1504,0.0356098571784232
"spectra831",1505,0.0350088158091287
"spectra832",1506,0.0340566361618258
"spectra833",1507,0.0331957728215767
"spectra834",1508,0.0327861424688796
"spectra835",1509,0.0325075412836439
"spectra836",1510,0.0322116241493776
"spectra837",1511,0.0319411430705394
"spectra838",1512,0.031669668879668
"spectra839",1513,0.0313068836645963
"spectra840",1514,0.030818457033195
"spectra841",1515,0.0302663948547717
"spectra842",1516,0.0297617517634855
"spectra843",1517,0.0293816194409938
"spectra844",1518,0.0290918314937759
"spectra845",1519,0.0288316751037344
"spectra846",1520,0.0285558359751037
"spectra847",1521,0.0282814965560166
"spectra848",1522,0.028061542406639
"spectra849",1523,0.0277989522821577
"spectra850",1524,0.0274654166804979
"spectra851",1525,0.0271360566182572
"spectra852",1526,0.0268740086721992
"spectra853",1527,0.0266954747302905
"spectra854",1528,0.0265592112448133
"spectra855",1529,0.026414845186722
"spectra856",1530,0.0262286912033195
"spectra857",1531,0.0259904787344398
"spectra858",1532,0.0257552732365145
"spectra859",1533,0.0256802883817427
"spectra860",1534,0.0258012193775934
"spectra861",1535,0.0258498599585062
"spectra862",1536,0.0257349086721992
"spectra863",1537,0.0255883081742739
"spectra864",1538,0.0254346853112033
"spectra865",1539,0.0252754130912863
"spectra866",1540,0.0252737530082988
"spectra867",1541,0.0253185442946058
"spectra868",1542,0.0251806680952381
"spectra869",1543,0.0249278680082987
"spectra870",1544,0.0247145940248963
"spectra871",1545,0.0245941415352697
"spectra872",1546,0.0244570876604555
"spectra873",1547,0.0241897110995851
"spectra874",1548,0.0238256257676349
"spectra875",1549,0.0235096273236514
"spectra876",1550,0.0233476493360996
"spectra877",1551,0.0232653104979253
"spectra878",1552,0.0231622653526971
"spectra879",1553,0.0230513987136929
"spectra880",1554,0.0229555682572614
"spectra881",1555,0.0228305578423236
"spectra882",1556,0.0226308473443983
"spectra883",1557,0.0223692504356847
"spectra884",1558,0.0222826930290456
"spectra885",1559,0.0230033917842324
"spectra886",1560,0.0237757302074689
"spectra887",1561,0.0237860181742739
"spectra888",1562,0.02341311406639
"spectra889",1563,0.023074206846473
"spectra890",1564,0.0229374766804979
"spectra891",1565,0.0229793092738589
"spectra892",1566,0.0230255879253112
"spectra893",1567,0.022963828713693
"spectra894",1568,0.0228863000414938
"spectra895",1569,0.0230182926556017
"spectra896",1570,0.0233830417842324
"spectra897",1571,0.0236547455900621
"spectra898",1572,0.0237018926763485
"spectra899",1573,0.0236784078838174
"spectra900",1574,0.0237108640041494
"spectra901",1575,0.023828390931677
"spectra902",1576,0.0240745905809129
"spectra903",1577,0.0242954594190872
"spectra904",1578,0.0242267338174274
"spectra905",1579,0.0239896378467909
"spectra906",1580,0.0237814393983402
"spectra907",1581,0.0236351768672199
"spectra908",1582,0.0234955524273859
"spectra909",1583,0.0233466588589212
"spectra910",1584,0.0232155378838174
"spectra911",1585,0.023100019626556
"spectra912",1586,0.0229716328215768
"spectra913",1587,0.0228371955186722
"spectra914",1588,0.0227307881950208
"spectra915",1589,0.0226545977385892
"spectra916",1590,0.0225866198755187
"spectra917",1591,0.0225287101242236
"spectra918",1592,0.0224918173029046
"spectra919",1593,0.0224562035684647
"spectra920",1594,0.0224098939834025
"spectra921",1595,0.0223795913278008
"spectra922",1596,0.0223772863070539
"spectra923",1597,0.0223653774688797
"spectra924",1598,0.0223188918257261
"spectra925",1599,0.0222630677178423
"spectra926",1600,0.0222198162939959
"spectra927",1601,0.0221777981742739
"spectra928",1602,0.0221398382157676
"spectra929",1603,0.0221316806639004
"spectra930",1604,0.0221363486956522
"spectra931",1605,0.0220968467012448
"spectra932",1606,0.0220110432157676
"spectra933",1607,0.0219349966182573
"spectra934",1608,0.0218941210559006
"spectra935",1609,0.0218674397095436
"spectra936",1610,0.0218508036514523
"spectra937",1611,0.0218475894605809
"spectra938",1612,0.0218106869294606
"spectra939",1613,0.0217073515145228
"spectra940",1614,0.0215980977178423
"spectra941",1615,0.0215830293983403
"spectra942",1616,0.0217232657676348
"spectra943",1617,0.0219332110373444
"spectra944",1618,0.0219503184232365
"spectra945",1619,0.0217365670539419
"spectra946",1620,0.0214593749068323
"spectra947",1621,0.0212257317219917
"spectra948",1622,0.021104561846473
"spectra949",1623,0.0211599631742739
"spectra950",1624,0.0212828897095436
"spectra951",1625,0.0212925350622407
"spectra952",1626,0.021211957966805
"spectra953",1627,0.021181407219917
"spectra954",1628,0.0212644172614108
"spectra955",1629,0.0213724253623188
"spectra956",1630,0.0213885206846473
"spectra957",1631,0.0212936190456432
"spectra958",1632,0.021140936473029
"spectra959",1633,0.0209860513692946
"spectra960",1634,0.0208634177178423
"spectra961",1635,0.0208868467219917
"spectra962",1636,0.02113819593361
"spectra963",1637,0.021324941242236
"spectra964",1638,0.0213059691286307
"spectra965",1639,0.0212400392946058
"spectra966",1640,0.0212119388174274
"spectra967",1641,0.0211891711203319
"spectra968",1642,0.0211451666804979
"spectra969",1643,0.0210866770124481
"spectra970",1644,0.0209911699170124
"spectra971",1645,0.0208243501242236
"spectra972",1646,0.0207164477178423
"spectra973",1647,0.0208490635684647
"spectra974",1648,0.0209991614937759
"spectra975",1649,0.0209952666666667
"spectra976",1650,0.0209923545228216
"spectra977",1651,0.0210480530705394
"spectra978",1652,0.0210456514107884
"spectra979",1653,0.0213202287551867
"spectra980",1654,0.0217566906846473
"spectra981",1655,0.021657846659751
"spectra982",1656,0.021350300560166
"spectra983",1657,0.0211700898962656
"spectra984",1658,0.02110458
"spectra985",1659,0.0210262729460581
"spectra986",1660,0.0209029173443984
"spectra987",1661,0.0208027873029046
"spectra988",1662,0.0208265927178423
"spectra989",1663,0.020987178153527
"spectra990",1664,0.0211186049585062
"spectra991",1665,0.0210788431120332
"spectra992",1666,0.0209022651037344
"spectra993",1667,0.0206904014107884
"spectra994",1668,0.0205463321991701
"spectra995",1669,0.0205736290041494
"spectra996",1670,0.020740736307054
"spectra997",1671,0.0208618247717842
"spectra998",1672,0.0208618870746888
"spectra999",1673,0.0208200678630705
"spectra1000",1674,0.0208326995652174
"spectra1001",1675,0.0209593892946058
"spectra1002",1676,0.021080796473029
"spectra1003",1677,0.0209951175518672
"spectra1004",1678,0.0207665936645963
"spectra1005",1679,0.020567472219917
"spectra1006",1680,0.0204488537966805
"spectra1007",1681,0.0203370201244813
"spectra1008",1682,0.0201920431327801
"spectra1009",1683,0.0201711308713693
"spectra1010",1684,0.0206680834024896
"spectra1011",1685,0.0212849708713693
"spectra1012",1686,0.0212607642323651
"spectra1013",1687,0.0208986934854772
"spectra1014",1688,0.0206400171161826
"spectra1015",1689,0.0206168123858921
"spectra1016",1690,0.0207180564522822
"spectra1017",1691,0.0207769474273859
"spectra1018",1692,0.0207351634854772
"spectra1019",1693,0.0206544023236514
"spectra1020",1694,0.0206052113278008
"spectra1021",1695,0.0206478240248963
"spectra1022",1696,0.0207938998547718
"spectra1023",1697,0.0208023531120332
"spectra1024",1698,0.0206466907676349
"spectra1025",1699,0.0206351069565217
"spectra1026",1700,0.0209880043568465
"spectra1027",1701,0.0213409051452282
"spectra1028",1702,0.0211876844813278
"spectra1029",1703,0.0208036728364389
"spectra1030",1704,0.0205648703526971
"spectra1031",1705,0.0205743059751037
"spectra1032",1706,0.0207396349170124
"spectra1033",1707,0.0208883741614907
"spectra1034",1708,0.0209502770954357
"spectra1035",1709,0.0209505064315353
"spectra1036",1710,0.0209253760165975
"spectra1037",1711,0.0208784809543568
"spectra1038",1712,0.0207765524273859
"spectra1039",1713,0.0206237925103734
"spectra1040",1714,0.0205268344605809
"spectra1041",1715,0.0205827927385892
"spectra1042",1716,0.0207697356016597
"spectra1043",1717,0.021068486307054
"spectra1044",1718,0.0214384090041494
"spectra1045",1719,0.0216351272256729
"spectra1046",1720,0.0215615878423237
"spectra1047",1721,0.0213857541701245
"spectra1048",1722,0.0212803610580913
"spectra1049",1723,0.0212981996680498
"spectra1050",1724,0.0213751712033195
"spectra1051",1725,0.0214231719502075
"spectra1052",1726,0.0214142393360996
"spectra1053",1727,0.0213528776348548
"spectra1054",1728,0.0212541073858921
"spectra1055",1729,0.0211713536307054
"spectra1056",1730,0.0211597413692946
"spectra1057",1731,0.0211989985684647
"spectra1058",1732,0.0212458853112033
"spectra1059",1733,0.0213789962655602
"spectra1060",1734,0.0217669396680498
"spectra1061",1735,0.022076336307054
"spectra1062",1736,0.0219181181987578
"spectra1063",1737,0.0215588360373444
"spectra1064",1738,0.021328149439834
"spectra1065",1739,0.0213083247302905
"spectra1066",1740,0.0213625786956522
"spectra1067",1741,0.0213217373858921
"spectra1068",1742,0.0211914975518672
"spectra1069",1743,0.0210615598340249
"spectra1070",1744,0.0209598814285714
"spectra1071",1745,0.0208512824688797
"spectra1072",1746,0.0207021021991701
"spectra1073",1747,0.0205332788381743
"spectra1074",1748,0.0204327617391304
"spectra1075",1749,0.0204930007883818
"spectra1076",1750,0.0207177841908714
"spectra1077",1751,0.0209937698755187
"spectra1078",1752,0.0211485280082988
"spectra1079",1753,0.0210996598340249
"spectra1080",1754,0.0209306432780083
"spectra1081",1755,0.0207700692946058
"spectra1082",1756,0.02070812906639
"spectra1083",1757,0.0207422351452282
"spectra1084",1758,0.0207520211618257
"spectra1085",1759,0.0206825236099585
"spectra1086",1760,0.0206142061410788
"spectra1087",1761,0.0206494056846473
"spectra1088",1762,0.0207738111410788
"spectra1089",1763,0.0208430228423237
"spectra1090",1764,0.0207848214937759
"spectra1091",1765,0.0206709072049689
"spectra1092",1766,0.0205892189626556
"spectra1093",1767,0.0205705457676349
"spectra1094",1768,0.0205667514522822
"spectra1095",1769,0.0204833059006211
"spectra1096",1770,0.0203252520539419
"spectra1097",1771,0.020253749813278
"spectra1098",1772,0.0204316171576764
"spectra1099",1773,0.0206942247619048
"spectra1100",1774,0.0207538762655602
"spectra1101",1775,0.0206697515352697
"spectra1102",1776,0.0206286995020747
"spectra1103",1777,0.0206426855486542
"spectra1104",1778,0.0206234347095436
"spectra1105",1779,0.020583139626556
"spectra1106",1780,0.0206222769917013
"spectra1107",1781,0.0207284063354037
"spectra1108",1782,0.0207920479253112
"spectra1109",1783,0.0208070337344398
"spectra1110",1784,0.0208530865975104
"spectra1111",1785,0.020949195186722
"spectra1112",1786,0.0210298672614108
"spectra1113",1787,0.0210468317427386
"spectra1114",1788,0.0210036343360996
"spectra1115",1789,0.0209230990041494
"spectra1116",1790,0.0208777082157676
"spectra1117",1791,0.0210062495020747
"spectra1118",1792,0.0213407305809129
"spectra1119",1793,0.0216256469709544
"spectra1120",1794,0.0216581492116183
"spectra1121",1795,0.0215568556846473
"spectra1122",1796,0.0214598799792531
"spectra1123",1797,0.0213699969294606
"spectra1124",1798,0.0212567568530021
"spectra1125",1799,0.0211562330290456
"spectra1126",1800,0.0211063250622407
"spectra1127",1801,0.021072820746888
"spectra1128",1802,0.0210141239130435
"spectra1129",1803,0.0209477368257261
"spectra1130",1804,0.0208874476348548
"spectra1131",1805,0.020808247593361
"spectra1132",1806,0.0207021345548654
"spectra1133",1807,0.0205995960580913
"spectra1134",1808,0.0205175764730291
"spectra1135",1809,0.0204486798340249
"spectra1136",1810,0.0204126036853002
"spectra1137",1811,0.0204386060373444
"spectra1138",1812,0.0204894687759336
"spectra1139",1813,0.020486125
"spectra1140",1814,0.0204106592738589
"spectra1141",1815,0.0203190335684647
"spectra1142",1816,0.0202786060580913
"spectra1143",1817,0.0203172651037344
"spectra1144",1818,0.0204058547302905
"spectra1145",1819,0.0204785432987552
"spectra1146",1820,0.0204772680705394
"spectra1147",1821,0.020396410746888
"spectra1148",1822,0.020278933340249
"spectra1149",1823,0.020172529626556
"spectra1150",1824,0.0201202785477178
"spectra1151",1825,0.0201408126970954
"spectra1152",1826,0.0201677212033195
"spectra1153",1827,0.0201088174327122
"spectra1154",1828,0.0199897620124481
"spectra1155",1829,0.0199668495228216
"spectra1156",1830,0.0201431052074689
"spectra1157",1831,0.0203492853830228
"spectra1158",1832,0.020394326473029
"spectra1159",1833,0.0203187475103734
"spectra1160",1834,0.0202430917427386
"spectra1161",1835,0.0202085249377593
"spectra1162",1836,0.0202016061410788
"spectra1163",1837,0.0202325851452282
"spectra1164",1838,0.0202960907053942
"spectra1165",1839,0.0203218885714286
"spectra1166",1840,0.0202611993360996
"spectra1167",1841,0.0201638294605809
"spectra1168",1842,0.0201119922406639
"spectra1169",1843,0.0201418055186722
"spectra1170",1844,0.0202443674896266
"spectra1171",1845,0.0203495526141079
"spectra1172",1846,0.0203631359958506
"spectra1173",1847,0.0202968417391304
"spectra1174",1848,0.0202537225311203
"spectra1175",1849,0.0202949466804979
"spectra1176",1850,0.0203668963070539
"spectra1177",1851,0.020381688879668
"spectra1178",1852,0.0203351603526971
"spectra1179",1853,0.0202864490041494
"spectra1180",1854,0.0202620630290456
"spectra1181",1855,0.0202484990871369
"spectra1182",1856,0.0202476088819876
"spectra1183",1857,0.0202617863485477
"spectra1184",1858,0.0202565238174274
"spectra1185",1859,0.020213113526971
"spectra1186",1860,0.0201786004347826
"spectra1187",1861,0.0201943197302905
"spectra1188",1862,0.0202224354564315
"spectra1189",1863,0.0202126893568465
"spectra1190",1864,0.020161943153527
"spectra1191",1865,0.0200669513692946
"spectra1192",1866,0.0199130481327801
"spectra1193",1867,0.0197622998340249
"spectra1194",1868,0.0197728705797101
"spectra1195",1869,0.0199940315975104
"spectra1196",1870,0.0202408937344398
"spectra1197",1871,0.020368595
"spectra1198",1872,0.020414547593361
"spectra1199",1873,0.0204278133609959
"spectra1200",1874,0.0203945549792531
"spectra1201",1875,0.0203206741493776
"spectra1202",1876,0.0202618804347826
"spectra1203",1877,0.0202384506639004
"spectra1204",1878,0.0202237178630705
"spectra1205",1879,0.0202137316804979
"spectra1206",1880,0.0202168856639004
"spectra1207",1881,0.0201965729460581
"spectra1208",1882,0.0201243143568465
"spectra1209",1883,0.0200712184647303
"spectra1210",1884,0.0201346063900415
"spectra1211",1885,0.0202848343478261
"spectra1212",1886,0.020384093713693
"spectra1213",1887,0.0203622122406639
"spectra1214",1888,0.0202726628008299
"spectra1215",1889,0.0202145829875519
"spectra1216",1890,0.0202369793775934
"spectra1217",1891,0.0203042028215768
"spectra1218",1892,0.0203365337759336
"spectra1219",1893,0.0202893206431535
"spectra1220",1894,0.02020648
"spectra1221",1895,0.0201782236721992
"spectra1222",1896,0.0202242796680498
"spectra1223",1897,0.0202779866252588
"spectra1224",1898,0.0202996156846473
"spectra1225",1899,0.0203044864315353
"spectra1226",1900,0.020294494813278
"spectra1227",1901,0.0202482572463768
"spectra1228",1902,0.0201896449585062
"spectra1229",1903,0.0201802158506224
"spectra1230",1904,0.0202431876763486
"spectra1231",1905,0.020344819068323
"spectra1232",1906,0.0204303364315353
"spectra1233",1907,0.0204404843153527
"spectra1234",1908,0.0203462550207469
"spectra1235",1909,0.0202139529875519
"spectra1236",1910,0.0201586568672199
"spectra1237",1911,0.0201918087759336
"spectra1238",1912,0.0202089637136929
"spectra1239",1913,0.0201471215352697
"spectra1240",1914,0.0200402736438923
"spectra1241",1915,0.019927839253112
"spectra1242",1916,0.0198278376348548
"spectra1243",1917,0.0198107326141079
"spectra1244",1918,0.0199453813900415
"spectra1245",1919,0.0201251162033195
"spectra1246",1920,0.0201738631742739
"spectra1247",1921,0.0200919466182573
"spectra1248",1922,0.0199932998755187
"spectra1249",1923,0.0199165658506224
"spectra1250",1924,0.0198214241078838
"spectra1251",1925,0.0197438508713693
"spectra1252",1926,0.0197699937267081
"spectra1253",1927,0.019881321659751
"spectra1254",1928,0.0199741113485477
"spectra1255",1929,0.0200225532780083
"spectra1256",1930,0.020082969378882
"spectra1257",1931,0.0201541992946058
"spectra1258",1932,0.0201871529045643
"spectra1259",1933,0.0201898682987552
"spectra1260",1934,0.0202034228571429
"spectra1261",1935,0.0202141648755187
"spectra1262",1936,0.0201863257053942
"spectra1263",1937,0.0201142721161826
"spectra1264",1938,0.0199842545643153
"spectra1265",1939,0.0197813103319502
"spectra1266",1940,0.0195742898755187
"spectra1267",1941,0.0194868572614108
"spectra1268",1942,0.0195245765975104
"spectra1269",1943,0.019536916120332
"spectra1270",1944,0.0194859618672199
"spectra1271",1945,0.0194965089211618
"spectra1272",1946,0.0196026588589212
"spectra1273",1947,0.0196985789626556
"spectra1274",1948,0.0197358728630705
"spectra1275",1949,0.019779615186722
"spectra1276",1950,0.0198270523236515
"spectra1277",1951,0.0197687997510373
"spectra1278",1952,0.0195780932157676
"spectra1279",1953,0.0193824204771784
"spectra1280",1954,0.0193041792946058
"spectra1281",1955,0.0193481933609959
"spectra1282",1956,0.0194474697095436
"spectra1283",1957,0.0195226285892116
"spectra1284",1958,0.0195048376763485
"spectra1285",1959,0.0194027095031056
"spectra1286",1960,0.0192965989834025
"spectra1287",1961,0.0192173645020747
"spectra1288",1962,0.0191284956016597
"spectra1289",1963,0.0190473619875776
"spectra1290",1964,0.0190402661410788
"spectra1291",1965,0.0190787699170124
"spectra1292",1966,0.019072053526971
"spectra1293",1967,0.0190675328215768
"spectra1294",1968,0.0191921372821577
"spectra1295",1969,0.0193672065560166
"spectra1296",1970,0.0193980173236515
"spectra1297",1971,0.0193108573443983
"spectra1298",1972,0.0192719756846473
"spectra1299",1973,0.0192943395850622
"spectra1300",1974,0.0192841666390042
"spectra1301",1975,0.019303034439834
"spectra1302",1976,0.019478547406639
"spectra1303",1977,0.0197363456639004
"spectra1304",1978,0.0199217865767635
"spectra1305",1979,0.020092328526971
"spectra1306",1980,0.0203541050207469
"spectra1307",1981,0.0206025243153527
"spectra1308",1982,0.0206829142323651
"spectra1309",1983,0.0206308384232365
"spectra1310",1984,0.0205414855809129
"spectra1311",1985,0.0204172828423237
"spectra1312",1986,0.0202592088174274
"spectra1313",1987,0.0201318125103735
"spectra1314",1988,0.0200607110766046
"spectra1315",1989,0.0200144994190871
"spectra1316",1990,0.0200413383817427
"spectra1317",1991,0.0202205698340249
"spectra1318",1992,0.0204190494824017
"spectra1319",1993,0.0203449086721992
"spectra1320",1994,0.0199752623443984
"spectra1321",1995,0.0196122670539419
"spectra1322",1996,0.0195218814107884
"spectra1323",1997,0.0196727455186722
"spectra1324",1998,0.0198727004149378
"spectra1325",1999,0.019956908879668
"spectra1326",2000,0.0198497674273859
"spectra1327",2001,0.0196057166597511
"spectra1328",2002,0.0193822158091286
"spectra1329",2003,0.019278167593361
"spectra1330",2004,0.0192406126556017
"spectra1331",2005,0.0192168579253112
"spectra1332",2006,0.0193069407883817
"spectra1333",2007,0.0196103692116183
"spectra1334",2008,0.0199895984232365
"spectra1335",2009,0.0201831510995851
"spectra1336",2010,0.020086568879668
"spectra1337",2011,0.019742102406639
"spectra1338",2012,0.0192453042738589
"spectra1339",2013,0.0187595471784232
"spectra1340",2014,0.0184790984232365
"spectra1341",2015,0.018497503692946
"spectra1342",2016,0.0187430388796681
"spectra1343",2017,0.0190709916770187
"spectra1344",2018,0.0193463513900415
"spectra1345",2019,0.0194569639834025
"spectra1346",2020,0.01940749593361
"spectra1347",2021,0.0193594759627329
"spectra1348",2022,0.0194445058091286
"spectra1349",2023,0.0195809850622407
"spectra1350",2024,0.0196273761410788
"spectra1351",2025,0.0196233532572614
"spectra1352",2026,0.0196819866390042
"spectra1353",2027,0.0197702790456432
"spectra1354",2028,0.0197772816804979
"spectra1355",2029,0.0197022977385892
"spectra1356",2030,0.0196381895020747
"spectra1357",2031,0.019666608340249
"spectra1358",2032,0.0198513799170124
"spectra1359",2033,0.0202180007053942
"spectra1360",2034,0.0206412973858921
"spectra1361",2035,0.0208941654771784
"spectra1362",2036,0.0208756862033195
"spectra1363",2037,0.0206759561490683
"spectra1364",2038,0.0204189527385892
"spectra1365",2039,0.0202172861410788
"spectra1366",2040,0.020177550746888
"spectra1367",2041,0.0202954797925311
"spectra1368",2042,0.0203945790456432
"spectra1369",2043,0.0203247045643154
"spectra1370",2044,0.0201667846680498
"spectra1371",2045,0.0201161864937759
"spectra1372",2046,0.0202581451037344
"spectra1373",2047,0.0205607291701245
"spectra1374",2048,0.020966416473029
"spectra1375",2049,0.0213382423602484
"spectra1376",2050,0.0214491398343685
"spectra1377",2051,0.0212279010788382
"spectra1378",2052,0.0208599885892117
"spectra1379",2053,0.0205916021369295
"spectra1380",2054,0.0205191851552795
"spectra1381",2055,0.0205638946887967
"spectra1382",2056,0.0206048517842324
"spectra1383",2057,0.0205863000829876
"spectra1384",2058,0.020530437219917
"spectra1385",2059,0.0204857424481328
"spectra1386",2060,0.0204461223443983
"spectra1387",2061,0.0203364316390041
"spectra1388",2062,0.0201246447925311
"spectra1389",2063,0.0199161054356847
"spectra1390",2064,0.0198578095020747
"spectra1391",2065,0.0199733122821577
"spectra1392",2066,0.0201489702691511
"spectra1393",2067,0.0202677998755187
"spectra1394",2068,0.0202943358506224
"spectra1395",2069,0.0202669169087137
"spectra1396",2070,0.020268432033195
"spectra1397",2071,0.020363346846473
"spectra1398",2072,0.0205215013278008
"spectra1399",2073,0.0206388565975104
"spectra1400",2074,0.020660263526971
"spectra1401",2075,0.0206289466804979
"spectra1402",2076,0.0205895043360996
"spectra1403",2077,0.0205268250622406
"spectra1404",2078,0.0204347343478261
"spectra1405",2079,0.0203614965838509
"spectra1406",2080,0.0203574519917013
"spectra1407",2081,0.0204279507883818
"spectra1408",2082,0.0205456306639004
"spectra1409",2083,0.0206686073913043
"spectra1410",2084,0.0207471164522822
"spectra1411",2085,0.0207581999377593
"spectra1412",2086,0.0207263753112033
"spectra1413",2087,0.0206809670124481
"spectra1414",2088,0.0206178687136929
"spectra1415",2089,0.0205287659751038
"spectra1416",2090,0.0204275165560166
"spectra1417",2091,0.0203173463354037
"spectra1418",2092,0.0201888682572614
"spectra1419",2093,0.0200791948340249
"spectra1420",2094,0.0200652158921162
"spectra1421",2095,0.0201631689855072
"spectra1422",2096,0.0202961567634855
"spectra1423",2097,0.0203950121991701
"spectra1424",2098,0.0204645699170124
"spectra1425",2099,0.0205203070954357
"spectra1426",2100,0.0205401176970954
"spectra1427",2101,0.0205220108298755
"spectra1428",2102,0.0205143477178423
"spectra1429",2103,0.0205541782608696
"spectra1430",2104,0.0206255510373444
"spectra1431",2105,0.0207002235684647
"spectra1432",2106,0.0207531142738589
"spectra1433",2107,0.0207450244720497
"spectra1434",2108,0.0206610613043478
"spectra1435",2109,0.0205542980912863
"spectra1436",2110,0.0204883633609958
"spectra1437",2111,0.0204591793360996
"spectra1438",2112,0.0204296262318841
"spectra1439",2113,0.0204079081327801
"spectra1440",2114,0.0204240808713693
"spectra1441",2115,0.0204619421991701
"spectra1442",2116,0.0204813340248963
"spectra1443",2117,0.0204820436099585
"spectra1444",2118,0.0204753100622407
"spectra1445",2119,0.0204315938589212
"spectra1446",2120,0.0203327289855073
"spectra1447",2121,0.0202356507053942
"spectra1448",2122,0.0202107397510373
"spectra1449",2123,0.0202351912033195
"spectra1450",2124,0.0202115028571429
"spectra1451",2125,0.020085028506224
"spectra1452",2126,0.0199038828838174
"spectra1453",2127,0.019759518340249
"spectra1454",2128,0.0196926910165975
"spectra1455",2129,0.0196554378838174
"spectra1456",2130,0.0195712434024897
"spectra1457",2131,0.019434957219917
"spectra1458",2132,0.0193377773291925
"spectra1459",2133,0.0193534454771784
"spectra1460",2134,0.019445311286307
"spectra1461",2135,0.0195258499585062
"spectra1462",2136,0.0195715389855072
"spectra1463",2137,0.0196073252173913
"spectra1464",2138,0.0196204834439834
"spectra1465",2139,0.0195808391286307
"spectra1466",2140,0.0195121213692946
"spectra1467",2141,0.0194679093167702
"spectra1468",2142,0.0194635172614108
"spectra1469",2143,0.0194893365767635
"spectra1470",2144,0.0195499715352697
"spectra1471",2145,0.0196273862655602
"spectra1472",2146,0.0196526641493776
"spectra1473",2147,0.0195862473443983
"spectra1474",2148,0.0194833186307054
"spectra1475",2149,0.019422690952381
"spectra1476",2150,0.019422795
"spectra1477",2151,0.019451183340249
"spectra1478",2152,0.0194565424481328
"spectra1479",2153,0.0193623442236025
"spectra1480",2154,0.0190912468879668
"spectra1481",2155,0.018659053319502
"spectra1482",2156,0.0182429690041493
"spectra1483",2157,0.0181633598136647
"spectra1484",2158,0.0186949726970955
"spectra1485",2159,0.0197159227593362
"spectra1486",2160,0.0207077915975105
"spectra1487",2161,0.0212146746583851
"spectra1488",2162,0.0212784725311203
"spectra1489",2163,0.0212556768879668
"spectra1490",2164,0.0213480239834025
"spectra1491",2165,0.0214732543478261
"spectra1492",2166,0.0214901559627329
"spectra1493",2167,0.0213578493775933
"spectra1494",2168,0.0210934379875519
"spectra1495",2169,0.0207576656846473
"spectra1496",2170,0.0204760507246376
"spectra1497",2171,0.0203324501244813
"spectra1498",2172,0.0202824302904564
"spectra1499",2173,0.0202866919917012
"spectra1500",2174,0.0204176274481328
"spectra1501",2175,0.0206884598340248
"spectra1502",2176,0.0208837955186722
"spectra1503",2177,0.0207715266597511
"spectra1504",2178,0.0204325780124224
"spectra1505",2179,0.0201615713692946
"spectra1506",2180,0.0201194199170124
"spectra1507",2181,0.020232462780083
"spectra1508",2182,0.0203791850931677
"spectra1509",2183,0.0205017259336099
"spectra1510",2184,0.0205550264522822
"spectra1511",2185,0.0205221162655602
"spectra1512",2186,0.0204562511801242
"spectra1513",2187,0.020412405560166
"spectra1514",2188,0.0203947153941909
"spectra1515",2189,0.0204226905809129
"spectra1516",2190,0.0205553250310559
"spectra1517",2191,0.0207912860165975
"spectra1518",2192,0.0210152023443983
"spectra1519",2193,0.0211216970746888
"spectra1520",2194,0.0211185747204969
"spectra1521",2195,0.021073059378882
"spectra1522",2196,0.0210243931950207
"spectra1523",2197,0.0209835029045643
"spectra1524",2198,0.0209442731120332
"spectra1525",2199,0.0208761236929461
"spectra1526",2200,0.0207592458091286
"spectra1527",2201,0.0206169634647303
"spectra1528",2202,0.0204845504771785
"spectra1529",2203,0.0203854490456431
"spectra1530",2204,0.0203671012033195
"spectra1531",2205,0.0204858867634855
"spectra1532",2206,0.0207041516182572
"spectra1533",2207,0.0208725438302278
"spectra1534",2208,0.020882923340249
"spectra1535",2209,0.0207706435477179
"spectra1536",2210,0.020621428713693
"spectra1537",2211,0.0204653867219917
"spectra1538",2212,0.0203294270124482
"spectra1539",2213,0.0202799402489626
"spectra1540",2214,0.0203383897095436
"spectra1541",2215,0.0204400557763975
"spectra1542",2216,0.020520527780083
"spectra1543",2217,0.0205735225726141
"spectra1544",2218,0.0205960801037344
"spectra1545",2219,0.02056855
"spectra1546",2220,0.0205217052697095
"spectra1547",2221,0.0205406012448133
"spectra1548",2222,0.0206562111203319
"spectra1549",2223,0.0208003781780538
"spectra1550",2224,0.0208920523395445
"spectra1551",2225,0.0209138768672199
"spectra1552",2226,0.0208893272821577
"spectra1553",2227,0.020840467033195
"spectra1554",2228,0.0207784607053942
"spectra1555",2229,0.020690507966805
"spectra1556",2230,0.0205582994190871
"spectra1557",2231,0.0204224385062241
"spectra1558",2232,0.0203799917634855
"spectra1559",2233,0.0204804030082988
"spectra1560",2234,0.0206596551452282
"spectra1561",2235,0.0208153590248963
"spectra1562",2236,0.0209122935610766
"spectra1563",2237,0.0209746680912863
"spectra1564",2238,0.0210186034024896
"spectra1565",2239,0.0210485213692946
"spectra1566",2240,0.0210766153941909
"spectra1567",2241,0.0210997308921162
"spectra1568",2242,0.0210899024273859
"spectra1569",2243,0.0210437353941909
"spectra1570",2244,0.0210079234575569
"spectra1571",2245,0.0210318025311203
"spectra1572",2246,0.0211161054771784
"spectra1573",2247,0.0212173463900415
"spectra1574",2248,0.0212828067701863
"spectra1575",2249,0.021278303340249
"spectra1576",2250,0.0212140695643154
"spectra1577",2251,0.0211482589211618
"spectra1578",2252,0.0211360088981289
"spectra1579",2253,0.0211686691286307
"spectra1580",2254,0.0211967417427386
"spectra1581",2255,0.0211972077593361
"spectra1582",2256,0.0211884312863071
"spectra1583",2257,0.0211923448755187
"spectra1584",2258,0.0212139797510373
"spectra1585",2259,0.0212491901037344
"spectra1586",2260,0.0212859940456432
"spectra1587",2261,0.0213029560995851
"spectra1588",2262,0.0212876982572614
"spectra1589",2263,0.0212571486307054
"spectra1590",2264,0.0212497275103734
"spectra1591",2265,0.0212977255186722
"spectra1592",2266,0.0214012086514523
"spectra1593",2267,0.0215238412655602
"spectra1594",2268,0.0216151072821577
"spectra1595",2269,0.0216479845643154
"spectra1596",2270,0.0216346505394191
"spectra1597",2271,0.0216027549792531
"spectra1598",2272,0.0215679573029046
"spectra1599",2273,0.0215387007867495
"spectra1600",2274,0.0215303712655602
"spectra1601",2275,0.0215555386514523
"spectra1602",2276,0.0216085148340249
"spectra1603",2277,0.0216713672670807
"spectra1604",2278,0.0217331770124481
"spectra1605",2279,0.0217943006224066
"spectra1606",2280,0.0218591463485477
"spectra1607",2281,0.0219243324740125
"spectra1608",2282,0.0219720031742739
"spectra1609",2283,0.0219792201659751
"spectra1610",2284,0.0219469866804979
"spectra1611",2285,0.0219112984232365
"spectra1612",2286,0.0219086882157676
"spectra1613",2287,0.0219332507053942
"spectra1614",2288,0.0219426476348548
"spectra1615",2289,0.0219015399170125
"spectra1616",2290,0.0218092380912863
"spectra1617",2291,0.02169394406639
"spectra1618",2292,0.0215981783609959
"spectra1619",2293,0.0215537178630705
"spectra1620",2294,0.0215574028630705
"spectra1621",2295,0.0215767609958506
"spectra1622",2296,0.0215772961410788
"spectra1623",2297,0.021543185560166
"spectra1624",2298,0.0214820038589212
"spectra1625",2299,0.0214224410580913
"spectra1626",2300,0.0214045745435685
"spectra1627",2301,0.021447167406639
"spectra1628",2302,0.0215192434782609
"spectra1629",2303,0.0215656264315353
"spectra1630",2304,0.0215619287136929
"spectra1631",2305,0.02153406
"spectra1632",2306,0.0215183573236515
"spectra1633",2307,0.0215208872614108
"spectra1634",2308,0.0215261742116183
"spectra1635",2309,0.0215280377593361
"spectra1636",2310,0.0215378444906445
"spectra1637",2311,0.0215639131120332
"spectra1638",2312,0.021590242406639
"spectra1639",2313,0.0215905118672199
"spectra1640",2314,0.0215696997510373
"spectra1641",2315,0.0215743197717842
"spectra1642",2316,0.0216389713070539
"spectra1643",2317,0.0217334872614108
"spectra1644",2318,0.0217952210165975
"spectra1645",2319,0.0218132339834025
"spectra1646",2320,0.0218509805394191
"spectra1647",2321,0.0219563425311204
"spectra1648",2322,0.0220930993360996
"spectra1649",2323,0.0221696963900415
"spectra1650",2324,0.0221215191286307
"spectra1651",2325,0.0219566721576763
"spectra1652",2326,0.0217443971576764
"spectra1653",2327,0.0215715604149377
"spectra1654",2328,0.0214811571784232
"spectra1655",2329,0.0214486713278008
"spectra1656",2330,0.0214323322406639
"spectra1657",2331,0.0214281892753623
"spectra1658",2332,0.0214503230082988
"spectra1659",2333,0.0214802849585062
"spectra1660",2334,0.0214880380497925
"spectra1661",2335,0.0214832457676349
"spectra1662",2336,0.0214945609958506
"spectra1663",2337,0.0215174074273859
"spectra1664",2338,0.0215197031950208
"spectra1665",2339,0.0214925289397089
"spectra1666",2340,0.0214696828423237
"spectra1667",2341,0.0214873017012448
"spectra1668",2342,0.0215240503319502
"spectra1669",2343,0.0215295340041494
"spectra1670",2344,0.0214875051452282
"spectra1671",2345,0.0214026447302905
"spectra1672",2346,0.0213161442323651
"spectra1673",2347,0.0212925142028986
"spectra1674",2348,0.0213228141286307
"spectra1675",2349,0.0213314799170124
"spectra1676",2350,0.0212692844605809
"spectra1677",2351,0.0211786555394191
"spectra1678",2352,0.0211669947717842
"spectra1679",2353,0.0212442593775934
"spectra1680",2354,0.0212754402489627
"spectra1681",2355,0.0212094735684647
"spectra1682",2356,0.0211229093775934
"spectra1683",2357,0.021094085373444
"spectra1684",2358,0.0211684013900415
"spectra1685",2359,0.0212246223236514
"spectra1686",2360,0.0211045402489627
"spectra1687",2361,0.0210282333195021
"spectra1688",2362,0.0211391451037345
"spectra1689",2363,0.0212610024896266
"spectra1690",2364,0.0212393065352697
"spectra1691",2365,0.021141900746888
"spectra1692",2366,0.0210780951452282
"spectra1693",2367,0.0210693122406639
"spectra1694",2368,0.0210883403742204
"spectra1695",2369,0.0211167455186722
"spectra1696",2370,0.0211327065145228
"spectra1697",2371,0.0211128030705394
"spectra1698",2372,0.021065702033195
"spectra1699",2373,0.0210278345435685
"spectra1700",2374,0.0210211294605809
"spectra1701",2375,0.0210353428008299
"spectra1702",2376,0.021059022780083
"spectra1703",2377,0.0210979065145228
"spectra1704",2378,0.0211546710788382
"spectra1705",2379,0.0212088166390041
"spectra1706",2380,0.021236013970894
"spectra1707",2381,0.0212340240871369
"spectra1708",2382,0.0212158807053942
"spectra1709",2383,0.0211931156639004
"spectra1710",2384,0.0211763509751037
"spectra1711",2385,0.0211788226141079
"spectra1712",2386,0.0212029415767635
"spectra1713",2387,0.0212308629460581
"spectra1714",2388,0.0212411505394191
"spectra1715",2389,0.0212300323029046
"spectra1716",2390,0.0212078723858921
"spectra1717",2391,0.0211871117427386
"spectra1718",2392,0.0211782699792531
"spectra1719",2393,0.0211855995020747
"spectra1720",2394,0.0211989329460581
"spectra1721",2395,0.0212017787551867
"spectra1722",2396,0.0211906024896266
"spectra1723",2397,0.021174536120332
"spectra1724",2398,0.021159779253112
"spectra1725",2399,0.0211484286514523
"spectra1726",2400,0.0211468464937759
"spectra1727",2401,0.0211566885062241
"spectra1728",2402,0.0211721963900415
"spectra1729",2403,0.0211861332780083
"spectra1730",2404,0.0212083682572614
"spectra1731",2405,0.0212502510165975
"spectra1732",2406,0.0213020521576764
"spectra1733",2407,0.0213448178423237
"spectra1734",2408,0.0213756007053942
"spectra1735",2409,0.0213991643035343
"spectra1736",2410,0.0214091254771784
"spectra1737",2411,0.021398195560166
"spectra1738",2412,0.0213761465145228
"spectra1739",2413,0.0213564536645963
"spectra1740",2414,0.0213381325518672
"spectra1741",2415,0.0213192500207469
"spectra1742",2416,0.0213129532572614
"spectra1743",2417,0.0213326997302905
"spectra1744",2418,0.0213749094605809
"spectra1745",2419,0.0214263423236514
"spectra1746",2420,0.0214724747717842
"spectra1747",2421,0.0214959622821577
"spectra1748",2422,0.0214849214315353
"spectra1749",2423,0.0214502603941909
"spectra1750",2424,0.0214204275726141
"spectra1751",2425,0.0214140412655602
"spectra1752",2426,0.0214312509128631
"spectra1753",2427,0.0214649617012448
"spectra1754",2428,0.0215001065975104
"spectra1755",2429,0.0215133192946058
"spectra1756",2430,0.0214946039626556
"spectra1757",2431,0.0214612847925311
"spectra1758",2432,0.021436510186722
"spectra1759",2433,0.0214264566390041
"spectra1760",2434,0.0214329304564315
"spectra1761",2435,0.0214652392946058
"spectra1762",2436,0.0215185535684647
"spectra1763",2437,0.0215590853941909
"spectra1764",2438,0.0215589348232848
"spectra1765",2439,0.0215308948962656
"spectra1766",2440,0.021507734626556
"spectra1767",2441,0.0215005989626556
"spectra1768",2442,0.0214996969565217
"spectra1769",2443,0.0214976319087137
"spectra1770",2444,0.0214935966804979
"spectra1771",2445,0.0214904471784232
"spectra1772",2446,0.021498132033195
"spectra1773",2447,0.0215245823651452
"spectra1774",2448,0.0215594773029046
"spectra1775",2449,0.0215817551452282
"spectra1776",2450,0.0215874688174274
"spectra1777",2451,0.0215882280912863
"spectra1778",2452,0.0215823052697095
"spectra1779",2453,0.0215541547717842
"spectra1780",2454,0.0215057502070393
"spectra1781",2455,0.0214655087551867
"spectra1782",2456,0.0214537734232365
"spectra1783",2457,0.0214652089211618
"spectra1784",2458,0.0214862800829876
"spectra1785",2459,0.0215117586721992
"spectra1786",2460,0.0215393932780083
"spectra1787",2461,0.0215609629045643
"spectra1788",2462,0.0215647092946058
"spectra1789",2463,0.0215457774896266
"spectra1790",2464,0.021511368340249
"spectra1791",2465,0.0214775875103734
"spectra1792",2466,0.0214552947095436
"spectra1793",2467,0.0214417468879668
"spectra1794",2468,0.0214313917012448
"spectra1795",2469,0.0214305328630705
"spectra1796",2470,0.0214483673029046
"spectra1797",2471,0.0214784923029046
"spectra1798",2472,0.0215071869087137
"spectra1799",2473,0.0215317245643154
"spectra1800",2474,0.0215578895228216
"spectra1801",2475,0.0215856404564315
"spectra1802",2476,0.021608267593361
"spectra1803",2477,0.0216200965560166
"spectra1804",2478,0.0216186080912863
"spectra1805",2479,0.0216087791476091
"spectra1806",2480,0.0216091421161826
"spectra1807",2481,0.0216373710580913
"spectra1808",2482,0.0216773198962656
"spectra1809",2483,0.0216885363354037
"spectra1810",2484,0.0216570293360996
"spectra1811",2485,0.0216151406639004
"spectra1812",2486,0.0216007028215768
"spectra1813",2487,0.0216173265145228
"spectra1814",2488,0.021646204253112
"spectra1815",2489,0.0216753814107884
"spectra1816",2490,0.0217044896680498
"spectra1817",2491,0.021737005186722
"spectra1818",2492,0.0217774187551867
"spectra1819",2493,0.0218233484232365
"spectra1820",2494,0.0218575365145228
"spectra1821",2495,0.0218628961904762
"spectra1822",2496,0.0218476539211618
"spectra1823",2497,0.0218348459751037
"spectra1824",2498,0.0218348800622407
"spectra1825",2499,0.0218440965975104
"spectra1826",2500,0.021862798713693
"spectra1827",2501,0.0218960901244813
"spectra1828",2502,0.0219402690041494
"spectra1829",2503,0.021985732033195
"spectra1830",2504,0.0220278631950208
"spectra1831",2505,0.0220642431742739
"spectra1832",2506,0.0220909403112033
"spectra1833",2507,0.0221106282780083
"spectra1834",2508,0.0221300597308489
"spectra1835",2509,0.0221411014107884
"spectra1836",2510,0.0221248630705394
"spectra1837",2511,0.02208285
"spectra1838",2512,0.0220469543478261
"spectra1839",2513,0.0220456810373444
"spectra1840",2514,0.0220774397717842
"spectra1841",2515,0.0221214740041494
"spectra1842",2516,0.0221583507883817
"spectra1843",2517,0.0221756592116183
"spectra1844",2518,0.0221721323236515
"spectra1845",2519,0.0221617126141079
"spectra1846",2520,0.0221595656431535
"spectra1847",2521,0.0221638711825726
"spectra1848",2522,0.0221614863692946
"spectra1849",2523,0.0221469611203319
"spectra1850",2524,0.0221242269565217
"spectra1851",2525,0.0220986230705394
"spectra1852",2526,0.0220790209958506
"spectra1853",2527,0.022075162780083
"spectra1854",2528,0.0220801390041494
"spectra1855",2529,0.022070796659751
"spectra1856",2530,0.0220384168879668
"spectra1857",2531,0.0220022067842324
"spectra1858",2532,0.0219811357676349
"spectra1859",2533,0.0219701787136929
"spectra1860",2534,0.0219560463485477
"spectra1861",2535,0.0219337918672199
"spectra1862",2536,0.0218979413043478
"spectra1863",2537,0.0218400471428571
"spectra1864",2538,0.021773246659751
"spectra1865",2539,0.0217346399585062
"spectra1866",2540,0.021752154626556
"spectra1867",2541,0.0218157663768116
"spectra1868",2542,0.0218891289211618
"spectra1869",2543,0.0219336331950207
"spectra1870",2544,0.0219234819917012
"spectra1871",2545,0.0218640899585062
"spectra1872",2546,0.0217974814315353
"spectra1873",2547,0.0217691825518672
"spectra1874",2548,0.021784370560166
"spectra1875",2549,0.021813565942029
"spectra1876",2550,0.0218406130290456
"spectra1877",2551,0.0218757698340249
"spectra1878",2552,0.021924862780083
"spectra1879",2553,0.0219719354037267
"spectra1880",2554,0.0219969419294606
"spectra1881",2555,0.0219953761410788
"spectra1882",2556,0.0219768558713693
"spectra1883",2557,0.0219576624481328
"spectra1884",2558,0.0219545267634855
"spectra1885",2559,0.0219711596680498
"spectra1886",2560,0.0219912562240664
"spectra1887",2561,0.02199232406639
"spectra1888",2562,0.0219695229875519
"spectra1889",2563,0.0219399809128631
"spectra1890",2564,0.0219213135062241
"spectra1891",2565,0.021914506873706
"spectra1892",2566,0.0219087371014493
"spectra1893",2567,0.0218999548962656
"spectra1894",2568,0.0218980378008299
"spectra1895",2569,0.021912444439834
"spectra1896",2570,0.0219352786335404
"spectra1897",2571,0.0219494067842324
"spectra1898",2572,0.0219517671991701
"spectra1899",2573,0.0219556403941909
"spectra1900",2574,0.0219681263278008
"spectra1901",2575,0.0219814507053942
"spectra1902",2576,0.0219901313278008
"spectra1903",2577,0.0220020462655602
"spectra1904",2578,0.0220216774327122
"spectra1905",2579,0.0220412503112033
"spectra1906",2580,0.0220496819709544
"spectra1907",2581,0.022042059439834
"spectra1908",2582,0.0220176455900621
"spectra1909",2583,0.0219813334439834
"spectra1910",2584,0.0219473824896266
"spectra1911",2585,0.0219314673443983
"spectra1912",2586,0.0219380975103734
"spectra1913",2587,0.0219631580912863
"spectra1914",2588,0.0220003019917012
"spectra1915",2589,0.0220353602697095
"spectra1916",2590,0.0220458985714286
"spectra1917",2591,0.0220255256431535
"spectra1918",2592,0.0219964031120332
"spectra1919",2593,0.0219831191286307
"spectra1920",2594,0.021984225942029
"spectra1921",2595,0.0219855535196687
"spectra1922",2596,0.0219867549170124
"spectra1923",2597,0.0219964277593361
"spectra1924",2598,0.0220112367427386
"spectra1925",2599,0.0220207904761905
"spectra1926",2600,0.0220296863485477
"spectra1927",2601,0.0220534512033195
"spectra1928",2602,0.0220913587136929
"spectra1929",2603,0.022118693747412
"spectra1930",2604,0.0221134310373444
"spectra1931",2605,0.0220800250414938
"spectra1932",2606,0.0220476034854772
"spectra1933",2607,0.0220453208695652
"spectra1934",2608,0.0220752841078838
"spectra1935",2609,0.0221122638589212
"spectra1936",2610,0.022129167219917
"spectra1937",2611,0.0221217844513458
"spectra1938",2612,0.0221046243568465
"spectra1939",2613,0.0220931843153527
"spectra1940",2614,0.0220969853319502
"spectra1941",2615,0.0221196525103734
"spectra1942",2616,0.0221524343983403
"spectra1943",2617,0.0221742259751037
"spectra1944",2618,0.0221710419087137
"spectra1945",2619,0.0221484705175983
"spectra1946",2620,0.0221173541493776
"spectra1947",2621,0.0220797206639004
"spectra1948",2622,0.0220380859751037
"spectra1949",2623,0.0220107324844721
"spectra1950",2624,0.0220196494409938
"spectra1951",2625,0.0220658778008299
"spectra1952",2626,0.0221235974688797
"spectra1953",2627,0.0221604626141079
"spectra1954",2628,0.0221638871635611
"spectra1955",2629,0.0221489446058091
"spectra1956",2630,0.0221430730290456
"spectra1957",2631,0.0221564404564315
"spectra1958",2632,0.0221731796687371
"spectra1959",2633,0.022172908340249
"spectra1960",2634,0.0221552718257261
"spectra1961",2635,0.0221343543568465
"spectra1962",2636,0.0221184933126294
"spectra1963",2637,0.0221072674481328
"spectra1964",2638,0.0221014350207469
"spectra1965",2639,0.0221012623029046
"spectra1966",2640,0.0220968818012422
"spectra1967",2641,0.0220782257676349
"spectra1968",2642,0.02205222
"spectra1969",2643,0.0220395750207469
"spectra1970",2644,0.0220482434782609
"spectra1971",2645,0.0220669757053942
"spectra1972",2646,0.0220841732365145
"spectra1973",2647,0.0221000095228216
"spectra1974",2648,0.0221176226086957
"spectra1975",2649,0.0221328215767635
"spectra1976",2650,0.0221367784232365
"spectra1977",2651,0.0221258554771784
"spectra1978",2652,0.0221038530020704
"spectra1979",2653,0.0220772201863354
"spectra1980",2654,0.0220515151037344
"spectra1981",2655,0.0220310200207469
"spectra1982",2656,0.0220199798340249
"spectra1983",2657,0.0220182080912863
"spectra1984",2658,0.0220174765145228
"spectra1985",2659,0.0220069233195021
"spectra1986",2660,0.0219845625311203
"spectra1987",2661,0.0219609711801242
"spectra1988",2662,0.0219474860995851
"spectra1989",2663,0.0219438502697095
"spectra1990",2664,0.0219399008091286
"spectra1991",2665,0.0219284697308489
"spectra1992",2666,0.0219124587551867
"spectra1993",2667,0.021900493526971
"spectra1994",2668,0.0218978780082988
"spectra1995",2669,0.0219028466390042
"spectra1996",2670,0.0219089389419087
"spectra1997",2671,0.0219115712033195
"spectra1998",2672,0.0219116601037344
"spectra1999",2673,0.0219142186128364
"spectra2000",2674,0.0219234760580913
"spectra2001",2675,0.0219391853941909
"spectra2002",2676,0.0219533381742739
"spectra2003",2677,0.0219539166459627
"spectra2004",2678,0.0219362267634855
"spectra2005",2679,0.0219109080290456
"spectra2006",2680,0.0218955676556017
"spectra2007",2681,0.0218958657556936
"spectra2008",2682,0.0219023859834369
"spectra2009",2683,0.021907674439834
"spectra2010",2684,0.0219166225726141
"spectra2011",2685,0.0219334892946058
"spectra2012",2686,0.0219492696887967
"spectra2013",2687,0.0219497585477178
"spectra2014",2688,0.021933248879668
"spectra2015",2689,0.0219124053112033
"spectra2016",2690,0.0219017712836439
"spectra2017",2691,0.0219045802489627
"spectra2018",2692,0.0219124865975104
"spectra2019",2693,0.02191757593361
"spectra2020",2694,0.0219225171428571
"spectra2021",2695,0.0219377682157676
"spectra2022",2696,0.0219656189419087
"spectra2023",2697,0.0219924062655602
"spectra2024",2698,0.0220020198340249
"spectra2025",2699,0.021993075560166
"spectra2026",2700,0.0219769363485477
"spectra2027",2701,0.0219666529875519
"spectra2028",2702,0.0219694990269151
"spectra2029",2703,0.0219832784439834
"spectra2030",2704,0.0219957724688797
"spectra2031",2705,0.0219947391286307
"spectra2032",2706,0.0219833078467909
"spectra2033",2707,0.0219769780912863
"spectra2034",2708,0.0219831273443983
"spectra2035",2709,0.0219927394605809
"spectra2036",2710,0.0219959952074689
"spectra2037",2711,0.0219961291078838
"spectra2038",2712,0.0220019464522822
"spectra2039",2713,0.0220189193775934
"spectra2040",2714,0.0220509920496894
"spectra2041",2715,0.0220971573443983
"spectra2042",2716,0.0221444927385892
"spectra2043",2717,0.0221749732780083
"spectra2044",2718,0.0221835094202899
"spectra2045",2719,0.0221791710559006
"spectra2046",2720,0.0221709868257261
"spectra2047",2721,0.0221636856224066
"spectra2048",2722,0.02216427593361
"spectra2049",2723,0.0221798913278008
"spectra2050",2724,0.0222063629875519
"spectra2051",2725,0.0222321938174274
"spectra2052",2726,0.0222556970539419
"spectra2053",2727,0.0222801594605809
"spectra2054",2728,0.0223002288589212
"spectra2055",2729,0.022306625560166
"spectra2056",2730,0.0223028931327801
"spectra2057",2731,0.0223025304968944
"spectra2058",2732,0.0223098385892116
"spectra2059",2733,0.0223167622821577
"spectra2060",2734,0.0223185337759336
"spectra2061",2735,0.022321814057971
"spectra2062",2736,0.02233383093361
"spectra2063",2737,0.0223515731327801
"spectra2064",2738,0.022364040746888
"spectra2065",2739,0.0223625236929461
"spectra2066",2740,0.0223492138174274
"spectra2067",2741,0.0223375237759336
"spectra2068",2742,0.0223390685477178
"spectra2069",2743,0.0223491926086957
"spectra2070",2744,0.0223521695228216
"spectra2071",2745,0.0223418552697095
"spectra2072",2746,0.0223285379045643
"spectra2073",2747,0.0223246960869565
"spectra2074",2748,0.0223308961490683
"spectra2075",2749,0.0223392978423236
"spectra2076",2750,0.0223419791286307
"spectra2077",2751,0.02233300406639
"spectra2078",2752,0.0223115492116183
"spectra2079",2753,0.0222851442738589
"spectra2080",2754,0.022267001473029
"spectra2081",2755,0.0222649320539419
"spectra2082",2756,0.0222755780912863
"spectra2083",2757,0.0222882671784232
"spectra2084",2758,0.0222929185477178
"spectra2085",2759,0.0222869329045643
"spectra2086",2760,0.0222767105797101
"spectra2087",2761,0.0222707065145228
"spectra2088",2762,0.0222695375518672
"spectra2089",2763,0.0222683900829875
"spectra2090",2764,0.0222664745643154
"spectra2091",2765,0.0222667521161826
"spectra2092",2766,0.0222674587551867
"spectra2093",2767,0.0222634907883817
"spectra2094",2768,0.0222570654771784
"spectra2095",2769,0.0222569487136929
"spectra2096",2770,0.0222666876556017
"spectra2097",2771,0.0222817688589212
"spectra2098",2772,0.0222976950931677
"spectra2099",2773,0.0223135838174274
"spectra2100",2774,0.022328182780083
"spectra2101",2775,0.0223407019087137
"spectra2102",2776,0.0223547156935818
"spectra2103",2777,0.0223751897925311
"spectra2104",2778,0.0224028843775934
"spectra2105",2779,0.0224377926141079
"spectra2106",2780,0.0224816184232365
"spectra2107",2781,0.022531684439834
"spectra2108",2782,0.0225784488796681
"spectra2109",2783,0.0226165064315353
"spectra2110",2784,0.0226494542738589
"spectra2111",2785,0.022678684439834
"spectra2112",2786,0.0226990215145228
"spectra2113",2787,0.0227108980497925
"spectra2114",2788,0.0227273794190871
"spectra2115",2789,0.0227591866666667
"spectra2116",2790,0.0228022222821577
"spectra2117",2791,0.0228476451037344
"spectra2118",2792,0.0228938717842324
"spectra2119",2793,0.0229407848755187
"spectra2120",2794,0.0229817501452282
"spectra2121",2795,0.0230121913485477
"spectra2122",2796,0.0230396026556017
"spectra2123",2797,0.0230774141078838
"spectra2124",2798,0.0231317621991701
"spectra2125",2799,0.0231986582572614
"spectra2126",2800,0.0232690295020747
"spectra2127",2801,0.0233352369565217
"spectra2128",2802,0.0233982156431535
"spectra2129",2803,0.0234696509128631
"spectra2130",2804,0.0235614792738589
"spectra2131",2805,0.0236736795020747
"spectra2132",2806,0.023799049253112
"spectra2133",2807,0.0239354389211618
"spectra2134",2808,0.0240853377178423
"spectra2135",2809,0.024248168960499
"spectra2136",2810,0.0244182960995851
"spectra2137",2811,0.0245872272406639
"spectra2138",2812,0.0247428286099585
"spectra2139",2813,0.0248698591286307
"spectra2140",2814,0.0249596557676349
"spectra2141",2815,0.0250167808713693
"spectra2142",2816,0.0250493390041494
"spectra2143",2817,0.0250570304979253
"spectra2144",2818,0.0250323686514523
"spectra2145",2819,0.0249759947095436
"spectra2146",2820,0.0249040521161826
"spectra2147",2821,0.0248381445850622
"spectra2148",2822,0.0247895629460581
"spectra2149",2823,0.0247526565975104
"spectra2150",2824,0.0247201299585062
"spectra2151",2825,0.0246982821161826
"spectra2152",2826,0.0247016509958506
"spectra2153",2827,0.024732737593361
"spectra2154",2828,0.0247784031327801
"spectra2155",2829,0.0248305837344398
"spectra2156",2830,0.0248983767287785
"spectra2157",2831,0.024995839087137
"spectra2158",2832,0.0251268675103734
"spectra2159",2833,0.0252925956431535
"spectra2160",2834,0.025501334460581
"spectra2161",2835,0.0257591310373443
"spectra2162",2836,0.0260583243775933
"spectra2163",2837,0.02638659406639
"spectra2164",2838,0.0267403835135136
"spectra2165",2839,0.027125050539419
"spectra2166",2840,0.027546929626556
"spectra2167",2841,0.028012861286307
"spectra2168",2842,0.0285386774688797
"spectra2169",2843,0.0291591806639003
"spectra2170",2844,0.0299342430912863
"spectra2171",2845,0.0309228351037344
"spectra2172",2846,0.0321039744190872
"spectra2173",2847,0.0333175663485476
"spectra2174",2848,0.0342896453112033
"spectra2175",2849,0.0347451601244813
"spectra2176",2850,0.0345598719087136
"spectra2177",2851,0.0338208644813278
"spectra2178",2852,0.0327639588381743
"spectra2179",2853,0.0316436942323651
"spectra2180",2854,0.0306241180497924
"spectra2181",2855,0.0297631843983403
"spectra2182",2856,0.0290518845643153
"spectra2183",2857,0.0284636568049792
"spectra2184",2858,0.0279705661410788
"spectra2185",2859,0.027551550373444
"spectra2186",2860,0.0271961679253112
"spectra2187",2861,0.0269052905186722
"spectra2188",2862,0.0266758788381743
"spectra2189",2863,0.0265018769294606
"spectra2190",2864,0.0263804634854772
"spectra2191",2865,0.0263097293775934
"spectra2192",2866,0.0262755998755187
"spectra2193",2867,0.0262587723076923
"spectra2194",2868,0.0262554009751037
"spectra2195",2869,0.0262788254149378
"spectra2196",2870,0.0263340358091286
"spectra2197",2871,0.0264007912655602
"spectra2198",2872,0.0264502813278008
"spectra2199",2873,0.0264721199170124
"spectra2200",2874,0.0264782344813278
"spectra2201",2875,0.0264912591286307
"spectra2202",2876,0.0265322725103734
"spectra2203",2877,0.0266094684647303
"spectra2204",2878,0.0267106001452282
"spectra2205",2879,0.0268159868257261
"spectra2206",2880,0.0269231187136929
"spectra2207",2881,0.0270544637759336
"spectra2208",2882,0.0272335674688797
"spectra2209",2883,0.0274602157261411
"spectra2210",2884,0.0277158642116182
"spectra2211",2885,0.0279899215975104
"spectra2212",2886,0.028290816473029
"spectra2213",2887,0.0286342390663901
"spectra2214",2888,0.0290281787551867
"spectra2215",2889,0.0294780452697095
"spectra2216",2890,0.0299898214937759
"spectra2217",2891,0.0305678942323652
"spectra2218",2892,0.0312080707883817
"spectra2219",2893,0.0319069776763485
"spectra2220",2894,0.0326720781120332
"spectra2221",2895,0.0335229754979254
"spectra2222",2896,0.0344760461746363
"spectra2223",2897,0.0355320036929461
"spectra2224",2898,0.0366771177593362
"spectra2225",2899,0.0378789119087139
"spectra2226",2900,0.0390899451966876
"spectra2227",2901,0.0402642057053943
"spectra2228",2902,0.0413749872821578
"spectra2229",2903,0.0424063994398342
"spectra2230",2904,0.0433455882157675
"spectra2231",2905,0.0441792195850623
"spectra2232",2906,0.0449020932780084
"spectra2233",2907,0.0455122387136929
"spectra2234",2908,0.0460153474688796
"spectra2235",2909,0.0464330327178424
"spectra2236",2910,0.0468093701244814
"spectra2237",2911,0.047195022385892
"spectra2238",2912,0.0476301389440993
"spectra2239",2913,0.0481279136929462
"spectra2240",2914,0.0486560991286306
"spectra2241",2915,0.0491208763900414
"spectra2242",2916,0.0493884148962656
"spectra2243",2917,0.0493418491908714
"spectra2244",2918,0.0489323399170125
"spectra2245",2919,0.0481896790041495
"spectra2246",2920,0.047198503526971
"spectra2247",2921,0.0460629097925314
"spectra2248",2922,0.0448668522821578
"spectra2249",2923,0.0436657306224067
"spectra2250",2924,0.0424979391286307
"spectra2251",2925,0.041402536029106
"spectra2252",2926,0.0404112409543569
"spectra2253",2927,0.03951831593361
"spectra2254",2928,0.0387010304979253
"spectra2255",2929,0.037941231242236
"spectra2256",2930,0.0372353564730291
"spectra2257",2931,0.0365819481742739
"spectra2258",2932,0.0359737225311203
"spectra2259",2933,0.0353950102074688
"spectra2260",2934,0.0348272700829876
"spectra2261",2935,0.0342625429460581
"spectra2262",2936,0.0337155061825726
"spectra2263",2937,0.0332088875933609
"spectra2264",2938,0.0327457084232365
"spectra2265",2939,0.032303576473029
"spectra2266",2940,0.0318692659336099
"spectra2267",2941,0.031458018405797
"spectra2268",2942,0.031090898153527
"spectra2269",2943,0.0307672392323651
"spectra2270",2944,0.0304692754149377
"spectra2271",2945,0.0301883454356846
"spectra2272",2946,0.0299390622821577
"spectra2273",2947,0.0297468626141079
"spectra2274",2948,0.0296249682987552
"spectra2275",2949,0.029559454813278
"spectra2276",2950,0.0295218747717842
"spectra2277",2951,0.0294969376348548
"spectra2278",2952,0.0294936452074689
"spectra2279",2953,0.0295244349275362
"spectra2280",2954,0.0295834808695652
"spectra2281",2955,0.029657831120332
"spectra2282",2956,0.0297455312033195
"spectra2283",2957,0.0298502231950207
"spectra2284",2958,0.0299683230641822
"spectra2285",2959,0.0300921493153527
"spectra2286",2960,0.030220042780083
"spectra2287",2961,0.0303529152282158
"spectra2288",2962,0.0304848889211618
"spectra2289",2963,0.0306037770124481
"spectra2290",2964,0.0306974606639004
"spectra2291",2965,0.0307530195850622
"spectra2292",2966,0.0307608803726708
"spectra2293",2967,0.0307217644605809
"spectra2294",2968,0.0306398642946058
"spectra2295",2969,0.0305101098547718
"spectra2296",2970,0.0303239133333333
"spectra2297",2971,0.0300877885477179
"spectra2298",2972,0.0298214848962656
"spectra2299",2973,0.0295363333195021
"spectra2300",2974,0.0292247092946058
"spectra2301",2975,0.0288716028215768
"spectra2302",2976,0.0284660726763485
"spectra2303",2977,0.028005205186722
"spectra2304",2978,0.0274968516182572
"spectra2305",2979,0.02696165
"spectra2306",2980,0.0264225339419087
"spectra2307",2981,0.0258931458921161
"spectra2308",2982,0.0253763444720496
"spectra2309",2983,0.024876484099379
"spectra2310",2984,0.0244045652074688
"spectra2311",2985,0.0239713966182572
"spectra2312",2986,0.0235829004771784
"spectra2313",2987,0.0232363542028986
"spectra2314",2988,0.0229229825311203
"spectra2315",2989,0.0226388346887966
"spectra2316",2990,0.0223891386721992
"spectra2317",2991,0.0221764470954357
"spectra2318",2992,0.0219917891908713
"spectra2319",2993,0.0218260736514523
"spectra2320",2994,0.0216866453319502
"spectra2321",2995,0.0215822743478261
"spectra2322",2996,0.0215040034024896
"spectra2323",2997,0.0214363758506224
"spectra2324",2998,0.0213805616182573
"spectra2325",2999,0.0213461049689441
"spectra2326",3000,0.0213227885062241
"spectra2327",3001,0.0212850980290457
"spectra2328",3002,0.0212257101659751
"spectra2329",3003,0.0211663212240664
"spectra2330",3004,0.0211300348962656
"spectra2331",3005,0.0211180229045643
"spectra2332",3006,0.0211165746473029
"spectra2333",3007,0.0211115753623188
"spectra2334",3008,0.0210946119709544
"spectra2335",3009,0.0210677894605809
"spectra2336",3010,0.021044552966805
"spectra2337",3011,0.0210357801449275
"spectra2338",3012,0.0210362520289855
"spectra2339",3013,0.0210321223236515
"spectra2340",3014,0.0210200429045643
"spectra2341",3015,0.0210069445228216
"spectra2342",3016,0.0209962136645963
"spectra2343",3017,0.0209837630912863
"spectra2344",3018,0.020969225373444
"spectra2345",3019,0.0209610803319502
"spectra2346",3020,0.0209699491304348
"spectra2347",3021,0.020993845560166
"spectra2348",3022,0.0210151929045643
"spectra2349",3023,0.0210169356846473
"spectra2350",3024,0.0210006330227743
"spectra2351",3025,0.0209831152904564
"spectra2352",3026,0.020971049813278
"spectra2353",3027,0.0209521176141079
"spectra2354",3028,0.0209219321118012
"spectra2355",3029,0.0209042664315353
"spectra2356",3030,0.0209263980912863
"spectra2357",3031,0.0209812484647303
"spectra2358",3032,0.0210322099170124
"spectra2359",3033,0.02105366
"spectra2360",3034,0.0210480719502075
"spectra2361",3035,0.0210270673858921
"spectra2362",3036,0.0209978533540373
"spectra2363",3037,0.0209694474688797
"spectra2364",3038,0.0209521374688797
"spectra2365",3039,0.0209488717842324
"spectra2366",3040,0.0209540290269151
"spectra2367",3041,0.0209610606431535
"spectra2368",3042,0.0209656723858921
"spectra2369",3043,0.0209633654564315
"spectra2370",3044,0.0209498295435685
"spectra2371",3045,0.0209264697095436
"spectra2372",3046,0.0209024202074689
"spectra2373",3047,0.0208925960580913
"spectra2374",3048,0.0209052673498965
"spectra2375",3049,0.0209291377846791
"spectra2376",3050,0.0209414684232365
"spectra2377",3051,0.0209311378423237
"spectra2378",3052,0.0209095107261411
"spectra2379",3053,0.0208942595031056
"spectra2380",3054,0.0208916908298755
"spectra2381",3055,0.0209007738174274
"spectra2382",3056,0.0209195837759336
"spectra2383",3057,0.0209405159627329
"spectra2384",3058,0.0209515188174274
"spectra2385",3059,0.0209516043775934
"spectra2386",3060,0.0209544934232365
"spectra2387",3061,0.0209665857349896
"spectra2388",3062,0.0209753894605809
"spectra2389",3063,0.0209713878008299
"spectra2390",3064,0.0209639994190871
"spectra2391",3065,0.0209653838095238
"spectra2392",3066,0.0209713587966805
"spectra2393",3067,0.0209675961825726
"spectra2394",3068,0.0209490513900415
"spectra2395",3069,0.0209252265217391
"spectra2396",3070,0.0209125123651452
"spectra2397",3071,0.0209217965560166
"spectra2398",3072,0.0209473475103734
"spectra2399",3073,0.0209675755186722
"spectra2400",3074,0.0209657249585062
"spectra2401",3075,0.0209472355394191
"spectra2402",3076,0.0209267389211618
"spectra2403",3077,0.0209111230227743
"spectra2404",3078,0.0209035615942029
"spectra2405",3079,0.0209105546887967
"spectra2406",3080,0.0209313890456432
"spectra2407",3081,0.0209509812448133
"spectra2408",3082,0.0209575846376812
"spectra2409",3083,0.0209552517219917
"spectra2410",3084,0.0209517846058091
"spectra2411",3085,0.0209467202904564
"spectra2412",3086,0.0209422206832298
"spectra2413",3087,0.0209481017427386
"spectra2414",3088,0.0209644721991701
"spectra2415",3089,0.0209761362655602
"spectra2416",3090,0.0209755836645963
"spectra2417",3091,0.0209710935684647
"spectra2418",3092,0.0209660415975104
"spectra2419",3093,0.0209535623443983
"spectra2420",3094,0.0209382060662526
"spectra2421",3095,0.0209365434024896
"spectra2422",3096,0.020946035186722
"spectra2423",3097,0.0209381242738589
"spectra2424",3098,0.0209005349275362
"spectra2425",3099,0.020863706120332
"spectra2426",3100,0.0208660670124481
"spectra2427",3101,0.0209062737344398
"spectra2428",3102,0.0209438795031056
"spectra2429",3103,0.0209489765560166
"spectra2430",3104,0.0209269406639004
"spectra2431",3105,0.0209046524896266
"spectra2432",3106,0.0209013511801242
"spectra2433",3107,0.0209133732919255
"spectra2434",3108,0.0209246724688797
"spectra2435",3109,0.0209287662033195
"spectra2436",3110,0.0209327201659751
"spectra2437",3111,0.020941039689441
"spectra2438",3112,0.0209490358091286
"spectra2439",3113,0.020952869253112
"spectra2440",3114,0.0209543313692946
"spectra2441",3115,0.0209512667219917
"spectra2442",3116,0.0209422273443983
"spectra2443",3117,0.0209393081120332
"spectra2444",3118,0.0209539613485477
"spectra2445",3119,0.02097197126294
"spectra2446",3120,0.0209679975518672
"spectra2447",3121,0.0209462056016598
"spectra2448",3122,0.0209398369294606
"spectra2449",3123,0.0209634017391304
"spectra2450",3124,0.0209904717427386
"spectra2451",3125,0.0209921807676349
"spectra2452",3126,0.0209724023029046
"spectra2453",3127,0.0209535906625259
"spectra2454",3128,0.0209492285477178
"spectra2455",3129,0.020960809626556
"spectra2456",3130,0.0209865304564315
"spectra2457",3131,0.021018362194617
"spectra2458",3132,0.0210450318049793
"spectra2459",3133,0.0210613298962656
"spectra2460",3134,0.021067375
"spectra2461",3135,0.0210627305797101
"spectra2462",3136,0.0210506697095436
"spectra2463",3137,0.0210434985892116
"spectra2464",3138,0.02104923406639
"spectra2465",3139,0.0210601056521739
"spectra2466",3140,0.021063928757764
"spectra2467",3141,0.0210598967842324
"spectra2468",3142,0.0210541520746888
"spectra2469",3143,0.0210512712448133
"spectra2470",3144,0.0210585987551867
"spectra2471",3145,0.0210846560580913
"spectra2472",3146,0.0211212869709544
"spectra2473",3147,0.0211439265145228
"spectra2474",3148,0.0211418669565217
"spectra2475",3149,0.0211327313900415
"spectra2476",3150,0.0211352226763485
"spectra2477",3151,0.021142047033195
"spectra2478",3152,0.0211363743478261
"spectra2479",3153,0.0211202847717842
"spectra2480",3154,0.0211146295020747
"spectra2481",3155,0.0211347547302904
"spectra2482",3156,0.0211746504979253
"spectra2483",3157,0.0212153802074689
"spectra2484",3158,0.0212383027178423
"spectra2485",3159,0.0212374890871369
"spectra2486",3160,0.0212221685714286
"spectra2487",3161,0.0212045076763485
"spectra2488",3162,0.0211869841078838
"spectra2489",3163,0.021167853153527
"spectra2490",3164,0.0211518627536232
"spectra2491",3165,0.0211448921161826
"spectra2492",3166,0.0211433520124481
"spectra2493",3167,0.0211417694190871
"spectra2494",3168,0.0211460304989605
"spectra2495",3169,0.0211673106639004
"spectra2496",3170,0.0212003550622407
"spectra2497",3171,0.0212251709543568
"spectra2498",3172,0.0212285789626556
"spectra2499",3173,0.0212188970539419
"spectra2500",3174,0.0212143028008299
"spectra2501",3175,0.021221557033195
"spectra2502",3176,0.0212287023443983
"spectra2503",3177,0.0212214027950311
"spectra2504",3178,0.0212079647302905
"spectra2505",3179,0.0212187895850622
"spectra2506",3180,0.0212701397925311
"spectra2507",3181,0.0213372050724638
"spectra2508",3182,0.021375912593361
"spectra2509",3183,0.0213688828215768
"spectra2510",3184,0.0213357849792531
"spectra2511",3185,0.021299756473029
"spectra2512",3186,0.0212676728215768
"spectra2513",3187,0.021242593526971
"spectra2514",3188,0.0212361910373444
"spectra2515",3189,0.0212570224637681
"spectra2516",3190,0.0212954287344398
"spectra2517",3191,0.0213287355186722
"spectra2518",3192,0.0213378176763485
"spectra2519",3193,0.0213172802484472
"spectra2520",3194,0.0212772992116183
"spectra2521",3195,0.0212398851037344
"spectra2522",3196,0.0212260407883817
"spectra2523",3197,0.0212385153846154
"spectra2524",3198,0.0212620667634855
"spectra2525",3199,0.0212813435892116
"spectra2526",3200,0.0212963818257261
"spectra2527",3201,0.0213175000207469
"spectra2528",3202,0.0213503790456432
"spectra2529",3203,0.0213920770539419
"spectra2530",3204,0.021435062780083
"spectra2531",3205,0.0214691300414938
"spectra2532",3206,0.0214806308695652
"spectra2533",3207,0.0214633213692946
"spectra2534",3208,0.0214293762448133
"spectra2535",3209,0.0214038062033195
"spectra2536",3210,0.0213986349377593
"spectra2537",3211,0.0214042126970954
"spectra2538",3212,0.0214075217427386
"spectra2539",3213,0.0214090701244813
"spectra2540",3214,0.0214121239626556
"spectra2541",3215,0.0214095144813278
"spectra2542",3216,0.0213951569917012
"spectra2543",3217,0.0213861385684647
"spectra2544",3218,0.0214122274741201
"spectra2545",3219,0.0214788673858921
"spectra2546",3220,0.0215498861825726
"spectra2547",3221,0.0215800268879668
"spectra2548",3222,0.0215579804149378
"spectra2549",3223,0.0215109634854772
"spectra2550",3224,0.0214703499170124
"spectra2551",3225,0.0214482371576763
"spectra2552",3226,0.0214442716216216
"spectra2553",3227,0.021456025560166
"spectra2554",3228,0.0214730838589212
"spectra2555",3229,0.0214735095850622
"spectra2556",3230,0.0214443935684647
"spectra2557",3231,0.0214039560788382
"spectra2558",3232,0.0213858443360996
"spectra2559",3233,0.021403198713693
"spectra2560",3234,0.0214390179045643
"spectra2561",3235,0.0214740059213251
"spectra2562",3236,0.0215067246887967
"spectra2563",3237,0.0215425950622407
"spectra2564",3238,0.0215779293775934
"spectra2565",3239,0.0216005069294606
"spectra2566",3240,0.0215991730082988
"spectra2567",3241,0.0215688819917013
"spectra2568",3242,0.0215195286514523
"spectra2569",3243,0.0214790277178423
"spectra2570",3244,0.0214729700829876
"spectra2571",3245,0.0215012607053942
"spectra2572",3246,0.0215414670954357
"spectra2573",3247,0.0215744391304348
"spectra2574",3248,0.0215898317842324
"spectra2575",3249,0.0215809998962656
"spectra2576",3250,0.02155653593361
"spectra2577",3251,0.0215427732780083
"spectra2578",3252,0.0215551997925311
"spectra2579",3253,0.0215771639004149
"spectra2580",3254,0.0215862874688797
"spectra2581",3255,0.0215872250727651
"spectra2582",3256,0.0215961006639004
"spectra2583",3257,0.0216078191908714
"spectra2584",3258,0.0216075294813278
"spectra2585",3259,0.0215992219502075
"spectra2586",3260,0.0215955613692946
"spectra2587",3261,0.0215950599585062
"spectra2588",3262,0.0215948172614108
"spectra2589",3263,0.0216117877178423
"spectra2590",3264,0.0216540209751037
"spectra2591",3265,0.0216925524481328
"spectra2592",3266,0.0216944978215768
"spectra2593",3267,0.0216695150622407
"spectra2594",3268,0.0216508223236515
"spectra2595",3269,0.0216475460165975
"spectra2596",3270,0.0216463163485477
"spectra2597",3271,0.0216440442738589
"spectra2598",3272,0.0216462184232365
"spectra2599",3273,0.0216437581327801
"spectra2600",3274,0.0216278238174274
"spectra2601",3275,0.0216186786307054
"spectra2602",3276,0.0216450013278008
"spectra2603",3277,0.0216961582157676
"spectra2604",3278,0.021726864439834
"spectra2605",3279,0.0217097412863071
"spectra2606",3280,0.02166178
"spectra2607",3281,0.0216221002489627
"spectra2608",3282,0.0216183560995851
"spectra2609",3283,0.0216470631120332
"spectra2610",3284,0.021680207983368
"spectra2611",3285,0.0216924109958506
"spectra2612",3286,0.0216840092116183
"spectra2613",3287,0.0216702033609959
"spectra2614",3288,0.0216560798340249
"spectra2615",3289,0.0216436601037344
"spectra2616",3290,0.0216551370746888
"spectra2617",3291,0.0217121859751037
"spectra2618",3292,0.0217913149377593
"spectra2619",3293,0.0218352507053942
"spectra2620",3294,0.0218175173858921
"spectra2621",3295,0.0217666661410788
"spectra2622",3296,0.0217227385892116
"spectra2623",3297,0.0216995179460581
"spectra2624",3298,0.0216973074481328
"spectra2625",3299,0.0217209320539419
"spectra2626",3300,0.0217667752282158
"spectra2627",3301,0.02180915406639
"spectra2628",3302,0.0218199215767635
"spectra2629",3303,0.0217927985892116
"spectra2630",3304,0.0217467740248963
"spectra2631",3305,0.0217112799170124
"spectra2632",3306,0.02171079906639
"spectra2633",3307,0.0217462487551867
"spectra2634",3308,0.0217873041701245
"spectra2635",3309,0.0218004366390042
"spectra2636",3310,0.0217872906224066
"spectra2637",3311,0.0217767228630705
"spectra2638",3312,0.0217827409958506
"spectra2639",3313,0.021791658024948
"spectra2640",3314,0.0217945209128631
"spectra2641",3315,0.0218047135477178
"spectra2642",3316,0.0218297245643154
"spectra2643",3317,0.0218486768115942
"spectra2644",3318,0.0218408856846473
"spectra2645",3319,0.0218190384647303
"spectra2646",3320,0.0218136132780083
"spectra2647",3321,0.0218324956431535
"spectra2648",3322,0.0218550551452282
"spectra2649",3323,0.0218590996887967
"spectra2650",3324,0.0218421240871369
"spectra2651",3325,0.0218147067219917
"spectra2652",3326,0.0217911968049792
"spectra2653",3327,0.0217826871784232
"spectra2654",3328,0.0217879570124481
"spectra2655",3329,0.0217906562655602
"spectra2656",3330,0.021776012593361
"spectra2657",3331,0.0217532913070539
"spectra2658",3332,0.0217459781120332
"spectra2659",3333,0.0217644091078838
"spectra2660",3334,0.0217987867634855
"spectra2661",3335,0.0218347385062241
"spectra2662",3336,0.0218643008713693
"spectra2663",3337,0.021884354813278
"spectra2664",3338,0.0218943954564315
"spectra2665",3339,0.0218942225518672
"spectra2666",3340,0.0218765809543568
"spectra2667",3341,0.0218303352489627
"spectra2668",3342,0.0217629538253638
"spectra2669",3343,0.0217099228630705
"spectra2670",3344,0.0217060430705394
"spectra2671",3345,0.0217471990871369
"spectra2672",3346,0.021804453436853
"spectra2673",3347,0.0218606260580913
"spectra2674",3348,0.0219148604979253
"spectra2675",3349,0.0219596328838174
"spectra2676",3350,0.0219776039419087
"spectra2677",3351,0.0219627226141079
"spectra2678",3352,0.0219293443983402
"spectra2679",3353,0.0218975036099585
"spectra2680",3354,0.0218797584232365
"spectra2681",3355,0.021875719253112
"spectra2682",3356,0.0218724602904564
"spectra2683",3357,0.0218576273651452
"spectra2684",3358,0.0218395458385093
"spectra2685",3359,0.0218423971369295
"spectra2686",3360,0.021870541659751
"spectra2687",3361,0.0218922872614108
"spectra2688",3362,0.021875007966805
"spectra2689",3363,0.0218244137136929
"spectra2690",3364,0.0217770506224066
"spectra2691",3365,0.0217644344813278
"spectra2692",3366,0.0217943702074689
"spectra2693",3367,0.0218548434439834
"spectra2694",3368,0.0219189841078838
"spectra2695",3369,0.0219549597925311
"spectra2696",3370,0.0219449142857143
"spectra2697",3371,0.02189590406639
"spectra2698",3372,0.0218313210373444
"spectra2699",3373,0.0217740868672199
"spectra2700",3374,0.021743787033195
"spectra2701",3375,0.0217508285062241
"spectra2702",3376,0.0217881794190871
"spectra2703",3377,0.0218375652697095
"spectra2704",3378,0.0218849635684647
"spectra2705",3379,0.0219242367567568
"spectra2706",3380,0.021948791286307
"spectra2707",3381,0.02195438406639
"spectra2708",3382,0.0219469788174274
"spectra2709",3383,0.0219361559128631
"spectra2710",3384,0.0219211412033195
"spectra2711",3385,0.0218969956016597
"spectra2712",3386,0.021871907219917
"spectra2713",3387,0.021859851242236
"spectra2714",3388,0.0218597220746888
"spectra2715",3389,0.0218550147717842
"spectra2716",3390,0.0218393692738589
"spectra2717",3391,0.021824057780083
"spectra2718",3392,0.0218194960995851
"spectra2719",3393,0.0218180897095436
"spectra2720",3394,0.0218036065975104
"spectra2721",3395,0.0217736999170124
"spectra2722",3396,0.0217443775103734
"spectra2723",3397,0.0217334635477178
"spectra2724",3398,0.0217415358921162
"spectra2725",3399,0.0217545649275362
"spectra2726",3400,0.0217679851037344
"spectra2727",3401,0.0217912297925311
"spectra2728",3402,0.0218297704149378
"spectra2729",3403,0.021869880746888
"spectra2730",3404,0.0218899459751037
"spectra2731",3405,0.0218829754149378
"spectra2732",3406,0.0218626736099585
"spectra2733",3407,0.0218501689419087
"spectra2734",3408,0.0218566063825364
"spectra2735",3409,0.0218665830705394
"spectra2736",3410,0.0218401641493776
"spectra2737",3411,0.02175574
"spectra2738",3412,0.0216519504347826
"spectra2739",3413,0.0216136170124481
"spectra2740",3414,0.0216773608298755
"spectra2741",3415,0.0217888410580913
"spectra2742",3416,0.0218684768115942
"spectra2743",3417,0.0218876990456432
"spectra2744",3418,0.0218660931950207
"spectra2745",3419,0.0218260229045643
"spectra2746",3420,0.021781469626556
"spectra2747",3421,0.021749551659751
"spectra2748",3422,0.0217411306846473
"spectra2749",3423,0.0217471879875519
"spectra2750",3424,0.0217500920289855
"spectra2751",3425,0.0217407740248963
"spectra2752",3426,0.0217191378008299
"spectra2753",3427,0.0216972762655602
"spectra2754",3428,0.0216997937267081
"spectra2755",3429,0.0217415781950207
"spectra2756",3430,0.02179874406639
"spectra2757",3431,0.0218242459958506
"spectra2758",3432,0.0218018067012448
"spectra2759",3433,0.0217625839004149
"spectra2760",3434,0.021743894813278
"spectra2761",3435,0.0217518685062241
"spectra2762",3436,0.0217730901659751
"spectra2763",3437,0.0217981271933472
"spectra2764",3438,0.0218182395435685
"spectra2765",3439,0.0218189337759336
"spectra2766",3440,0.0217920312033195
"spectra2767",3441,0.0217465923188406
"spectra2768",3442,0.0216973732365145
"spectra2769",3443,0.0216520687551867
"spectra2770",3444,0.0216186628215768
"spectra2771",3445,0.02161297
"spectra2772",3446,0.0216449259958506
"spectra2773",3447,0.021695286846473
"spectra2774",3448,0.0217263047510373
"spectra2775",3449,0.0217311360788382
"spectra2776",3450,0.0217390910373444
"spectra2777",3451,0.0217752480912863
"spectra2778",3452,0.0218272279253112
"spectra2779",3453,0.0218602260248447
"spectra2780",3454,0.0218544709751037
"spectra2781",3455,0.0218188597095436
"spectra2782",3456,0.0217775576763486
"spectra2783",3457,0.0217547209730849
"spectra2784",3458,0.0217623575103734
"spectra2785",3459,0.0217907871784232
"spectra2786",3460,0.021812901659751
"spectra2787",3461,0.0218079241908714
"spectra2788",3462,0.0217765324481328
"spectra2789",3463,0.0217285649585062
"spectra2790",3464,0.0216694553112033
"spectra2791",3465,0.0216088280124224
"spectra2792",3466,0.0215707653941909
"spectra2793",3467,0.0215731448547718
"spectra2794",3468,0.0216077732365145
"spectra2795",3469,0.0216536838923395
"spectra2796",3470,0.0217000524223603
"spectra2797",3471,0.021740115
"spectra2798",3472,0.0217610412863071
"spectra2799",3473,0.0217562811203319
"spectra2800",3474,0.0217407059627329
"spectra2801",3475,0.0217357519087137
"spectra2802",3476,0.0217440194190871
"spectra2803",3477,0.0217474493775934
"spectra2804",3478,0.0217243731055901
"spectra2805",3479,0.0216660543360996
"spectra2806",3480,0.0215921927178423
"spectra2807",3481,0.0215449365560166
"spectra2808",3482,0.0215489639130435
"spectra2809",3483,0.0215800333609959
"spectra2810",3484,0.021595912780083
"spectra2811",3485,0.0215888876763485
"spectra2812",3486,0.021584925320911
"spectra2813",3487,0.0216049534854772
"spectra2814",3488,0.0216452417012448
"spectra2815",3489,0.0216912418879668
"spectra2816",3490,0.021725702593361
"spectra2817",3491,0.0217276981742739
"spectra2818",3492,0.0216884117842324
"spectra2819",3493,0.0216327141078838
"spectra2820",3494,0.0215932463146998
"spectra2821",3495,0.0215745494190871
"spectra2822",3496,0.02155847093361
"spectra2823",3497,0.0215388833195021
"spectra2824",3498,0.0215212745962733
"spectra2825",3499,0.0214996514285714
"spectra2826",3500,0.021462072406639
"spectra2827",3501,0.0214183808298755
"spectra2828",3502,0.0213979110788382
"spectra2829",3503,0.021412774679089
"spectra2830",3504,0.0214437233195021
"spectra2831",3505,0.0214714399377593
"spectra2832",3506,0.0214943889626556
"spectra2833",3507,0.0215168079296066
"spectra2834",3508,0.0215380111203319
"spectra2835",3509,0.021547892780083
"spectra2836",3510,0.0215294126970954
"spectra2837",3511,0.0214892689855072
"spectra2838",3512,0.0214621117842324
"spectra2839",3513,0.0214663253941909
"spectra2840",3514,0.0214742647510373
"spectra2841",3515,0.0214500152173913
"spectra2842",3516,0.0214074198340249
"spectra2843",3517,0.0214010537344398
"spectra2844",3518,0.0214491751037344
"spectra2845",3519,0.0214998744720497
"spectra2846",3520,0.0214902098962656
"spectra2847",3521,0.0214140505809128
"spectra2848",3522,0.021317528692946
"spectra2849",3523,0.0212525015942029
"spectra2850",3524,0.0212335085477178
"spectra2851",3525,0.0212368580082988
"spectra2852",3526,0.0212390094190871
"spectra2853",3527,0.0212472745341615
"spectra2854",3528,0.0212863272256729
"spectra2855",3529,0.0213530449585062
"spectra2856",3530,0.0214106834232365
"spectra2857",3531,0.0214268184647303
"spectra2858",3532,0.0214002393360996
"spectra2859",3533,0.0213505256431535
"spectra2860",3534,0.0213020930705394
"spectra2861",3535,0.0212869377178423
"spectra2862",3536,0.0213306673913043
"spectra2863",3537,0.0214165860580913
"spectra2864",3538,0.021493479253112
"spectra2865",3539,0.0215204252904564
"spectra2866",3540,0.0214882380952381
"spectra2867",3541,0.0214075573029046
"spectra2868",3542,0.0213013957261411
"spectra2869",3543,0.0212101297510373
"spectra2870",3544,0.0211772031055901
"spectra2871",3545,0.0212101060788382
"spectra2872",3546,0.0212686782572614
"spectra2873",3547,0.0213078226970954
"spectra2874",3548,0.0213182024016563
"spectra2875",3549,0.0213096295020747
"spectra2876",3550,0.0212886560580913
"spectra2877",3551,0.0212683316182573
"spectra2878",3552,0.0212626365217391
"spectra2879",3553,0.0212628304564315
"spectra2880",3554,0.0212545867427386
"spectra2881",3555,0.0212450326348548
"spectra2882",3556,0.0212452946583851
"spectra2883",3557,0.0212506518012422
"spectra2884",3558,0.0212473897925311
"spectra2885",3559,0.0212308936929461
"spectra2886",3560,0.0212068676763485
"spectra2887",3561,0.0211777079253112
"spectra2888",3562,0.0211376971991701
"spectra2889",3563,0.0210777944813278
"spectra2890",3564,0.0209925652697095
"spectra2891",3565,0.0209151005590062
"spectra2892",3566,0.020944718340249
"spectra2893",3567,0.0211124187551868
"spectra2894",3568,0.0212637852282157
"spectra2895",3569,0.0213072386335404
"spectra2896",3570,0.0213002467012448
"spectra2897",3571,0.0212950996473029
"spectra2898",3572,0.0213000909543568
"spectra2899",3573,0.0213071134439834
"spectra2900",3574,0.0213187218672199
"spectra2901",3575,0.0213382260580913
"spectra2902",3576,0.0213529893775934
"spectra2903",3577,0.0213518309109731
"spectra2904",3578,0.021347392780083
"spectra2905",3579,0.0213621668049792
"spectra2906",3580,0.021398917406639
"spectra2907",3581,0.0214389185300207
"spectra2908",3582,0.0214620863485477
"spectra2909",3583,0.021455270746888
"spectra2910",3584,0.0214139224481328
"spectra2911",3585,0.0213605030434783
"spectra2912",3586,0.0213783313278008
"spectra2913",3587,0.0215422271576763
"spectra2914",3588,0.0217210038381743
"spectra2915",3589,0.021770615746888
"spectra2916",3590,0.0217427125726141
"spectra2917",3591,0.0217141164315353
"spectra2918",3592,0.02169597593361
"spectra2919",3593,0.021684909626556
"spectra2920",3594,0.0216883599585921
"spectra2921",3595,0.021696847033195
"spectra2922",3596,0.0216890071161826
"spectra2923",3597,0.021665635
"spectra2924",3598,0.0216464748861284
"spectra2925",3599,0.0216448936514523
"spectra2926",3600,0.0216569653941909
"spectra2927",3601,0.0216715427385892
"spectra2928",3602,0.021676645186722
"spectra2929",3603,0.0216602574481328
"spectra2930",3604,0.0216114232572614
"spectra2931",3605,0.0215388673443983
"spectra2932",3606,0.0214801989440994
"spectra2933",3607,0.0214721574273859
"spectra2934",3608,0.021487621120332
"spectra2935",3609,0.0214309043568465
"spectra2936",3610,0.0212675707246377
"spectra2937",3611,0.021061944253112
"spectra2938",3612,0.0209086076556016
"spectra2939",3613,0.0208827100829875
"spectra2940",3614,0.0209491875675676
"spectra2941",3615,0.0210338501659751
"spectra2942",3616,0.0211121172614108
"spectra2943",3617,0.0211929591701245
"spectra2944",3618,0.0212967146887967
"spectra2945",3619,0.0214079095643154
"spectra2946",3620,0.0214790790456431
"spectra2947",3621,0.0215373739834025
"spectra2948",3622,0.0216261735062241
"spectra2949",3623,0.0217145
"spectra2950",3624,0.0217623805394191
"spectra2951",3625,0.0217847240248963
"spectra2952",3626,0.02179744
"spectra2953",3627,0.0217663680705394
"spectra2954",3628,0.0217627519502075
"spectra2955",3629,0.0217936848340249
"spectra2956",3630,0.0216546761410788
"spectra2957",3631,0.0214907628630705
"spectra2958",3632,0.0214486119917012
"spectra2959",3633,0.0214914492946058
"spectra2960",3634,0.02153977406639
"spectra2961",3635,0.0215448766666667
"spectra2962",3636,0.021532049253112
"spectra2963",3637,0.0215398091078838
"spectra2964",3638,0.0215639342738589
"spectra2965",3639,0.0215691042236025
"spectra2966",3640,0.0215366237759336
"spectra2967",3641,0.0214699293360996
"spectra2968",3642,0.021363214813278
"spectra2969",3643,0.0212081193139293
"spectra2970",3644,0.0210247400829875
"spectra2971",3645,0.0208320025518672
"spectra2972",3646,0.0206310333402489
"spectra2973",3647,0.0204321176141079
"spectra2974",3648,0.0202875878838174
"spectra2975",3649,0.0203051556431535
"spectra2976",3650,0.0204894433609958
"spectra2977",3651,0.0206308361825726
"spectra2978",3652,0.0206792775362319
"spectra2979",3653,0.0207369079045643
"spectra2980",3654,0.0208275905186722
"spectra2981",3655,0.0209172631327801
"spectra2982",3656,0.0209679419502075
"spectra2983",3657,0.0209205960995851
"spectra2984",3658,0.0208403735684647
"spectra2985",3659,0.0208241376348548
"spectra2986",3660,0.0208663650829875
"spectra2987",3661,0.020908850373444
"spectra2988",3662,0.0209175746887967
"spectra2989",3663,0.0209046385892116
"spectra2990",3664,0.0208900862939959
"spectra2991",3665,0.0208643395850622
"spectra2992",3666,0.0208008995020747
"spectra2993",3667,0.020688493153527
"spectra2994",3668,0.0205867587759336
"spectra2995",3669,0.0206495234024896
"spectra2996",3670,0.0208500520746888
"spectra2997",3671,0.0208969783817427
"spectra2998",3672,0.0208058781704782
"spectra2999",3673,0.0206871731950208
"spectra3000",3674,0.0205561413278008
"spectra3001",3675,0.0205837839834025
"spectra3002",3676,0.0206394697095436
"spectra3003",3677,0.0205726132365145
"spectra3004",3678,0.0205929469709544
"spectra3005",3679,0.0207266438589212
"spectra3006",3680,0.0208630739419087
"spectra3007",3681,0.0209439760995851
"spectra3008",3682,0.0209931843983403
"spectra3009",3683,0.0210331850207469
"spectra3010",3684,0.0210757760165975
"spectra3011",3685,0.0211275463485477
"spectra3012",3686,0.0211382558506224
"spectra3013",3687,0.0210330124688796
"spectra3014",3688,0.0208636201037344
"spectra3015",3689,0.0207958088381743
"spectra3016",3690,0.0208723707053942
"spectra3017",3691,0.0210020279253112
"spectra3018",3692,0.0210882817012448
"spectra3019",3693,0.0211279851552795
"spectra3020",3694,0.0211794941493776
"spectra3021",3695,0.021258808506224
"spectra3022",3696,0.0213246911410788
"spectra3023",3697,0.0213396197510373
"spectra3024",3698,0.0213085163070539
"spectra3025",3699,0.0212517702074689
"spectra3026",3700,0.0211930719917012
"spectra3027",3701,0.0211803314937759
"spectra3028",3702,0.0212147757883817
"spectra3029",3703,0.0212411634232365
"spectra3030",3704,0.0212421902074689
"spectra3031",3705,0.0212356595031056
"spectra3032",3706,0.0212182600414938
"spectra3033",3707,0.0211537621991701
"spectra3034",3708,0.0210114619917013
"spectra3035",3709,0.020831045987526
"spectra3036",3710,0.020713586846473
"spectra3037",3711,0.0207046805394191
"spectra3038",3712,0.02069157093361
"spectra3039",3713,0.0205991334647303
"spectra3040",3714,0.0205227885062241
"spectra3041",3715,0.0205398104979253
"spectra3042",3716,0.0206327674688797
"spectra3043",3717,0.0207611936099585
"spectra3044",3718,0.0209044061410788
"spectra3045",3719,0.0210363997095436
"spectra3046",3720,0.0211338391286307
"spectra3047",3721,0.0212181343568465
"spectra3048",3722,0.0213260154771784
"spectra3049",3723,0.0214301175103734
"spectra3050",3724,0.0214882865975104
"spectra3051",3725,0.0215240923236515
"spectra3052",3726,0.0215794200414938
"spectra3053",3727,0.0216224050414938
"spectra3054",3728,0.0216131381327801
"spectra3055",3729,0.0215672351659751
"spectra3056",3730,0.0214708323236514
"spectra3057",3731,0.0212769936514523
"spectra3058",3732,0.0209915541493775
"spectra3059",3733,0.0207215236514523
"spectra3060",3734,0.0206387780082988
"spectra3061",3735,0.02083642
"spectra3062",3736,0.0210623407676349
"spectra3063",3737,0.0210548422614108
"spectra3064",3738,0.0209348415384615
"spectra3065",3739,0.0208430180497925
"spectra3066",3740,0.0208174138174274
"spectra3067",3741,0.0208948180497925
"spectra3068",3742,0.0210346448962656
"spectra3069",3743,0.0210654391493776
"spectra3070",3744,0.0208817396058092
"spectra3071",3745,0.0205170526763486
"spectra3072",3746,0.0202517709751037
"spectra3073",3747,0.0202511792946058
"spectra3074",3748,0.020308519253112
"spectra3075",3749,0.0202745484232365
"spectra3076",3750,0.0202622165560166
"spectra3077",3751,0.0203635953526971
"spectra3078",3752,0.0204322132780083
"spectra3079",3753,0.0203776708298755
"spectra3080",3754,0.0203198732365145
"spectra3081",3755,0.0203264654356846
"spectra3082",3756,0.0203243870954357
"spectra3083",3757,0.0202562034439834
"spectra3084",3758,0.0201977291286307
"spectra3085",3759,0.0202536207053942
"spectra3086",3760,0.0203737014522822
"spectra3087",3761,0.0204292848547718
"spectra3088",3762,0.0204311853112033
"spectra3089",3763,0.0204368123651452
"spectra3090",3764,0.0204568380912863
"spectra3091",3765,0.020485243526971
"spectra3092",3766,0.0204950198755187
"spectra3093",3767,0.0204668756756757
"spectra3094",3768,0.0204174025518672
"spectra3095",3769,0.0203997671576764
"spectra3096",3770,0.0204454802904564
"spectra3097",3771,0.0204891057261411
"spectra3098",3772,0.0205045325726141
"spectra3099",3773,0.0205247992946058
"spectra3100",3774,0.0205634098340249
"spectra3101",3775,0.02058254126294
"spectra3102",3776,0.020537593879668
"spectra3103",3777,0.0204484117427386
"spectra3104",3778,0.020404645560166
"spectra3105",3779,0.0204611768879668
"spectra3106",3780,0.0205276743983403
"spectra3107",3781,0.0205191792116183
"spectra3108",3782,0.0204698210788382
"spectra3109",3783,0.0204289502074689
"spectra3110",3784,0.0204292515352697
"spectra3111",3785,0.0204786548755187
"spectra3112",3786,0.0205442138174274
"spectra3113",3787,0.0205933368672199
"spectra3114",3788,0.0206182265560166
"spectra3115",3789,0.0206379223236514
"spectra3116",3790,0.0206584104979253
"spectra3117",3791,0.020652192033195
"spectra3118",3792,0.0206015815560166
"spectra3119",3793,0.0205249623029046
"spectra3120",3794,0.020441242780083
"spectra3121",3795,0.02036393593361
"spectra3122",3796,0.0203342295435685
"spectra3123",3797,0.0203566451037344
"spectra3124",3798,0.0203932614937759
"spectra3125",3799,0.0203833880912863
"spectra3126",3800,0.0203147081081081
"spectra3127",3801,0.0203360564937759
"spectra3128",3802,0.0203938575518672
"spectra3129",3803,0.0203574563692946
"spectra3130",3804,0.0203561067701863
"spectra3131",3805,0.0204080713278008
"spectra3132",3806,0.0204732221161826
"spectra3133",3807,0.020513935186722
"spectra3134",3808,0.0204764342323651
"spectra3135",3809,0.020445541659751
"spectra3136",3810,0.0204637203941909
"spectra3137",3811,0.020492281846473
"spectra3138",3812,0.0205241452074689
"spectra3139",3813,0.0205731596680498
"spectra3140",3814,0.0206002539834025
"spectra3141",3815,0.0205827077593361
"spectra3142",3816,0.0204993452380953
"spectra3143",3817,0.0203284317012448
"spectra3144",3818,0.0201825831742738
"spectra3145",3819,0.0201174439834025
"spectra3146",3820,0.0201799541286307
"spectra3147",3821,0.0203603846473029
"spectra3148",3822,0.0203660462240664
"spectra3149",3823,0.0202380929460581
"spectra3150",3824,0.0201860709128631
"spectra3151",3825,0.0202322025518672
"spectra3152",3826,0.0203422941493776
"spectra3153",3827,0.0204491822821577
"spectra3154",3828,0.0204956082987552
"spectra3155",3829,0.0204798773498965
"spectra3156",3830,0.0204347060165975
"spectra3157",3831,0.0204051993775934
"spectra3158",3832,0.0203974775103734
"spectra3159",3833,0.0203742332919255
"spectra3160",3834,0.0203398546058091
"spectra3161",3835,0.0203177967842324
"spectra3162",3836,0.0202789239004149
"spectra3163",3837,0.0201805265352697
"spectra3164",3838,0.0200819341493776
"spectra3165",3839,0.0200904218257261
"spectra3166",3840,0.020190728340249
"spectra3167",3841,0.0202810379253112
"spectra3168",3842,0.0203146155809129
"spectra3169",3843,0.0203391205809129
"spectra3170",3844,0.0203897478008299
"spectra3171",3845,0.0204228244927536
"spectra3172",3846,0.0204119824481328
"spectra3173",3847,0.0203881709543568
"spectra3174",3848,0.0203892406224066
"spectra3175",3849,0.0204286466804979
"spectra3176",3850,0.0205054946473029
"spectra3177",3851,0.0206033962448133
"spectra3178",3852,0.0207645931120332
"spectra3179",3853,0.0209772615560166
"spectra3180",3854,0.0207692291286307
"spectra3181",3855,0.0203171956846472
"spectra3182",3856,0.0201572561825726
"spectra3183",3857,0.02024975
"spectra3184",3858,0.0203763627329192
"spectra3185",3859,0.0204185826970954
"spectra3186",3860,0.020380105560166
"spectra3187",3861,0.0203067875726141
"spectra3188",3862,0.0202441833333333
"spectra3189",3863,0.0202393
"spectra3190",3864,0.020311807966805
"spectra3191",3865,0.0203714966390041
"spectra3192",3866,0.020344854439834
"spectra3193",3867,0.020296401307054
"spectra3194",3868,0.0202716615767635
"spectra3195",3869,0.0203201527385892
"spectra3196",3870,0.0203797662318841
"spectra3197",3871,0.0202997460580913
"spectra3198",3872,0.0202346013278008
"spectra3199",3873,0.0203098343153527
"spectra3200",3874,0.0204749695652174
"spectra3201",3875,0.0205674730705394
"spectra3202",3876,0.0205494354979253
"spectra3203",3877,0.020479752593361
"spectra3204",3878,0.0203778097925311
"spectra3205",3879,0.0203012798340249
"spectra3206",3880,0.020346039626556
"spectra3207",3881,0.0204479042323651
"spectra3208",3882,0.020503032780083
"spectra3209",3883,0.0205375684232365
"spectra3210",3884,0.0205868711410788
"spectra3211",3885,0.0206681203941909
"spectra3212",3886,0.020688237805383
"spectra3213",3887,0.0206155933333333
"spectra3214",3888,0.0205687934024896
"spectra3215",3889,0.0205614445643154
"spectra3216",3890,0.0205433846473029
"spectra3217",3891,0.0205230564596273
"spectra3218",3892,0.0205069961410788
"spectra3219",3893,0.0204950552904564
"spectra3220",3894,0.020491032219917
"spectra3221",3895,0.020475509626556
"spectra3222",3896,0.0204393467219917
"spectra3223",3897,0.0203990010373444
"spectra3224",3898,0.0203759629045643
"spectra3225",3899,0.0203627605797101
"spectra3226",3900,0.0203156514937759
"spectra3227",3901,0.0202213184647303
"spectra3228",3902,0.0201263621784233
"spectra3229",3903,0.0200981351552795
"spectra3230",3904,0.0201591557676349
"spectra3231",3905,0.02026239406639
"spectra3232",3906,0.0203664225311203
"spectra3233",3907,0.0204543904564315
"spectra3234",3908,0.0205020858506224
"spectra3235",3909,0.0205047092323651
"spectra3236",3910,0.0204929869087137
"spectra3237",3911,0.0204924528571429
"spectra3238",3912,0.0204931259751037
"spectra3239",3913,0.020480156473029
"spectra3240",3914,0.0204609622406639
"spectra3241",3915,0.0204559974120083
"spectra3242",3916,0.0204727104554865
"spectra3243",3917,0.0204881671161826
"spectra3244",3918,0.0204761018049793
"spectra3245",3919,0.0204453602074689
"spectra3246",3920,0.0204070928571429
"spectra3247",3921,0.0203613285062241
"spectra3248",3922,0.020323481120332
"spectra3249",3923,0.0203296729875519
"spectra3250",3924,0.0203990224844721
"spectra3251",3925,0.0204766978630705
"spectra3252",3926,0.0204926223029046
"spectra3253",3927,0.0204516798755187
"spectra3254",3928,0.0203925726708074
"spectra3255",3929,0.0203467578008299
"spectra3256",3930,0.0203350509958506
"spectra3257",3931,0.0203712927385892
"spectra3258",3932,0.0204485804140787
"spectra3259",3933,0.0205247951452282
"spectra3260",3934,0.0205655644813278
"spectra3261",3935,0.0205794884854772
"spectra3262",3936,0.0205901780290456
"spectra3263",3937,0.0206039246473029
"spectra3264",3938,0.0206036229045643
"spectra3265",3939,0.0205737506224066
"spectra3266",3940,0.0205273894409938
"spectra3267",3941,0.0205036036514523
"spectra3268",3942,0.0205268451452282
"spectra3269",3943,0.0205606367634855
"spectra3270",3944,0.0205481156521739
"spectra3271",3945,0.020494028447205
"spectra3272",3946,0.0204425048962656
"spectra3273",3947,0.020430142406639
"spectra3274",3948,0.0204573453526971
"spectra3275",3949,0.0204896346169772
"spectra3276",3950,0.0205046404771784
"spectra3277",3951,0.0205163154979253
"spectra3278",3952,0.0205413074273859
"spectra3279",3953,0.0205741855279503
"spectra3280",3954,0.0205970795020747
"spectra3281",3955,0.020597035186722
"spectra3282",3956,0.0205735620746888
"spectra3283",3957,0.0205354616563147
"spectra3284",3958,0.0204953426556017
"spectra3285",3959,0.0204683067219917
"spectra3286",3960,0.0204674589626556
"spectra3287",3961,0.0204961127329192
"spectra3288",3962,0.0205416351452282
"spectra3289",3963,0.0205839
"spectra3290",3964,0.0206115937759336
"spectra3291",3965,0.0206229308695652
"spectra3292",3966,0.0206167342738589
"spectra3293",3967,0.0205929206639004
"spectra3294",3968,0.0205633161410788
"spectra3295",3969,0.0205473621118012
"spectra3296",3970,0.0205540952697095
"spectra3297",3971,0.0205725397095436
"spectra3298",3972,0.0205839001244813
"spectra3299",3973,0.0205810220289855
"spectra3300",3974,0.0205712197308489
"spectra3301",3975,0.0205655826348548
"spectra3302",3976,0.0205684928838174
"spectra3303",3977,0.0205768892116183
"spectra3304",3978,0.0205867305394191
"spectra3305",3979,0.020594167966805
"spectra3306",3980,0.0205951375103734
"spectra3307",3981,0.0205877159751037
"spectra3308",3982,0.0205795688819876
"spectra3309",3983,0.0205867304771784
"spectra3310",3984,0.0206155252282158
"spectra3311",3985,0.0206455002904564
"spectra3312",3986,0.0206442159627329
"spectra3313",3987,0.0206054342738589
"spectra3314",3988,0.020562027966805
"spectra3315",3989,0.020553123526971
"spectra3316",3990,0.0205829999377593
"spectra3317",3991,0.0206194098755187
"spectra3318",3992,0.0206315884024896
"spectra3319",3993,0.0206181162240664
"spectra3320",3994,0.020599227805383
"spectra3321",3995,0.0205959856846473
"spectra3322",3996,0.0206127821576763
"spectra3323",3997,0.0206365487136929
"spectra3324",3998,0.0206523369565217
"spectra3325",3999,0.0206591551037344
"spectra3326",4000,0.0206657226348548
